{
  "video_name": "0z7J7rOpTic_006011",
  "channel": "CarCrashesTime",
  "num_frames": 119,
  "ignore": false,
  "ego_involve": false,
  "night": false,
  "anomaly_start": 24,
  "anomaly_end": 38,
  "video_start": 6011,
  "video_end": 6129,
  "accident_id": "6",
  "accident_name": "pedestrian",
  "labels": [
    {
      "frame_id": 0,
      "image_path": "frames/0z7J7rOpTic_006011/images/000000.jpg",
      "accident_id": 0,
      "accident_name": "normal",
      "objects": []
    },
    {
      "frame_id": 1,
      "image_path": "frames/0z7J7rOpTic_006011/images/000001.jpg",
      "accident_id": 0,
      "accident_name": "normal",
      "objects": []
    },
    {
      "frame_id": 2,
      "image_path": "frames/0z7J7rOpTic_006011/images/000002.jpg",
      "accident_id": 0,
      "accident_name": "normal",
      "objects": []
    },
    {
      "frame_id": 3,
      "image_path": "frames/0z7J7rOpTic_006011/images/000003.jpg",
      "accident_id": 0,
      "accident_name": "normal",
      "objects": []
    },
    {
      "frame_id": 4,
      "image_path": "frames/0z7J7rOpTic_006011/images/000004.jpg",
      "accident_id": 0,
      "accident_name": "normal",
      "objects": []
    },
    {
      "frame_id": 5,
      "image_path": "frames/0z7J7rOpTic_006011/images/000005.jpg",
      "accident_id": 0,
      "accident_name": "normal",
      "objects": []
    },
    {
      "frame_id": 6,
      "image_path": "frames/0z7J7rOpTic_006011/images/000006.jpg",
      "accident_id": 0,
      "accident_name": "normal",
      "objects": []
    },
    {
      "frame_id": 7,
      "image_path": "frames/0z7J7rOpTic_006011/images/000007.jpg",
      "accident_id": 0,
      "accident_name": "normal",
      "objects": []
    },
    {
      "frame_id": 8,
      "image_path": "frames/0z7J7rOpTic_006011/images/000008.jpg",
      "accident_id": 0,
      "accident_name": "normal",
      "objects": []
    },
    {
      "frame_id": 9,
      "image_path": "frames/0z7J7rOpTic_006011/images/000009.jpg",
      "accident_id": 0,
      "accident_name": "normal",
      "objects": []
    },
    {
      "frame_id": 10,
      "image_path": "frames/0z7J7rOpTic_006011/images/000010.jpg",
      "accident_id": 0,
      "accident_name": "normal",
      "objects": []
    },
    {
      "frame_id": 11,
      "image_path": "frames/0z7J7rOpTic_006011/images/000011.jpg",
      "accident_id": 0,
      "accident_name": "normal",
      "objects": []
    },
    {
      "frame_id": 12,
      "image_path": "frames/0z7J7rOpTic_006011/images/000012.jpg",
      "accident_id": 0,
      "accident_name": "normal",
      "objects": []
    },
    {
      "frame_id": 13,
      "image_path": "frames/0z7J7rOpTic_006011/images/000013.jpg",
      "accident_id": 0,
      "accident_name": "normal",
      "objects": []
    },
    {
      "frame_id": 14,
      "image_path": "frames/0z7J7rOpTic_006011/images/000014.jpg",
      "accident_id": 0,
      "accident_name": "normal",
      "objects": []
    },
    {
      "frame_id": 15,
      "image_path": "frames/0z7J7rOpTic_006011/images/000015.jpg",
      "accident_id": 0,
      "accident_name": "normal",
      "objects": []
    },
    {
      "frame_id": 16,
      "image_path": "frames/0z7J7rOpTic_006011/images/000016.jpg",
      "accident_id": 0,
      "accident_name": "normal",
      "objects": []
    },
    {
      "frame_id": 17,
      "image_path": "frames/0z7J7rOpTic_006011/images/000017.jpg",
      "accident_id": 0,
      "accident_name": "normal",
      "objects": []
    },
    {
      "frame_id": 18,
      "image_path": "frames/0z7J7rOpTic_006011/images/000018.jpg",
      "accident_id": 0,
      "accident_name": "normal",
      "objects": []
    },
    {
      "frame_id": 19,
      "image_path": "frames/0z7J7rOpTic_006011/images/000019.jpg",
      "accident_id": 0,
      "accident_name": "normal",
      "objects": []
    },
    {
      "frame_id": 20,
      "image_path": "frames/0z7J7rOpTic_006011/images/000020.jpg",
      "accident_id": 0,
      "accident_name": "normal",
      "objects": []
    },
    {
      "frame_id": 21,
      "image_path": "frames/0z7J7rOpTic_006011/images/000021.jpg",
      "accident_id": 0,
      "accident_name": "normal",
      "objects": []
    },
    {
      "frame_id": 22,
      "image_path": "frames/0z7J7rOpTic_006011/images/000022.jpg",
      "accident_id": 0,
      "accident_name": "normal",
      "objects": []
    },
    {
      "frame_id": 23,
      "image_path": "frames/0z7J7rOpTic_006011/images/000023.jpg",
      "accident_id": 0,
      "accident_name": "normal",
      "objects": []
    },
    {
      "frame_id": 24,
      "image_path": "frames/0z7J7rOpTic_006011/images/000024.jpg",
      "accident_id": 6,
      "accident_name": "pedestrian",
      "objects": [
        {
          "obj_track_id": 0,
          "bbox": [
            500.65326633165824,
            450.45226130653265,
            570.3015075376884,
            582.5125628140703
          ],
          "category": "person",
          "category ID": 1,
          "trunc": false
        },
        {
          "obj_track_id": 96,
          "bbox": [
            601.9597989949748,
            448.643216080402,
            649.8994974874372,
            549.0452261306532
          ],
          "category": "rider",
          "category ID": 2,
          "trunc": false
        },
        {
          "obj_track_id": 192,
          "bbox": [
            603.7688442211055,
            491.15577889447235,
            643.5678391959799,
            581.608040201005
          ],
          "category": "bike",
          "category ID": 6,
          "trunc": false
        }
      ]
    },
    {
      "frame_id": 25,
      "image_path": "frames/0z7J7rOpTic_006011/images/000025.jpg",
      "accident_id": 6,
      "accident_name": "pedestrian",
      "objects": [
        {
          "obj_track_id": 0,
          "bbox": [
            494.321608040201,
            454.07035175879395,
            581.1557788944723,
            588.8442211055276
          ],
          "category": "person",
          "category ID": 1,
          "trunc": false
        },
        {
          "obj_track_id": 96,
          "bbox": [
            592.0100502512562,
            450.45226130653265,
            639.9497487437186,
            558.0904522613065
          ],
          "category": "rider",
          "category ID": 2,
          "trunc": false
        },
        {
          "obj_track_id": 192,
          "bbox": [
            590.2010050251256,
            492.964824120603,
            639.0452261306532,
            587.9396984924623
          ],
          "category": "bike",
          "category ID": 6,
          "trunc": false
        }
      ]
    },
    {
      "frame_id": 26,
      "image_path": "frames/0z7J7rOpTic_006011/images/000026.jpg",
      "accident_id": 6,
      "accident_name": "pedestrian",
      "objects": [
        {
          "obj_track_id": 0,
          "bbox": [
            507.8894472361809,
            450.45226130653265,
            580.251256281407,
            592.4623115577889
          ],
          "category": "person",
          "category ID": 1,
          "trunc": false
        },
        {
          "obj_track_id": 96,
          "bbox": [
            581.608040201005,
            448.1909547738693,
            630.9045226130654,
            563.9698492462311
          ],
          "category": "rider",
          "category ID": 2,
          "trunc": false
        },
        {
          "obj_track_id": 192,
          "bbox": [
            580.7035175879396,
            492.964824120603,
            628.6432160804019,
            596.0804020100502
          ],
          "category": "bike",
          "category ID": 6,
          "trunc": false
        }
      ]
    },
    {
      "frame_id": 27,
      "image_path": "frames/0z7J7rOpTic_006011/images/000027.jpg",
      "accident_id": 6,
      "accident_name": "pedestrian",
      "objects": [
        {
          "obj_track_id": 0,
          "bbox": [
            532.3115577889447,
            447.73869346733665,
            582.964824120603,
            596.9849246231155
          ],
          "category": "person",
          "category ID": 1,
          "trunc": false
        },
        {
          "obj_track_id": 96,
          "bbox": [
            571.2060301507537,
            445.929648241206,
            621.859296482412,
            569.8492462311557
          ],
          "category": "rider",
          "category ID": 2,
          "trunc": false
        },
        {
          "obj_track_id": 192,
          "bbox": [
            571.2060301507537,
            492.964824120603,
            618.2412060301507,
            604.2211055276382
          ],
          "category": "bike",
          "category ID": 6,
          "trunc": false
        }
      ]
    },
    {
      "frame_id": 28,
      "image_path": "frames/0z7J7rOpTic_006011/images/000028.jpg",
      "accident_id": 6,
      "accident_name": "pedestrian",
      "objects": [
        {
          "obj_track_id": 0,
          "bbox": [
            538.643216080402,
            447.73869346733665,
            582.964824120603,
            596.0804020100502
          ],
          "category": "person",
          "category ID": 1,
          "trunc": true
        },
        {
          "obj_track_id": 96,
          "bbox": [
            571.2060301507537,
            445.929648241206,
            615.5276381909547,
            567.1356783919598
          ],
          "category": "rider",
          "category ID": 2,
          "trunc": false
        },
        {
          "obj_track_id": 192,
          "bbox": [
            554.0201005025125,
            492.964824120603,
            612.8140703517588,
            608.7437185929648
          ],
          "category": "bike",
          "category ID": 6,
          "trunc": false
        }
      ]
    },
    {
      "frame_id": 29,
      "image_path": "frames/0z7J7rOpTic_006011/images/000029.jpg",
      "accident_id": 6,
      "accident_name": "pedestrian",
      "objects": [
        {
          "obj_track_id": 0,
          "bbox": [
            536.8341708542713,
            451.35678391959794,
            576.6331658291457,
            578.894472361809
          ],
          "category": "person",
          "category ID": 1,
          "trunc": true
        },
        {
          "obj_track_id": 96,
          "bbox": [
            561.2562814070351,
            441.40703517587934,
            626.3819095477387,
            574.3718592964824
          ],
          "category": "rider",
          "category ID": 2,
          "trunc": false
        },
        {
          "obj_track_id": 192,
          "bbox": [
            532.3115577889447,
            502.01005025125625,
            615.5276381909547,
            610.5527638190954
          ],
          "category": "bike",
          "category ID": 6,
          "trunc": false
        }
      ]
    },
    {
      "frame_id": 30,
      "image_path": "frames/0z7J7rOpTic_006011/images/000030.jpg",
      "accident_id": 6,
      "accident_name": "pedestrian",
      "objects": [
        {
          "obj_track_id": 0,
          "bbox": [
            527.7889447236181,
            456.7839195979899,
            580.251256281407,
            608.7437185929648
          ],
          "category": "person",
          "category ID": 1,
          "trunc": true
        },
        {
          "obj_track_id": 96,
          "bbox": [
            568.4924623115578,
            447.73869346733665,
            630.9045226130653,
            594.2713567839196
          ],
          "category": "rider",
          "category ID": 2,
          "trunc": false
        },
        {
          "obj_track_id": 192,
          "bbox": [
            523.2663316582914,
            499.29648241206024,
            608.2914572864321,
            616.8844221105527
          ],
          "category": "bike",
          "category ID": 6,
          "trunc": false
        }
      ]
    },
    {
      "frame_id": 31,
      "image_path": "frames/0z7J7rOpTic_006011/images/000031.jpg",
      "accident_id": 6,
      "accident_name": "pedestrian",
      "objects": [
        {
          "obj_track_id": 0,
          "bbox": [
            471.7085427135678,
            463.1155778894472,
            569.3969849246231,
            587.9396984924623
          ],
          "category": "person",
          "category ID": 1,
          "trunc": true
        },
        {
          "obj_track_id": 96,
          "bbox": [
            578.4422110552764,
            454.07035175879395,
            644.4723618090452,
            628.643216080402
          ],
          "category": "rider",
          "category ID": 2,
          "trunc": false
        },
        {
          "obj_track_id": 192,
          "bbox": [
            513.3165829145728,
            505.62814070351754,
            621.859296482412,
            625.0251256281407
          ],
          "category": "bike",
          "category ID": 6,
          "trunc": false
        }
      ]
    },
    {
      "frame_id": 32,
      "image_path": "frames/0z7J7rOpTic_006011/images/000032.jpg",
      "accident_id": 6,
      "accident_name": "pedestrian",
      "objects": [
        {
          "obj_track_id": 0,
          "bbox": [
            465.37688442211055,
            482.11055276381904,
            573.0150753768844,
            620.502512562814
          ],
          "category": "person",
          "category ID": 1,
          "trunc": true
        },
        {
          "obj_track_id": 96,
          "bbox": [
            590.2010050251256,
            459.4974874371859,
            657.1356783919598,
            632.2613065326633
          ],
          "category": "rider",
          "category ID": 2,
          "trunc": false
        },
        {
          "obj_track_id": 192,
          "bbox": [
            516.0301507537688,
            514.6733668341708,
            633.6180904522613,
            620.502512562814
          ],
          "category": "bike",
          "category ID": 6,
          "trunc": false
        }
      ]
    },
    {
      "frame_id": 33,
      "image_path": "frames/0z7J7rOpTic_006011/images/000033.jpg",
      "accident_id": 6,
      "accident_name": "pedestrian",
      "objects": [
        {
          "obj_track_id": 0,
          "bbox": [
            468.0904522613065,
            503.8190954773869,
            563.0653266331658,
            625.929648241206
          ],
          "category": "person",
          "category ID": 1,
          "trunc": true
        },
        {
          "obj_track_id": 96,
          "bbox": [
            563.0653266331658,
            460.40201005025125,
            666.180904522613,
            634.0703517587939
          ],
          "category": "rider",
          "category ID": 2,
          "trunc": false
        },
        {
          "obj_track_id": 192,
          "bbox": [
            542.2613065326633,
            512.8643216080402,
            653.5175879396985,
            627.7386934673366
          ],
          "category": "bike",
          "category ID": 6,
          "trunc": false
        }
      ]
    },
    {
      "frame_id": 34,
      "image_path": "frames/0z7J7rOpTic_006011/images/000034.jpg",
      "accident_id": 6,
      "accident_name": "pedestrian",
      "objects": [
        {
          "obj_track_id": 0,
          "bbox": [
            445.47738693467335,
            524.6231155778894,
            556.7336683417085,
            647.6381909547738
          ],
          "category": "person",
          "category ID": 1,
          "trunc": true
        },
        {
          "obj_track_id": 96,
          "bbox": [
            558.5427135678392,
            454.97487437185924,
            682.4623115577889,
            634.9748743718593
          ],
          "category": "rider",
          "category ID": 2,
          "trunc": false
        },
        {
          "obj_track_id": 192,
          "bbox": [
            565.7788944723618,
            512.8643216080402,
            667.9899497487437,
            640.4020100502512
          ],
          "category": "bike",
          "category ID": 6,
          "trunc": false
        }
      ]
    },
    {
      "frame_id": 35,
      "image_path": "frames/0z7J7rOpTic_006011/images/000035.jpg",
      "accident_id": 6,
      "accident_name": "pedestrian",
      "objects": [
        {
          "obj_track_id": 0,
          "bbox": [
            443.6683417085427,
            535.4773869346733,
            540.4522613065326,
            644.0201005025125
          ],
          "category": "person",
          "category ID": 1,
          "trunc": true
        },
        {
          "obj_track_id": 96,
          "bbox": [
            567.5879396984924,
            456.7839195979899,
            700.5527638190954,
            637.6884422110552
          ],
          "category": "rider",
          "category ID": 2,
          "trunc": false
        },
        {
          "obj_track_id": 192,
          "bbox": [
            550.4020100502512,
            524.6231155778894,
            687.8894472361809,
            656.6834170854271
          ],
          "category": "bike",
          "category ID": 6,
          "trunc": false
        }
      ]
    },
    {
      "frame_id": 36,
      "image_path": "frames/0z7J7rOpTic_006011/images/000036.jpg",
      "accident_id": 6,
      "accident_name": "pedestrian",
      "objects": [
        {
          "obj_track_id": 0,
          "bbox": [
            454.5226130653266,
            548.1407035175879,
            532.3115577889447,
            651.2562814070351
          ],
          "category": "person",
          "category ID": 1,
          "trunc": true
        },
        {
          "obj_track_id": 96,
          "bbox": [
            587.4874371859296,
            471.25628140703515,
            715.929648241206,
            630.4522613065326
          ],
          "category": "rider",
          "category ID": 2,
          "trunc": false
        },
        {
          "obj_track_id": 192,
          "bbox": [
            546.7839195979899,
            569.8492462311557,
            700.5527638190954,
            661.2060301507537
          ],
          "category": "bike",
          "category ID": 6,
          "trunc": false
        }
      ]
    },
    {
      "frame_id": 37,
      "image_path": "frames/0z7J7rOpTic_006011/images/000037.jpg",
      "accident_id": 6,
      "accident_name": "pedestrian",
      "objects": [
        {
          "obj_track_id": 0,
          "bbox": [
            450.9045226130653,
            556.2814070351758,
            525.9798994974874,
            649.4472361809045
          ],
          "category": "person",
          "category ID": 1,
          "trunc": true
        },
        {
          "obj_track_id": 96,
          "bbox": [
            594.7236180904522,
            483.0150753768844,
            726.7839195979899,
            620.502512562814
          ],
          "category": "rider",
          "category ID": 2,
          "trunc": false
        },
        {
          "obj_track_id": 192,
          "bbox": [
            552.2110552763819,
            570.7537688442211,
            707.7889447236181,
            655.7788944723618
          ],
          "category": "bike",
          "category ID": 6,
          "trunc": false
        }
      ]
    },
    {
      "frame_id": 38,
      "image_path": "frames/0z7J7rOpTic_006011/images/000038.jpg",
      "accident_id": 0,
      "accident_name": "normal",
      "objects": []
    },
    {
      "frame_id": 39,
      "image_path": "frames/0z7J7rOpTic_006011/images/000039.jpg",
      "accident_id": 0,
      "accident_name": "normal",
      "objects": []
    },
    {
      "frame_id": 40,
      "image_path": "frames/0z7J7rOpTic_006011/images/000040.jpg",
      "accident_id": 0,
      "accident_name": "normal",
      "objects": []
    },
    {
      "frame_id": 41,
      "image_path": "frames/0z7J7rOpTic_006011/images/000041.jpg",
      "accident_id": 0,
      "accident_name": "normal",
      "objects": []
    },
    {
      "frame_id": 42,
      "image_path": "frames/0z7J7rOpTic_006011/images/000042.jpg",
      "accident_id": 0,
      "accident_name": "normal",
      "objects": []
    },
    {
      "frame_id": 43,
      "image_path": "frames/0z7J7rOpTic_006011/images/000043.jpg",
      "accident_id": 0,
      "accident_name": "normal",
      "objects": []
    },
    {
      "frame_id": 44,
      "image_path": "frames/0z7J7rOpTic_006011/images/000044.jpg",
      "accident_id": 0,
      "accident_name": "normal",
      "objects": []
    },
    {
      "frame_id": 45,
      "image_path": "frames/0z7J7rOpTic_006011/images/000045.jpg",
      "accident_id": 0,
      "accident_name": "normal",
      "objects": []
    },
    {
      "frame_id": 46,
      "image_path": "frames/0z7J7rOpTic_006011/images/000046.jpg",
      "accident_id": 0,
      "accident_name": "normal",
      "objects": []
    },
    {
      "frame_id": 47,
      "image_path": "frames/0z7J7rOpTic_006011/images/000047.jpg",
      "accident_id": 0,
      "accident_name": "normal",
      "objects": []
    },
    {
      "frame_id": 48,
      "image_path": "frames/0z7J7rOpTic_006011/images/000048.jpg",
      "accident_id": 0,
      "accident_name": "normal",
      "objects": []
    },
    {
      "frame_id": 49,
      "image_path": "frames/0z7J7rOpTic_006011/images/000049.jpg",
      "accident_id": 0,
      "accident_name": "normal",
      "objects": []
    },
    {
      "frame_id": 50,
      "image_path": "frames/0z7J7rOpTic_006011/images/000050.jpg",
      "accident_id": 0,
      "accident_name": "normal",
      "objects": []
    },
    {
      "frame_id": 51,
      "image_path": "frames/0z7J7rOpTic_006011/images/000051.jpg",
      "accident_id": 0,
      "accident_name": "normal",
      "objects": []
    },
    {
      "frame_id": 52,
      "image_path": "frames/0z7J7rOpTic_006011/images/000052.jpg",
      "accident_id": 0,
      "accident_name": "normal",
      "objects": []
    },
    {
      "frame_id": 53,
      "image_path": "frames/0z7J7rOpTic_006011/images/000053.jpg",
      "accident_id": 0,
      "accident_name": "normal",
      "objects": []
    },
    {
      "frame_id": 54,
      "image_path": "frames/0z7J7rOpTic_006011/images/000054.jpg",
      "accident_id": 0,
      "accident_name": "normal",
      "objects": []
    },
    {
      "frame_id": 55,
      "image_path": "frames/0z7J7rOpTic_006011/images/000055.jpg",
      "accident_id": 0,
      "accident_name": "normal",
      "objects": []
    },
    {
      "frame_id": 56,
      "image_path": "frames/0z7J7rOpTic_006011/images/000056.jpg",
      "accident_id": 0,
      "accident_name": "normal",
      "objects": []
    },
    {
      "frame_id": 57,
      "image_path": "frames/0z7J7rOpTic_006011/images/000057.jpg",
      "accident_id": 0,
      "accident_name": "normal",
      "objects": []
    },
    {
      "frame_id": 58,
      "image_path": "frames/0z7J7rOpTic_006011/images/000058.jpg",
      "accident_id": 0,
      "accident_name": "normal",
      "objects": []
    },
    {
      "frame_id": 59,
      "image_path": "frames/0z7J7rOpTic_006011/images/000059.jpg",
      "accident_id": 0,
      "accident_name": "normal",
      "objects": []
    },
    {
      "frame_id": 60,
      "image_path": "frames/0z7J7rOpTic_006011/images/000060.jpg",
      "accident_id": 0,
      "accident_name": "normal",
      "objects": []
    },
    {
      "frame_id": 61,
      "image_path": "frames/0z7J7rOpTic_006011/images/000061.jpg",
      "accident_id": 0,
      "accident_name": "normal",
      "objects": []
    },
    {
      "frame_id": 62,
      "image_path": "frames/0z7J7rOpTic_006011/images/000062.jpg",
      "accident_id": 0,
      "accident_name": "normal",
      "objects": []
    },
    {
      "frame_id": 63,
      "image_path": "frames/0z7J7rOpTic_006011/images/000063.jpg",
      "accident_id": 0,
      "accident_name": "normal",
      "objects": []
    },
    {
      "frame_id": 64,
      "image_path": "frames/0z7J7rOpTic_006011/images/000064.jpg",
      "accident_id": 0,
      "accident_name": "normal",
      "objects": []
    },
    {
      "frame_id": 65,
      "image_path": "frames/0z7J7rOpTic_006011/images/000065.jpg",
      "accident_id": 0,
      "accident_name": "normal",
      "objects": []
    },
    {
      "frame_id": 66,
      "image_path": "frames/0z7J7rOpTic_006011/images/000066.jpg",
      "accident_id": 0,
      "accident_name": "normal",
      "objects": []
    },
    {
      "frame_id": 67,
      "image_path": "frames/0z7J7rOpTic_006011/images/000067.jpg",
      "accident_id": 0,
      "accident_name": "normal",
      "objects": []
    },
    {
      "frame_id": 68,
      "image_path": "frames/0z7J7rOpTic_006011/images/000068.jpg",
      "accident_id": 0,
      "accident_name": "normal",
      "objects": []
    },
    {
      "frame_id": 69,
      "image_path": "frames/0z7J7rOpTic_006011/images/000069.jpg",
      "accident_id": 0,
      "accident_name": "normal",
      "objects": []
    },
    {
      "frame_id": 70,
      "image_path": "frames/0z7J7rOpTic_006011/images/000070.jpg",
      "accident_id": 0,
      "accident_name": "normal",
      "objects": []
    },
    {
      "frame_id": 71,
      "image_path": "frames/0z7J7rOpTic_006011/images/000071.jpg",
      "accident_id": 0,
      "accident_name": "normal",
      "objects": []
    },
    {
      "frame_id": 72,
      "image_path": "frames/0z7J7rOpTic_006011/images/000072.jpg",
      "accident_id": 0,
      "accident_name": "normal",
      "objects": []
    },
    {
      "frame_id": 73,
      "image_path": "frames/0z7J7rOpTic_006011/images/000073.jpg",
      "accident_id": 0,
      "accident_name": "normal",
      "objects": []
    },
    {
      "frame_id": 74,
      "image_path": "frames/0z7J7rOpTic_006011/images/000074.jpg",
      "accident_id": 0,
      "accident_name": "normal",
      "objects": []
    },
    {
      "frame_id": 75,
      "image_path": "frames/0z7J7rOpTic_006011/images/000075.jpg",
      "accident_id": 0,
      "accident_name": "normal",
      "objects": []
    },
    {
      "frame_id": 76,
      "image_path": "frames/0z7J7rOpTic_006011/images/000076.jpg",
      "accident_id": 0,
      "accident_name": "normal",
      "objects": []
    },
    {
      "frame_id": 77,
      "image_path": "frames/0z7J7rOpTic_006011/images/000077.jpg",
      "accident_id": 0,
      "accident_name": "normal",
      "objects": []
    },
    {
      "frame_id": 78,
      "image_path": "frames/0z7J7rOpTic_006011/images/000078.jpg",
      "accident_id": 0,
      "accident_name": "normal",
      "objects": []
    },
    {
      "frame_id": 79,
      "image_path": "frames/0z7J7rOpTic_006011/images/000079.jpg",
      "accident_id": 0,
      "accident_name": "normal",
      "objects": []
    },
    {
      "frame_id": 80,
      "image_path": "frames/0z7J7rOpTic_006011/images/000080.jpg",
      "accident_id": 0,
      "accident_name": "normal",
      "objects": []
    },
    {
      "frame_id": 81,
      "image_path": "frames/0z7J7rOpTic_006011/images/000081.jpg",
      "accident_id": 0,
      "accident_name": "normal",
      "objects": []
    },
    {
      "frame_id": 82,
      "image_path": "frames/0z7J7rOpTic_006011/images/000082.jpg",
      "accident_id": 0,
      "accident_name": "normal",
      "objects": []
    },
    {
      "frame_id": 83,
      "image_path": "frames/0z7J7rOpTic_006011/images/000083.jpg",
      "accident_id": 0,
      "accident_name": "normal",
      "objects": []
    },
    {
      "frame_id": 84,
      "image_path": "frames/0z7J7rOpTic_006011/images/000084.jpg",
      "accident_id": 0,
      "accident_name": "normal",
      "objects": []
    },
    {
      "frame_id": 85,
      "image_path": "frames/0z7J7rOpTic_006011/images/000085.jpg",
      "accident_id": 0,
      "accident_name": "normal",
      "objects": []
    },
    {
      "frame_id": 86,
      "image_path": "frames/0z7J7rOpTic_006011/images/000086.jpg",
      "accident_id": 0,
      "accident_name": "normal",
      "objects": []
    },
    {
      "frame_id": 87,
      "image_path": "frames/0z7J7rOpTic_006011/images/000087.jpg",
      "accident_id": 0,
      "accident_name": "normal",
      "objects": []
    },
    {
      "frame_id": 88,
      "image_path": "frames/0z7J7rOpTic_006011/images/000088.jpg",
      "accident_id": 0,
      "accident_name": "normal",
      "objects": []
    },
    {
      "frame_id": 89,
      "image_path": "frames/0z7J7rOpTic_006011/images/000089.jpg",
      "accident_id": 0,
      "accident_name": "normal",
      "objects": []
    },
    {
      "frame_id": 90,
      "image_path": "frames/0z7J7rOpTic_006011/images/000090.jpg",
      "accident_id": 0,
      "accident_name": "normal",
      "objects": []
    },
    {
      "frame_id": 91,
      "image_path": "frames/0z7J7rOpTic_006011/images/000091.jpg",
      "accident_id": 0,
      "accident_name": "normal",
      "objects": []
    },
    {
      "frame_id": 92,
      "image_path": "frames/0z7J7rOpTic_006011/images/000092.jpg",
      "accident_id": 0,
      "accident_name": "normal",
      "objects": []
    },
    {
      "frame_id": 93,
      "image_path": "frames/0z7J7rOpTic_006011/images/000093.jpg",
      "accident_id": 0,
      "accident_name": "normal",
      "objects": []
    },
    {
      "frame_id": 94,
      "image_path": "frames/0z7J7rOpTic_006011/images/000094.jpg",
      "accident_id": 0,
      "accident_name": "normal",
      "objects": []
    },
    {
      "frame_id": 95,
      "image_path": "frames/0z7J7rOpTic_006011/images/000095.jpg",
      "accident_id": 0,
      "accident_name": "normal",
      "objects": []
    },
    {
      "frame_id": 96,
      "image_path": "frames/0z7J7rOpTic_006011/images/000096.jpg",
      "accident_id": 0,
      "accident_name": "normal",
      "objects": []
    },
    {
      "frame_id": 97,
      "image_path": "frames/0z7J7rOpTic_006011/images/000097.jpg",
      "accident_id": 0,
      "accident_name": "normal",
      "objects": []
    },
    {
      "frame_id": 98,
      "image_path": "frames/0z7J7rOpTic_006011/images/000098.jpg",
      "accident_id": 0,
      "accident_name": "normal",
      "objects": []
    },
    {
      "frame_id": 99,
      "image_path": "frames/0z7J7rOpTic_006011/images/000099.jpg",
      "accident_id": 0,
      "accident_name": "normal",
      "objects": []
    },
    {
      "frame_id": 100,
      "image_path": "frames/0z7J7rOpTic_006011/images/000100.jpg",
      "accident_id": 0,
      "accident_name": "normal",
      "objects": []
    },
    {
      "frame_id": 101,
      "image_path": "frames/0z7J7rOpTic_006011/images/000101.jpg",
      "accident_id": 0,
      "accident_name": "normal",
      "objects": []
    },
    {
      "frame_id": 102,
      "image_path": "frames/0z7J7rOpTic_006011/images/000102.jpg",
      "accident_id": 0,
      "accident_name": "normal",
      "objects": []
    },
    {
      "frame_id": 103,
      "image_path": "frames/0z7J7rOpTic_006011/images/000103.jpg",
      "accident_id": 0,
      "accident_name": "normal",
      "objects": []
    },
    {
      "frame_id": 104,
      "image_path": "frames/0z7J7rOpTic_006011/images/000104.jpg",
      "accident_id": 0,
      "accident_name": "normal",
      "objects": []
    },
    {
      "frame_id": 105,
      "image_path": "frames/0z7J7rOpTic_006011/images/000105.jpg",
      "accident_id": 0,
      "accident_name": "normal",
      "objects": []
    },
    {
      "frame_id": 106,
      "image_path": "frames/0z7J7rOpTic_006011/images/000106.jpg",
      "accident_id": 0,
      "accident_name": "normal",
      "objects": []
    },
    {
      "frame_id": 107,
      "image_path": "frames/0z7J7rOpTic_006011/images/000107.jpg",
      "accident_id": 0,
      "accident_name": "normal",
      "objects": []
    },
    {
      "frame_id": 108,
      "image_path": "frames/0z7J7rOpTic_006011/images/000108.jpg",
      "accident_id": 0,
      "accident_name": "normal",
      "objects": []
    },
    {
      "frame_id": 109,
      "image_path": "frames/0z7J7rOpTic_006011/images/000109.jpg",
      "accident_id": 0,
      "accident_name": "normal",
      "objects": []
    },
    {
      "frame_id": 110,
      "image_path": "frames/0z7J7rOpTic_006011/images/000110.jpg",
      "accident_id": 0,
      "accident_name": "normal",
      "objects": []
    },
    {
      "frame_id": 111,
      "image_path": "frames/0z7J7rOpTic_006011/images/000111.jpg",
      "accident_id": 0,
      "accident_name": "normal",
      "objects": []
    },
    {
      "frame_id": 112,
      "image_path": "frames/0z7J7rOpTic_006011/images/000112.jpg",
      "accident_id": 0,
      "accident_name": "normal",
      "objects": []
    },
    {
      "frame_id": 113,
      "image_path": "frames/0z7J7rOpTic_006011/images/000113.jpg",
      "accident_id": 0,
      "accident_name": "normal",
      "objects": []
    },
    {
      "frame_id": 114,
      "image_path": "frames/0z7J7rOpTic_006011/images/000114.jpg",
      "accident_id": 0,
      "accident_name": "normal",
      "objects": []
    },
    {
      "frame_id": 115,
      "image_path": "frames/0z7J7rOpTic_006011/images/000115.jpg",
      "accident_id": 0,
      "accident_name": "normal",
      "objects": []
    },
    {
      "frame_id": 116,
      "image_path": "frames/0z7J7rOpTic_006011/images/000116.jpg",
      "accident_id": 0,
      "accident_name": "normal",
      "objects": []
    },
    {
      "frame_id": 117,
      "image_path": "frames/0z7J7rOpTic_006011/images/000117.jpg",
      "accident_id": 0,
      "accident_name": "normal",
      "objects": []
    },
    {
      "frame_id": 118,
      "image_path": "frames/0z7J7rOpTic_006011/images/000118.jpg",
      "accident_id": 0,
      "accident_name": "normal",
      "objects": []
    }
  ]
}