{
  "video_name": "2SAby_5t94M_001932",
  "channel": "AnAn",
  "num_frames": 88,
  "ignore": false,
  "ego_involve": true,
  "night": true,
  "anomaly_start": 26,
  "anomaly_end": 55,
  "video_start": 1932,
  "video_end": 2019,
  "accident_id": "6",
  "accident_name": "pedestrian",
  "labels": [
    {
      "frame_id": 0,
      "image_path": "frames/2SAby_5t94M_001932/images/000000.jpg",
      "accident_id": 0,
      "accident_name": "normal",
      "objects": []
    },
    {
      "frame_id": 1,
      "image_path": "frames/2SAby_5t94M_001932/images/000001.jpg",
      "accident_id": 0,
      "accident_name": "normal",
      "objects": []
    },
    {
      "frame_id": 2,
      "image_path": "frames/2SAby_5t94M_001932/images/000002.jpg",
      "accident_id": 0,
      "accident_name": "normal",
      "objects": []
    },
    {
      "frame_id": 3,
      "image_path": "frames/2SAby_5t94M_001932/images/000003.jpg",
      "accident_id": 0,
      "accident_name": "normal",
      "objects": []
    },
    {
      "frame_id": 4,
      "image_path": "frames/2SAby_5t94M_001932/images/000004.jpg",
      "accident_id": 0,
      "accident_name": "normal",
      "objects": []
    },
    {
      "frame_id": 5,
      "image_path": "frames/2SAby_5t94M_001932/images/000005.jpg",
      "accident_id": 0,
      "accident_name": "normal",
      "objects": []
    },
    {
      "frame_id": 6,
      "image_path": "frames/2SAby_5t94M_001932/images/000006.jpg",
      "accident_id": 0,
      "accident_name": "normal",
      "objects": []
    },
    {
      "frame_id": 7,
      "image_path": "frames/2SAby_5t94M_001932/images/000007.jpg",
      "accident_id": 0,
      "accident_name": "normal",
      "objects": []
    },
    {
      "frame_id": 8,
      "image_path": "frames/2SAby_5t94M_001932/images/000008.jpg",
      "accident_id": 0,
      "accident_name": "normal",
      "objects": []
    },
    {
      "frame_id": 9,
      "image_path": "frames/2SAby_5t94M_001932/images/000009.jpg",
      "accident_id": 0,
      "accident_name": "normal",
      "objects": []
    },
    {
      "frame_id": 10,
      "image_path": "frames/2SAby_5t94M_001932/images/000010.jpg",
      "accident_id": 0,
      "accident_name": "normal",
      "objects": []
    },
    {
      "frame_id": 11,
      "image_path": "frames/2SAby_5t94M_001932/images/000011.jpg",
      "accident_id": 0,
      "accident_name": "normal",
      "objects": []
    },
    {
      "frame_id": 12,
      "image_path": "frames/2SAby_5t94M_001932/images/000012.jpg",
      "accident_id": 0,
      "accident_name": "normal",
      "objects": []
    },
    {
      "frame_id": 13,
      "image_path": "frames/2SAby_5t94M_001932/images/000013.jpg",
      "accident_id": 0,
      "accident_name": "normal",
      "objects": []
    },
    {
      "frame_id": 14,
      "image_path": "frames/2SAby_5t94M_001932/images/000014.jpg",
      "accident_id": 0,
      "accident_name": "normal",
      "objects": []
    },
    {
      "frame_id": 15,
      "image_path": "frames/2SAby_5t94M_001932/images/000015.jpg",
      "accident_id": 0,
      "accident_name": "normal",
      "objects": []
    },
    {
      "frame_id": 16,
      "image_path": "frames/2SAby_5t94M_001932/images/000016.jpg",
      "accident_id": 0,
      "accident_name": "normal",
      "objects": []
    },
    {
      "frame_id": 17,
      "image_path": "frames/2SAby_5t94M_001932/images/000017.jpg",
      "accident_id": 0,
      "accident_name": "normal",
      "objects": []
    },
    {
      "frame_id": 18,
      "image_path": "frames/2SAby_5t94M_001932/images/000018.jpg",
      "accident_id": 0,
      "accident_name": "normal",
      "objects": []
    },
    {
      "frame_id": 19,
      "image_path": "frames/2SAby_5t94M_001932/images/000019.jpg",
      "accident_id": 0,
      "accident_name": "normal",
      "objects": []
    },
    {
      "frame_id": 20,
      "image_path": "frames/2SAby_5t94M_001932/images/000020.jpg",
      "accident_id": 0,
      "accident_name": "normal",
      "objects": []
    },
    {
      "frame_id": 21,
      "image_path": "frames/2SAby_5t94M_001932/images/000021.jpg",
      "accident_id": 0,
      "accident_name": "normal",
      "objects": []
    },
    {
      "frame_id": 22,
      "image_path": "frames/2SAby_5t94M_001932/images/000022.jpg",
      "accident_id": 0,
      "accident_name": "normal",
      "objects": []
    },
    {
      "frame_id": 23,
      "image_path": "frames/2SAby_5t94M_001932/images/000023.jpg",
      "accident_id": 0,
      "accident_name": "normal",
      "objects": []
    },
    {
      "frame_id": 24,
      "image_path": "frames/2SAby_5t94M_001932/images/000024.jpg",
      "accident_id": 0,
      "accident_name": "normal",
      "objects": []
    },
    {
      "frame_id": 25,
      "image_path": "frames/2SAby_5t94M_001932/images/000025.jpg",
      "accident_id": 0,
      "accident_name": "normal",
      "objects": []
    },
    {
      "frame_id": 26,
      "image_path": "frames/2SAby_5t94M_001932/images/000026.jpg",
      "accident_id": 6,
      "accident_name": "pedestrian",
      "objects": [
        {
          "obj_track_id": 0,
          "bbox": [
            607.7922077922078,
            400.48367593712214,
            652.0918984280532,
            499.7402597402597
          ],
          "category": "person",
          "category ID": 1,
          "trunc": false
        }
      ]
    },
    {
      "frame_id": 27,
      "image_path": "frames/2SAby_5t94M_001932/images/000027.jpg",
      "accident_id": 6,
      "accident_name": "pedestrian",
      "objects": [
        {
          "obj_track_id": 0,
          "bbox": [
            600.5194805194805,
            401.038961038961,
            644.1558441558442,
            512.2077922077922
          ],
          "category": "person",
          "category ID": 1,
          "trunc": false
        }
      ]
    },
    {
      "frame_id": 28,
      "image_path": "frames/2SAby_5t94M_001932/images/000028.jpg",
      "accident_id": 6,
      "accident_name": "pedestrian",
      "objects": [
        {
          "obj_track_id": 0,
          "bbox": [
            587.0129870129871,
            396.8831168831169,
            641.038961038961,
            522.5974025974026
          ],
          "category": "person",
          "category ID": 1,
          "trunc": false
        }
      ]
    },
    {
      "frame_id": 29,
      "image_path": "frames/2SAby_5t94M_001932/images/000029.jpg",
      "accident_id": 6,
      "accident_name": "pedestrian",
      "objects": [
        {
          "obj_track_id": 0,
          "bbox": [
            572.4675324675325,
            396.8831168831169,
            633.7662337662338,
            542.3376623376623
          ],
          "category": "person",
          "category ID": 1,
          "trunc": false
        }
      ]
    },
    {
      "frame_id": 30,
      "image_path": "frames/2SAby_5t94M_001932/images/000030.jpg",
      "accident_id": 6,
      "accident_name": "pedestrian",
      "objects": [
        {
          "obj_track_id": 0,
          "bbox": [
            560,
            395.8441558441558,
            634.8051948051948,
            566.2337662337662
          ],
          "category": "person",
          "category ID": 1,
          "trunc": false
        }
      ]
    },
    {
      "frame_id": 31,
      "image_path": "frames/2SAby_5t94M_001932/images/000031.jpg",
      "accident_id": 6,
      "accident_name": "pedestrian",
      "objects": [
        {
          "obj_track_id": 0,
          "bbox": [
            545.4545454545455,
            385.45454545454544,
            632.7272727272727,
            585.974025974026
          ],
          "category": "person",
          "category ID": 1,
          "trunc": false
        }
      ]
    },
    {
      "frame_id": 32,
      "image_path": "frames/2SAby_5t94M_001932/images/000032.jpg",
      "accident_id": 6,
      "accident_name": "pedestrian",
      "objects": [
        {
          "obj_track_id": 0,
          "bbox": [
            525.7142857142857,
            370.9090909090909,
            627.5324675324675,
            591.1688311688312
          ],
          "category": "person",
          "category ID": 1,
          "trunc": true
        }
      ]
    },
    {
      "frame_id": 33,
      "image_path": "frames/2SAby_5t94M_001932/images/000033.jpg",
      "accident_id": 6,
      "accident_name": "pedestrian",
      "objects": [
        {
          "obj_track_id": 0,
          "bbox": [
            493.5064935064935,
            360.5194805194805,
            625.4545454545455,
            593.2467532467532
          ],
          "category": "person",
          "category ID": 1,
          "trunc": true
        }
      ]
    },
    {
      "frame_id": 34,
      "image_path": "frames/2SAby_5t94M_001932/images/000034.jpg",
      "accident_id": 6,
      "accident_name": "pedestrian",
      "objects": [
        {
          "obj_track_id": 0,
          "bbox": [
            436.3636363636364,
            352.2077922077922,
            644.1558441558442,
            595.3246753246754
          ],
          "category": "person",
          "category ID": 1,
          "trunc": true
        }
      ]
    },
    {
      "frame_id": 35,
      "image_path": "frames/2SAby_5t94M_001932/images/000035.jpg",
      "accident_id": 6,
      "accident_name": "pedestrian",
      "objects": [
        {
          "obj_track_id": 0,
          "bbox": [
            386.49350649350646,
            316.8831168831169,
            651.4285714285714,
            600.5194805194805
          ],
          "category": "person",
          "category ID": 1,
          "trunc": true
        }
      ]
    },
    {
      "frame_id": 36,
      "image_path": "frames/2SAby_5t94M_001932/images/000036.jpg",
      "accident_id": 6,
      "accident_name": "pedestrian",
      "objects": [
        {
          "obj_track_id": 0,
          "bbox": [
            301.2987012987013,
            305.45454545454544,
            573.5064935064935,
            600.5194805194805
          ],
          "category": "person",
          "category ID": 1,
          "trunc": true
        }
      ]
    },
    {
      "frame_id": 37,
      "image_path": "frames/2SAby_5t94M_001932/images/000037.jpg",
      "accident_id": 6,
      "accident_name": "pedestrian",
      "objects": [
        {
          "obj_track_id": 0,
          "bbox": [
            274.2857142857143,
            349.09090909090907,
            573.5064935064935,
            600.5194805194805
          ],
          "category": "person",
          "category ID": 1,
          "trunc": true
        }
      ]
    },
    {
      "frame_id": 38,
      "image_path": "frames/2SAby_5t94M_001932/images/000038.jpg",
      "accident_id": 6,
      "accident_name": "pedestrian",
      "objects": [
        {
          "obj_track_id": 0,
          "bbox": [
            274.2857142857143,
            339.7402597402597,
            581.8181818181818,
            600.5194805194805
          ],
          "category": "person",
          "category ID": 1,
          "trunc": true
        }
      ]
    },
    {
      "frame_id": 39,
      "image_path": "frames/2SAby_5t94M_001932/images/000039.jpg",
      "accident_id": 6,
      "accident_name": "pedestrian",
      "objects": [
        {
          "obj_track_id": 0,
          "bbox": [
            264.93506493506493,
            337.6623376623377,
            582.8571428571429,
            591.1688311688312
          ],
          "category": "person",
          "category ID": 1,
          "trunc": true
        }
      ]
    },
    {
      "frame_id": 40,
      "image_path": "frames/2SAby_5t94M_001932/images/000040.jpg",
      "accident_id": 6,
      "accident_name": "pedestrian",
      "objects": [
        {
          "obj_track_id": 0,
          "bbox": [
            291.94805194805195,
            333.5064935064935,
            582.8571428571429,
            591.1688311688312
          ],
          "category": "person",
          "category ID": 1,
          "trunc": true
        }
      ]
    },
    {
      "frame_id": 41,
      "image_path": "frames/2SAby_5t94M_001932/images/000041.jpg",
      "accident_id": 6,
      "accident_name": "pedestrian",
      "objects": [
        {
          "obj_track_id": 0,
          "bbox": [
            309.6103896103896,
            340.7792207792208,
            576.6233766233767,
            591.1688311688312
          ],
          "category": "person",
          "category ID": 1,
          "trunc": true
        }
      ]
    },
    {
      "frame_id": 42,
      "image_path": "frames/2SAby_5t94M_001932/images/000042.jpg",
      "accident_id": 6,
      "accident_name": "pedestrian",
      "objects": [
        {
          "obj_track_id": 0,
          "bbox": [
            312.72727272727275,
            391.68831168831167,
            563.1168831168831,
            594.2857142857142
          ],
          "category": "person",
          "category ID": 1,
          "trunc": true
        }
      ]
    },
    {
      "frame_id": 43,
      "image_path": "frames/2SAby_5t94M_001932/images/000043.jpg",
      "accident_id": 6,
      "accident_name": "pedestrian",
      "objects": [
        {
          "obj_track_id": 0,
          "bbox": [
            384.4155844155844,
            438.4415584415584,
            589.0909090909091,
            594.2857142857142
          ],
          "category": "person",
          "category ID": 1,
          "trunc": true
        }
      ]
    },
    {
      "frame_id": 44,
      "image_path": "frames/2SAby_5t94M_001932/images/000044.jpg",
      "accident_id": 6,
      "accident_name": "pedestrian",
      "objects": [
        {
          "obj_track_id": 0,
          "bbox": [
            405.1948051948052,
            482.07792207792204,
            606.7532467532467,
            589.0909090909091
          ],
          "category": "person",
          "category ID": 1,
          "trunc": true
        }
      ]
    },
    {
      "frame_id": 45,
      "image_path": "frames/2SAby_5t94M_001932/images/000045.jpg",
      "accident_id": 6,
      "accident_name": "pedestrian",
      "objects": [
        {
          "obj_track_id": 0,
          "bbox": [
            429.09090909090907,
            514.2857142857142,
            590.1298701298701,
            589.0909090909091
          ],
          "category": "person",
          "category ID": 1,
          "trunc": true
        }
      ]
    },
    {
      "frame_id": 46,
      "image_path": "frames/2SAby_5t94M_001932/images/000046.jpg",
      "accident_id": 6,
      "accident_name": "pedestrian",
      "objects": [
        {
          "obj_track_id": 0,
          "bbox": [
            434.2857142857143,
            517.4025974025974,
            588.051948051948,
            589.0909090909091
          ],
          "category": "person",
          "category ID": 1,
          "trunc": true
        }
      ]
    },
    {
      "frame_id": 47,
      "image_path": "frames/2SAby_5t94M_001932/images/000047.jpg",
      "accident_id": 6,
      "accident_name": "pedestrian",
      "objects": [
        {
          "obj_track_id": 0,
          "bbox": [
            434.2857142857143,
            496.6233766233766,
            635.8441558441558,
            589.0909090909091
          ],
          "category": "person",
          "category ID": 1,
          "trunc": true
        }
      ]
    },
    {
      "frame_id": 48,
      "image_path": "frames/2SAby_5t94M_001932/images/000048.jpg",
      "accident_id": 6,
      "accident_name": "pedestrian",
      "objects": [
        {
          "obj_track_id": 0,
          "bbox": [
            438.4415584415584,
            472.7272727272727,
            669.0909090909091,
            589.0909090909091
          ],
          "category": "person",
          "category ID": 1,
          "trunc": true
        }
      ]
    },
    {
      "frame_id": 49,
      "image_path": "frames/2SAby_5t94M_001932/images/000049.jpg",
      "accident_id": 6,
      "accident_name": "pedestrian",
      "objects": [
        {
          "obj_track_id": 0,
          "bbox": [
            430.12987012987014,
            448.83116883116884,
            643.1168831168831,
            589.0909090909091
          ],
          "category": "person",
          "category ID": 1,
          "trunc": true
        }
      ]
    },
    {
      "frame_id": 50,
      "image_path": "frames/2SAby_5t94M_001932/images/000050.jpg",
      "accident_id": 6,
      "accident_name": "pedestrian",
      "objects": [
        {
          "obj_track_id": 0,
          "bbox": [
            429.09090909090907,
            447.79220779220776,
            619.2207792207791,
            589.0909090909091
          ],
          "category": "person",
          "category ID": 1,
          "trunc": true
        }
      ]
    },
    {
      "frame_id": 51,
      "image_path": "frames/2SAby_5t94M_001932/images/000051.jpg",
      "accident_id": 6,
      "accident_name": "pedestrian",
      "objects": [
        {
          "obj_track_id": 0,
          "bbox": [
            437.4025974025974,
            431.16883116883116,
            619.2207792207791,
            589.0909090909091
          ],
          "category": "person",
          "category ID": 1,
          "trunc": true
        }
      ]
    },
    {
      "frame_id": 52,
      "image_path": "frames/2SAby_5t94M_001932/images/000052.jpg",
      "accident_id": 6,
      "accident_name": "pedestrian",
      "objects": [
        {
          "obj_track_id": 0,
          "bbox": [
            464.4155844155844,
            422.85714285714283,
            621.2987012987013,
            589.0909090909091
          ],
          "category": "person",
          "category ID": 1,
          "trunc": true
        }
      ]
    },
    {
      "frame_id": 53,
      "image_path": "frames/2SAby_5t94M_001932/images/000053.jpg",
      "accident_id": 6,
      "accident_name": "pedestrian",
      "objects": [
        {
          "obj_track_id": 0,
          "bbox": [
            452.987012987013,
            418.7012987012987,
            643.1168831168831,
            589.0909090909091
          ],
          "category": "person",
          "category ID": 1,
          "trunc": true
        }
      ]
    },
    {
      "frame_id": 54,
      "image_path": "frames/2SAby_5t94M_001932/images/000054.jpg",
      "accident_id": 6,
      "accident_name": "pedestrian",
      "objects": [
        {
          "obj_track_id": 0,
          "bbox": [
            445.7142857142857,
            424.93506493506493,
            663.8961038961039,
            589.0909090909091
          ],
          "category": "person",
          "category ID": 1,
          "trunc": true
        }
      ]
    },
    {
      "frame_id": 55,
      "image_path": "frames/2SAby_5t94M_001932/images/000055.jpg",
      "accident_id": 0,
      "accident_name": "normal",
      "objects": []
    },
    {
      "frame_id": 56,
      "image_path": "frames/2SAby_5t94M_001932/images/000056.jpg",
      "accident_id": 0,
      "accident_name": "normal",
      "objects": []
    },
    {
      "frame_id": 57,
      "image_path": "frames/2SAby_5t94M_001932/images/000057.jpg",
      "accident_id": 0,
      "accident_name": "normal",
      "objects": []
    },
    {
      "frame_id": 58,
      "image_path": "frames/2SAby_5t94M_001932/images/000058.jpg",
      "accident_id": 0,
      "accident_name": "normal",
      "objects": []
    },
    {
      "frame_id": 59,
      "image_path": "frames/2SAby_5t94M_001932/images/000059.jpg",
      "accident_id": 0,
      "accident_name": "normal",
      "objects": []
    },
    {
      "frame_id": 60,
      "image_path": "frames/2SAby_5t94M_001932/images/000060.jpg",
      "accident_id": 0,
      "accident_name": "normal",
      "objects": []
    },
    {
      "frame_id": 61,
      "image_path": "frames/2SAby_5t94M_001932/images/000061.jpg",
      "accident_id": 0,
      "accident_name": "normal",
      "objects": []
    },
    {
      "frame_id": 62,
      "image_path": "frames/2SAby_5t94M_001932/images/000062.jpg",
      "accident_id": 0,
      "accident_name": "normal",
      "objects": []
    },
    {
      "frame_id": 63,
      "image_path": "frames/2SAby_5t94M_001932/images/000063.jpg",
      "accident_id": 0,
      "accident_name": "normal",
      "objects": []
    },
    {
      "frame_id": 64,
      "image_path": "frames/2SAby_5t94M_001932/images/000064.jpg",
      "accident_id": 0,
      "accident_name": "normal",
      "objects": []
    },
    {
      "frame_id": 65,
      "image_path": "frames/2SAby_5t94M_001932/images/000065.jpg",
      "accident_id": 0,
      "accident_name": "normal",
      "objects": []
    },
    {
      "frame_id": 66,
      "image_path": "frames/2SAby_5t94M_001932/images/000066.jpg",
      "accident_id": 0,
      "accident_name": "normal",
      "objects": []
    },
    {
      "frame_id": 67,
      "image_path": "frames/2SAby_5t94M_001932/images/000067.jpg",
      "accident_id": 0,
      "accident_name": "normal",
      "objects": []
    },
    {
      "frame_id": 68,
      "image_path": "frames/2SAby_5t94M_001932/images/000068.jpg",
      "accident_id": 0,
      "accident_name": "normal",
      "objects": []
    },
    {
      "frame_id": 69,
      "image_path": "frames/2SAby_5t94M_001932/images/000069.jpg",
      "accident_id": 0,
      "accident_name": "normal",
      "objects": []
    },
    {
      "frame_id": 70,
      "image_path": "frames/2SAby_5t94M_001932/images/000070.jpg",
      "accident_id": 0,
      "accident_name": "normal",
      "objects": []
    },
    {
      "frame_id": 71,
      "image_path": "frames/2SAby_5t94M_001932/images/000071.jpg",
      "accident_id": 0,
      "accident_name": "normal",
      "objects": []
    },
    {
      "frame_id": 72,
      "image_path": "frames/2SAby_5t94M_001932/images/000072.jpg",
      "accident_id": 0,
      "accident_name": "normal",
      "objects": []
    },
    {
      "frame_id": 73,
      "image_path": "frames/2SAby_5t94M_001932/images/000073.jpg",
      "accident_id": 0,
      "accident_name": "normal",
      "objects": []
    },
    {
      "frame_id": 74,
      "image_path": "frames/2SAby_5t94M_001932/images/000074.jpg",
      "accident_id": 0,
      "accident_name": "normal",
      "objects": []
    },
    {
      "frame_id": 75,
      "image_path": "frames/2SAby_5t94M_001932/images/000075.jpg",
      "accident_id": 0,
      "accident_name": "normal",
      "objects": []
    },
    {
      "frame_id": 76,
      "image_path": "frames/2SAby_5t94M_001932/images/000076.jpg",
      "accident_id": 0,
      "accident_name": "normal",
      "objects": []
    },
    {
      "frame_id": 77,
      "image_path": "frames/2SAby_5t94M_001932/images/000077.jpg",
      "accident_id": 0,
      "accident_name": "normal",
      "objects": []
    },
    {
      "frame_id": 78,
      "image_path": "frames/2SAby_5t94M_001932/images/000078.jpg",
      "accident_id": 0,
      "accident_name": "normal",
      "objects": []
    },
    {
      "frame_id": 79,
      "image_path": "frames/2SAby_5t94M_001932/images/000079.jpg",
      "accident_id": 0,
      "accident_name": "normal",
      "objects": []
    },
    {
      "frame_id": 80,
      "image_path": "frames/2SAby_5t94M_001932/images/000080.jpg",
      "accident_id": 0,
      "accident_name": "normal",
      "objects": []
    },
    {
      "frame_id": 81,
      "image_path": "frames/2SAby_5t94M_001932/images/000081.jpg",
      "accident_id": 0,
      "accident_name": "normal",
      "objects": []
    },
    {
      "frame_id": 82,
      "image_path": "frames/2SAby_5t94M_001932/images/000082.jpg",
      "accident_id": 0,
      "accident_name": "normal",
      "objects": []
    },
    {
      "frame_id": 83,
      "image_path": "frames/2SAby_5t94M_001932/images/000083.jpg",
      "accident_id": 0,
      "accident_name": "normal",
      "objects": []
    },
    {
      "frame_id": 84,
      "image_path": "frames/2SAby_5t94M_001932/images/000084.jpg",
      "accident_id": 0,
      "accident_name": "normal",
      "objects": []
    },
    {
      "frame_id": 85,
      "image_path": "frames/2SAby_5t94M_001932/images/000085.jpg",
      "accident_id": 0,
      "accident_name": "normal",
      "objects": []
    },
    {
      "frame_id": 86,
      "image_path": "frames/2SAby_5t94M_001932/images/000086.jpg",
      "accident_id": 0,
      "accident_name": "normal",
      "objects": []
    },
    {
      "frame_id": 87,
      "image_path": "frames/2SAby_5t94M_001932/images/000087.jpg",
      "accident_id": 0,
      "accident_name": "normal",
      "objects": []
    }
  ]
}