{
  "video_name": "2TmFM9p1KF8_003888",
  "channel": "AnAn",
  "num_frames": 65,
  "ignore": false,
  "ego_involve": false,
  "night": false,
  "anomaly_start": 32,
  "anomaly_end": 51,
  "video_start": 3888,
  "video_end": 3952,
  "accident_id": "3",
  "accident_name": "lateral",
  "labels": [
    {
      "frame_id": 0,
      "image_path": "frames/2TmFM9p1KF8_003888/images/000000.jpg",
      "accident_id": 0,
      "accident_name": "normal",
      "objects": []
    },
    {
      "frame_id": 1,
      "image_path": "frames/2TmFM9p1KF8_003888/images/000001.jpg",
      "accident_id": 0,
      "accident_name": "normal",
      "objects": []
    },
    {
      "frame_id": 2,
      "image_path": "frames/2TmFM9p1KF8_003888/images/000002.jpg",
      "accident_id": 0,
      "accident_name": "normal",
      "objects": []
    },
    {
      "frame_id": 3,
      "image_path": "frames/2TmFM9p1KF8_003888/images/000003.jpg",
      "accident_id": 0,
      "accident_name": "normal",
      "objects": []
    },
    {
      "frame_id": 4,
      "image_path": "frames/2TmFM9p1KF8_003888/images/000004.jpg",
      "accident_id": 0,
      "accident_name": "normal",
      "objects": []
    },
    {
      "frame_id": 5,
      "image_path": "frames/2TmFM9p1KF8_003888/images/000005.jpg",
      "accident_id": 0,
      "accident_name": "normal",
      "objects": []
    },
    {
      "frame_id": 6,
      "image_path": "frames/2TmFM9p1KF8_003888/images/000006.jpg",
      "accident_id": 0,
      "accident_name": "normal",
      "objects": []
    },
    {
      "frame_id": 7,
      "image_path": "frames/2TmFM9p1KF8_003888/images/000007.jpg",
      "accident_id": 0,
      "accident_name": "normal",
      "objects": []
    },
    {
      "frame_id": 8,
      "image_path": "frames/2TmFM9p1KF8_003888/images/000008.jpg",
      "accident_id": 0,
      "accident_name": "normal",
      "objects": []
    },
    {
      "frame_id": 9,
      "image_path": "frames/2TmFM9p1KF8_003888/images/000009.jpg",
      "accident_id": 0,
      "accident_name": "normal",
      "objects": []
    },
    {
      "frame_id": 10,
      "image_path": "frames/2TmFM9p1KF8_003888/images/000010.jpg",
      "accident_id": 0,
      "accident_name": "normal",
      "objects": []
    },
    {
      "frame_id": 11,
      "image_path": "frames/2TmFM9p1KF8_003888/images/000011.jpg",
      "accident_id": 0,
      "accident_name": "normal",
      "objects": []
    },
    {
      "frame_id": 12,
      "image_path": "frames/2TmFM9p1KF8_003888/images/000012.jpg",
      "accident_id": 0,
      "accident_name": "normal",
      "objects": []
    },
    {
      "frame_id": 13,
      "image_path": "frames/2TmFM9p1KF8_003888/images/000013.jpg",
      "accident_id": 0,
      "accident_name": "normal",
      "objects": []
    },
    {
      "frame_id": 14,
      "image_path": "frames/2TmFM9p1KF8_003888/images/000014.jpg",
      "accident_id": 0,
      "accident_name": "normal",
      "objects": []
    },
    {
      "frame_id": 15,
      "image_path": "frames/2TmFM9p1KF8_003888/images/000015.jpg",
      "accident_id": 0,
      "accident_name": "normal",
      "objects": []
    },
    {
      "frame_id": 16,
      "image_path": "frames/2TmFM9p1KF8_003888/images/000016.jpg",
      "accident_id": 0,
      "accident_name": "normal",
      "objects": []
    },
    {
      "frame_id": 17,
      "image_path": "frames/2TmFM9p1KF8_003888/images/000017.jpg",
      "accident_id": 0,
      "accident_name": "normal",
      "objects": []
    },
    {
      "frame_id": 18,
      "image_path": "frames/2TmFM9p1KF8_003888/images/000018.jpg",
      "accident_id": 0,
      "accident_name": "normal",
      "objects": []
    },
    {
      "frame_id": 19,
      "image_path": "frames/2TmFM9p1KF8_003888/images/000019.jpg",
      "accident_id": 0,
      "accident_name": "normal",
      "objects": []
    },
    {
      "frame_id": 20,
      "image_path": "frames/2TmFM9p1KF8_003888/images/000020.jpg",
      "accident_id": 0,
      "accident_name": "normal",
      "objects": []
    },
    {
      "frame_id": 21,
      "image_path": "frames/2TmFM9p1KF8_003888/images/000021.jpg",
      "accident_id": 0,
      "accident_name": "normal",
      "objects": []
    },
    {
      "frame_id": 22,
      "image_path": "frames/2TmFM9p1KF8_003888/images/000022.jpg",
      "accident_id": 0,
      "accident_name": "normal",
      "objects": []
    },
    {
      "frame_id": 23,
      "image_path": "frames/2TmFM9p1KF8_003888/images/000023.jpg",
      "accident_id": 0,
      "accident_name": "normal",
      "objects": []
    },
    {
      "frame_id": 24,
      "image_path": "frames/2TmFM9p1KF8_003888/images/000024.jpg",
      "accident_id": 0,
      "accident_name": "normal",
      "objects": []
    },
    {
      "frame_id": 25,
      "image_path": "frames/2TmFM9p1KF8_003888/images/000025.jpg",
      "accident_id": 0,
      "accident_name": "normal",
      "objects": []
    },
    {
      "frame_id": 26,
      "image_path": "frames/2TmFM9p1KF8_003888/images/000026.jpg",
      "accident_id": 0,
      "accident_name": "normal",
      "objects": []
    },
    {
      "frame_id": 27,
      "image_path": "frames/2TmFM9p1KF8_003888/images/000027.jpg",
      "accident_id": 0,
      "accident_name": "normal",
      "objects": []
    },
    {
      "frame_id": 28,
      "image_path": "frames/2TmFM9p1KF8_003888/images/000028.jpg",
      "accident_id": 0,
      "accident_name": "normal",
      "objects": []
    },
    {
      "frame_id": 29,
      "image_path": "frames/2TmFM9p1KF8_003888/images/000029.jpg",
      "accident_id": 0,
      "accident_name": "normal",
      "objects": []
    },
    {
      "frame_id": 30,
      "image_path": "frames/2TmFM9p1KF8_003888/images/000030.jpg",
      "accident_id": 0,
      "accident_name": "normal",
      "objects": []
    },
    {
      "frame_id": 31,
      "image_path": "frames/2TmFM9p1KF8_003888/images/000031.jpg",
      "accident_id": 0,
      "accident_name": "normal",
      "objects": []
    },
    {
      "frame_id": 32,
      "image_path": "frames/2TmFM9p1KF8_003888/images/000032.jpg",
      "accident_id": 3,
      "accident_name": "lateral",
      "objects": [
        {
          "obj_track_id": 0,
          "bbox": [
            313.76623376623377,
            317.9220779220779,
            440.1496973196283,
            376.1038961038961
          ],
          "category": "car",
          "category ID": 3,
          "trunc": false
        },
        {
          "obj_track_id": 34,
          "bbox": [
            468.57142857142856,
            265.97402597402595,
            550.6493506493506,
            382.3376623376623
          ],
          "category": "truck",
          "category ID": 5,
          "trunc": false
        }
      ]
    },
    {
      "frame_id": 33,
      "image_path": "frames/2TmFM9p1KF8_003888/images/000033.jpg",
      "accident_id": 3,
      "accident_name": "lateral",
      "objects": [
        {
          "obj_track_id": 0,
          "bbox": [
            317.9220779220779,
            316.3636363636364,
            447.08783567280113,
            377.14285714285717
          ],
          "category": "car",
          "category ID": 3,
          "trunc": false
        },
        {
          "obj_track_id": 34,
          "bbox": [
            468.57142857142856,
            267.27272727272725,
            550.6493506493506,
            384.4155844155844
          ],
          "category": "truck",
          "category ID": 5,
          "trunc": false
        }
      ]
    },
    {
      "frame_id": 34,
      "image_path": "frames/2TmFM9p1KF8_003888/images/000034.jpg",
      "accident_id": 3,
      "accident_name": "lateral",
      "objects": [
        {
          "obj_track_id": 0,
          "bbox": [
            322.07792207792204,
            314.8051948051948,
            454.02597402597394,
            378.1818181818182
          ],
          "category": "car",
          "category ID": 3,
          "trunc": false
        },
        {
          "obj_track_id": 34,
          "bbox": [
            468.57142857142856,
            268.57142857142856,
            550.6493506493506,
            378.1818181818182
          ],
          "category": "truck",
          "category ID": 5,
          "trunc": false
        }
      ]
    },
    {
      "frame_id": 35,
      "image_path": "frames/2TmFM9p1KF8_003888/images/000035.jpg",
      "accident_id": 3,
      "accident_name": "lateral",
      "objects": [
        {
          "obj_track_id": 0,
          "bbox": [
            326.23376623376623,
            320,
            460.54741567320247,
            384.4155844155845
          ],
          "category": "car",
          "category ID": 3,
          "trunc": false
        },
        {
          "obj_track_id": 34,
          "bbox": [
            468.57142857142856,
            270.7882324462628,
            550.6493506493506,
            383.3603061718102
          ],
          "category": "truck",
          "category ID": 5,
          "trunc": false
        }
      ]
    },
    {
      "frame_id": 36,
      "image_path": "frames/2TmFM9p1KF8_003888/images/000036.jpg",
      "accident_id": 3,
      "accident_name": "lateral",
      "objects": [
        {
          "obj_track_id": 0,
          "bbox": [
            330.38961038961037,
            325.19480519480516,
            467.06885732043094,
            390.64935064935065
          ],
          "category": "car",
          "category ID": 3,
          "trunc": false
        },
        {
          "obj_track_id": 34,
          "bbox": [
            468.57142857142856,
            273.00503632109695,
            550.6493506493506,
            388.5387941618022
          ],
          "category": "truck",
          "category ID": 5,
          "trunc": false
        }
      ]
    },
    {
      "frame_id": 37,
      "image_path": "frames/2TmFM9p1KF8_003888/images/000037.jpg",
      "accident_id": 3,
      "accident_name": "lateral",
      "objects": [
        {
          "obj_track_id": 0,
          "bbox": [
            336.36162679263094,
            323.46320346320346,
            473.02077434865913,
            391.6883116883117
          ],
          "category": "car",
          "category ID": 3,
          "trunc": false
        },
        {
          "obj_track_id": 34,
          "bbox": [
            469.6103896103896,
            271.75581899877426,
            551.6883116883116,
            387.51071125938324
          ],
          "category": "truck",
          "category ID": 5,
          "trunc": false
        }
      ]
    },
    {
      "frame_id": 38,
      "image_path": "frames/2TmFM9p1KF8_003888/images/000038.jpg",
      "accident_id": 3,
      "accident_name": "lateral",
      "objects": [
        {
          "obj_track_id": 0,
          "bbox": [
            340.0815749352736,
            321.7316017316017,
            474.97864179215526,
            392.72727272727275
          ],
          "category": "car",
          "category ID": 3,
          "trunc": false
        },
        {
          "obj_track_id": 34,
          "bbox": [
            470.64935064935065,
            270.5066016764516,
            552.7272727272726,
            386.48262835696437
          ],
          "category": "truck",
          "category ID": 5,
          "trunc": false
        }
      ]
    },
    {
      "frame_id": 39,
      "image_path": "frames/2TmFM9p1KF8_003888/images/000039.jpg",
      "accident_id": 3,
      "accident_name": "lateral",
      "objects": [
        {
          "obj_track_id": 0,
          "bbox": [
            343.80152307791616,
            320,
            476.93650923565133,
            393.76623376623377
          ],
          "category": "car",
          "category ID": 3,
          "trunc": true
        },
        {
          "obj_track_id": 34,
          "bbox": [
            471.68831168831167,
            269.25738435412893,
            553.7662337662337,
            385.45454545454544
          ],
          "category": "truck",
          "category ID": 5,
          "trunc": false
        }
      ]
    },
    {
      "frame_id": 40,
      "image_path": "frames/2TmFM9p1KF8_003888/images/000040.jpg",
      "accident_id": 3,
      "accident_name": "lateral",
      "objects": [
        {
          "obj_track_id": 0,
          "bbox": [
            346.2572924415545,
            317.95767282376755,
            476.22607109216585,
            394.31450312011566
          ],
          "category": "car",
          "category ID": 3,
          "trunc": true
        },
        {
          "obj_track_id": 34,
          "bbox": [
            470.9953604783625,
            266.6615458041696,
            554.3153463375045,
            384.52516590263514
          ],
          "category": "truck",
          "category ID": 5,
          "trunc": false
        }
      ]
    },
    {
      "frame_id": 41,
      "image_path": "frames/2TmFM9p1KF8_003888/images/000041.jpg",
      "accident_id": 3,
      "accident_name": "lateral",
      "objects": [
        {
          "obj_track_id": 0,
          "bbox": [
            348.71306180519286,
            321.5762390092864,
            475.5156329486804,
            400.79361519642146
          ],
          "category": "car",
          "category ID": 3,
          "trunc": true
        },
        {
          "obj_track_id": 34,
          "bbox": [
            473.76623376623377,
            276.3636363636364,
            555.8441558441558,
            390.64935064935065
          ],
          "category": "truck",
          "category ID": 5,
          "trunc": false
        }
      ]
    },
    {
      "frame_id": 42,
      "image_path": "frames/2TmFM9p1KF8_003888/images/000042.jpg",
      "accident_id": 3,
      "accident_name": "lateral",
      "objects": [
        {
          "obj_track_id": 0,
          "bbox": [
            351.16883116883116,
            325.1948051948052,
            474.8051948051948,
            407.27272727272725
          ],
          "category": "car",
          "category ID": 3,
          "trunc": true
        },
        {
          "obj_track_id": 34,
          "bbox": [
            474.8051948051948,
            279.4805194805195,
            558.961038961039,
            394.8051948051948
          ],
          "category": "truck",
          "category ID": 5,
          "trunc": false
        }
      ]
    },
    {
      "frame_id": 43,
      "image_path": "frames/2TmFM9p1KF8_003888/images/000043.jpg",
      "accident_id": 3,
      "accident_name": "lateral",
      "objects": [
        {
          "obj_track_id": 0,
          "bbox": [
            347.012987012987,
            327.27272727272725,
            466.49350649350646,
            415.5844155844156
          ],
          "category": "car",
          "category ID": 3,
          "trunc": true
        },
        {
          "obj_track_id": 34,
          "bbox": [
            473.1168831168831,
            282.5974025974026,
            557.6623376623377,
            398.4415584415584
          ],
          "category": "truck",
          "category ID": 5,
          "trunc": false
        }
      ]
    },
    {
      "frame_id": 44,
      "image_path": "frames/2TmFM9p1KF8_003888/images/000044.jpg",
      "accident_id": 3,
      "accident_name": "lateral",
      "objects": [
        {
          "obj_track_id": 0,
          "bbox": [
            345.41098800984213,
            329.99894917475734,
            461.0012792729783,
            416.96969696969694
          ],
          "category": "car",
          "category ID": 3,
          "trunc": true
        },
        {
          "obj_track_id": 34,
          "bbox": [
            471.42857142857144,
            285.7142857142857,
            556.3636363636364,
            402.0779220779221
          ],
          "category": "truck",
          "category ID": 5,
          "trunc": false
        }
      ]
    },
    {
      "frame_id": 45,
      "image_path": "frames/2TmFM9p1KF8_003888/images/000045.jpg",
      "accident_id": 3,
      "accident_name": "lateral",
      "objects": [
        {
          "obj_track_id": 0,
          "bbox": [
            338.41977971920676,
            328.6358382237423,
            456.4746656105151,
            418.35497835497836
          ],
          "category": "car",
          "category ID": 3,
          "trunc": true
        },
        {
          "obj_track_id": 34,
          "bbox": [
            469.7402597402597,
            282.0321500780635,
            554.5454545454545,
            399.00872758806975
          ],
          "category": "truck",
          "category ID": 5,
          "trunc": false
        }
      ]
    },
    {
      "frame_id": 46,
      "image_path": "frames/2TmFM9p1KF8_003888/images/000046.jpg",
      "accident_id": 3,
      "accident_name": "lateral",
      "objects": [
        {
          "obj_track_id": 0,
          "bbox": [
            331.42857142857144,
            327.27272727272725,
            451.94805194805195,
            419.7402597402597
          ],
          "category": "car",
          "category ID": 3,
          "trunc": true
        },
        {
          "obj_track_id": 34,
          "bbox": [
            468.05194805194805,
            278.3500144418413,
            552.7272727272727,
            395.93953309821745
          ],
          "category": "truck",
          "category ID": 5,
          "trunc": false
        }
      ]
    },
    {
      "frame_id": 47,
      "image_path": "frames/2TmFM9p1KF8_003888/images/000047.jpg",
      "accident_id": 3,
      "accident_name": "lateral",
      "objects": [
        {
          "obj_track_id": 0,
          "bbox": [
            323.1168831168831,
            327.27272727272725,
            445.8517839222723,
            422.85714285714283
          ],
          "category": "car",
          "category ID": 3,
          "trunc": true
        },
        {
          "obj_track_id": 34,
          "bbox": [
            466.3636363636364,
            278.8923809612511,
            550.909090909091,
            396.9546498236631
          ],
          "category": "truck",
          "category ID": 5,
          "trunc": false
        }
      ]
    },
    {
      "frame_id": 48,
      "image_path": "frames/2TmFM9p1KF8_003888/images/000048.jpg",
      "accident_id": 3,
      "accident_name": "lateral",
      "objects": [
        {
          "obj_track_id": 0,
          "bbox": [
            314.8051948051948,
            327.27272727272725,
            439.75551589649274,
            425.97402597402595
          ],
          "category": "car",
          "category ID": 3,
          "trunc": true
        },
        {
          "obj_track_id": 34,
          "bbox": [
            464.67532467532465,
            279.4347474806609,
            549.0909090909091,
            397.9697665491087
          ],
          "category": "truck",
          "category ID": 5,
          "trunc": false
        }
      ]
    },
    {
      "frame_id": 49,
      "image_path": "frames/2TmFM9p1KF8_003888/images/000049.jpg",
      "accident_id": 3,
      "accident_name": "lateral",
      "objects": [
        {
          "obj_track_id": 0,
          "bbox": [
            306.4935064935065,
            327.27272727272725,
            433.65924787071316,
            429.09090909090907
          ],
          "category": "car",
          "category ID": 3,
          "trunc": true
        },
        {
          "obj_track_id": 34,
          "bbox": [
            462.987012987013,
            279.97711400007074,
            547.2727272727273,
            398.98488327455436
          ],
          "category": "truck",
          "category ID": 5,
          "trunc": false
        }
      ]
    },
    {
      "frame_id": 50,
      "image_path": "frames/2TmFM9p1KF8_003888/images/000050.jpg",
      "accident_id": 3,
      "accident_name": "lateral",
      "objects": [
        {
          "obj_track_id": 0,
          "bbox": [
            298.1818181818182,
            327.27272727272725,
            427.5629798449335,
            432.2077922077922
          ],
          "category": "car",
          "category ID": 3,
          "trunc": true
        },
        {
          "obj_track_id": 34,
          "bbox": [
            461.2987012987013,
            280.5194805194805,
            545.4545454545455,
            400.0
          ],
          "category": "truck",
          "category ID": 5,
          "trunc": false
        }
      ]
    },
    {
      "frame_id": 51,
      "image_path": "frames/2TmFM9p1KF8_003888/images/000051.jpg",
      "accident_id": 0,
      "accident_name": "normal",
      "objects": []
    },
    {
      "frame_id": 52,
      "image_path": "frames/2TmFM9p1KF8_003888/images/000052.jpg",
      "accident_id": 0,
      "accident_name": "normal",
      "objects": []
    },
    {
      "frame_id": 53,
      "image_path": "frames/2TmFM9p1KF8_003888/images/000053.jpg",
      "accident_id": 0,
      "accident_name": "normal",
      "objects": []
    },
    {
      "frame_id": 54,
      "image_path": "frames/2TmFM9p1KF8_003888/images/000054.jpg",
      "accident_id": 0,
      "accident_name": "normal",
      "objects": []
    },
    {
      "frame_id": 55,
      "image_path": "frames/2TmFM9p1KF8_003888/images/000055.jpg",
      "accident_id": 0,
      "accident_name": "normal",
      "objects": []
    },
    {
      "frame_id": 56,
      "image_path": "frames/2TmFM9p1KF8_003888/images/000056.jpg",
      "accident_id": 0,
      "accident_name": "normal",
      "objects": []
    },
    {
      "frame_id": 57,
      "image_path": "frames/2TmFM9p1KF8_003888/images/000057.jpg",
      "accident_id": 0,
      "accident_name": "normal",
      "objects": []
    },
    {
      "frame_id": 58,
      "image_path": "frames/2TmFM9p1KF8_003888/images/000058.jpg",
      "accident_id": 0,
      "accident_name": "normal",
      "objects": []
    },
    {
      "frame_id": 59,
      "image_path": "frames/2TmFM9p1KF8_003888/images/000059.jpg",
      "accident_id": 0,
      "accident_name": "normal",
      "objects": []
    },
    {
      "frame_id": 60,
      "image_path": "frames/2TmFM9p1KF8_003888/images/000060.jpg",
      "accident_id": 0,
      "accident_name": "normal",
      "objects": []
    },
    {
      "frame_id": 61,
      "image_path": "frames/2TmFM9p1KF8_003888/images/000061.jpg",
      "accident_id": 0,
      "accident_name": "normal",
      "objects": []
    },
    {
      "frame_id": 62,
      "image_path": "frames/2TmFM9p1KF8_003888/images/000062.jpg",
      "accident_id": 0,
      "accident_name": "normal",
      "objects": []
    },
    {
      "frame_id": 63,
      "image_path": "frames/2TmFM9p1KF8_003888/images/000063.jpg",
      "accident_id": 0,
      "accident_name": "normal",
      "objects": []
    },
    {
      "frame_id": 64,
      "image_path": "frames/2TmFM9p1KF8_003888/images/000064.jpg",
      "accident_id": 0,
      "accident_name": "normal",
      "objects": []
    }
  ]
}