{
  "video_name": "4wKjxDXnmYs_003089",
  "channel": "AnAn",
  "num_frames": 81,
  "ignore": false,
  "ego_involve": true,
  "night": false,
  "anomaly_start": 38,
  "anomaly_end": 67,
  "video_start": 3089,
  "video_end": 3169,
  "accident_id": "3",
  "accident_name": "lateral",
  "labels": [
    {
      "frame_id": 0,
      "image_path": "frames/4wKjxDXnmYs_003089/images/000000.jpg",
      "accident_id": 0,
      "accident_name": "normal",
      "objects": []
    },
    {
      "frame_id": 1,
      "image_path": "frames/4wKjxDXnmYs_003089/images/000001.jpg",
      "accident_id": 0,
      "accident_name": "normal",
      "objects": []
    },
    {
      "frame_id": 2,
      "image_path": "frames/4wKjxDXnmYs_003089/images/000002.jpg",
      "accident_id": 0,
      "accident_name": "normal",
      "objects": []
    },
    {
      "frame_id": 3,
      "image_path": "frames/4wKjxDXnmYs_003089/images/000003.jpg",
      "accident_id": 0,
      "accident_name": "normal",
      "objects": []
    },
    {
      "frame_id": 4,
      "image_path": "frames/4wKjxDXnmYs_003089/images/000004.jpg",
      "accident_id": 0,
      "accident_name": "normal",
      "objects": []
    },
    {
      "frame_id": 5,
      "image_path": "frames/4wKjxDXnmYs_003089/images/000005.jpg",
      "accident_id": 0,
      "accident_name": "normal",
      "objects": []
    },
    {
      "frame_id": 6,
      "image_path": "frames/4wKjxDXnmYs_003089/images/000006.jpg",
      "accident_id": 0,
      "accident_name": "normal",
      "objects": []
    },
    {
      "frame_id": 7,
      "image_path": "frames/4wKjxDXnmYs_003089/images/000007.jpg",
      "accident_id": 0,
      "accident_name": "normal",
      "objects": []
    },
    {
      "frame_id": 8,
      "image_path": "frames/4wKjxDXnmYs_003089/images/000008.jpg",
      "accident_id": 0,
      "accident_name": "normal",
      "objects": []
    },
    {
      "frame_id": 9,
      "image_path": "frames/4wKjxDXnmYs_003089/images/000009.jpg",
      "accident_id": 0,
      "accident_name": "normal",
      "objects": []
    },
    {
      "frame_id": 10,
      "image_path": "frames/4wKjxDXnmYs_003089/images/000010.jpg",
      "accident_id": 0,
      "accident_name": "normal",
      "objects": []
    },
    {
      "frame_id": 11,
      "image_path": "frames/4wKjxDXnmYs_003089/images/000011.jpg",
      "accident_id": 0,
      "accident_name": "normal",
      "objects": []
    },
    {
      "frame_id": 12,
      "image_path": "frames/4wKjxDXnmYs_003089/images/000012.jpg",
      "accident_id": 0,
      "accident_name": "normal",
      "objects": []
    },
    {
      "frame_id": 13,
      "image_path": "frames/4wKjxDXnmYs_003089/images/000013.jpg",
      "accident_id": 0,
      "accident_name": "normal",
      "objects": []
    },
    {
      "frame_id": 14,
      "image_path": "frames/4wKjxDXnmYs_003089/images/000014.jpg",
      "accident_id": 0,
      "accident_name": "normal",
      "objects": []
    },
    {
      "frame_id": 15,
      "image_path": "frames/4wKjxDXnmYs_003089/images/000015.jpg",
      "accident_id": 0,
      "accident_name": "normal",
      "objects": []
    },
    {
      "frame_id": 16,
      "image_path": "frames/4wKjxDXnmYs_003089/images/000016.jpg",
      "accident_id": 0,
      "accident_name": "normal",
      "objects": []
    },
    {
      "frame_id": 17,
      "image_path": "frames/4wKjxDXnmYs_003089/images/000017.jpg",
      "accident_id": 0,
      "accident_name": "normal",
      "objects": []
    },
    {
      "frame_id": 18,
      "image_path": "frames/4wKjxDXnmYs_003089/images/000018.jpg",
      "accident_id": 0,
      "accident_name": "normal",
      "objects": []
    },
    {
      "frame_id": 19,
      "image_path": "frames/4wKjxDXnmYs_003089/images/000019.jpg",
      "accident_id": 0,
      "accident_name": "normal",
      "objects": []
    },
    {
      "frame_id": 20,
      "image_path": "frames/4wKjxDXnmYs_003089/images/000020.jpg",
      "accident_id": 0,
      "accident_name": "normal",
      "objects": []
    },
    {
      "frame_id": 21,
      "image_path": "frames/4wKjxDXnmYs_003089/images/000021.jpg",
      "accident_id": 0,
      "accident_name": "normal",
      "objects": []
    },
    {
      "frame_id": 22,
      "image_path": "frames/4wKjxDXnmYs_003089/images/000022.jpg",
      "accident_id": 0,
      "accident_name": "normal",
      "objects": []
    },
    {
      "frame_id": 23,
      "image_path": "frames/4wKjxDXnmYs_003089/images/000023.jpg",
      "accident_id": 0,
      "accident_name": "normal",
      "objects": []
    },
    {
      "frame_id": 24,
      "image_path": "frames/4wKjxDXnmYs_003089/images/000024.jpg",
      "accident_id": 0,
      "accident_name": "normal",
      "objects": []
    },
    {
      "frame_id": 25,
      "image_path": "frames/4wKjxDXnmYs_003089/images/000025.jpg",
      "accident_id": 0,
      "accident_name": "normal",
      "objects": []
    },
    {
      "frame_id": 26,
      "image_path": "frames/4wKjxDXnmYs_003089/images/000026.jpg",
      "accident_id": 0,
      "accident_name": "normal",
      "objects": []
    },
    {
      "frame_id": 27,
      "image_path": "frames/4wKjxDXnmYs_003089/images/000027.jpg",
      "accident_id": 0,
      "accident_name": "normal",
      "objects": []
    },
    {
      "frame_id": 28,
      "image_path": "frames/4wKjxDXnmYs_003089/images/000028.jpg",
      "accident_id": 0,
      "accident_name": "normal",
      "objects": []
    },
    {
      "frame_id": 29,
      "image_path": "frames/4wKjxDXnmYs_003089/images/000029.jpg",
      "accident_id": 0,
      "accident_name": "normal",
      "objects": []
    },
    {
      "frame_id": 30,
      "image_path": "frames/4wKjxDXnmYs_003089/images/000030.jpg",
      "accident_id": 0,
      "accident_name": "normal",
      "objects": []
    },
    {
      "frame_id": 31,
      "image_path": "frames/4wKjxDXnmYs_003089/images/000031.jpg",
      "accident_id": 0,
      "accident_name": "normal",
      "objects": []
    },
    {
      "frame_id": 32,
      "image_path": "frames/4wKjxDXnmYs_003089/images/000032.jpg",
      "accident_id": 0,
      "accident_name": "normal",
      "objects": []
    },
    {
      "frame_id": 33,
      "image_path": "frames/4wKjxDXnmYs_003089/images/000033.jpg",
      "accident_id": 0,
      "accident_name": "normal",
      "objects": []
    },
    {
      "frame_id": 34,
      "image_path": "frames/4wKjxDXnmYs_003089/images/000034.jpg",
      "accident_id": 0,
      "accident_name": "normal",
      "objects": []
    },
    {
      "frame_id": 35,
      "image_path": "frames/4wKjxDXnmYs_003089/images/000035.jpg",
      "accident_id": 0,
      "accident_name": "normal",
      "objects": []
    },
    {
      "frame_id": 36,
      "image_path": "frames/4wKjxDXnmYs_003089/images/000036.jpg",
      "accident_id": 0,
      "accident_name": "normal",
      "objects": []
    },
    {
      "frame_id": 37,
      "image_path": "frames/4wKjxDXnmYs_003089/images/000037.jpg",
      "accident_id": 0,
      "accident_name": "normal",
      "objects": []
    },
    {
      "frame_id": 38,
      "image_path": "frames/4wKjxDXnmYs_003089/images/000038.jpg",
      "accident_id": 3,
      "accident_name": "lateral",
      "objects": [
        {
          "obj_track_id": 0,
          "bbox": [
            817.1428571428571,
            0,
            1280.0,
            602.5974025974026
          ],
          "category": "truck",
          "category ID": 5,
          "trunc": true
        }
      ]
    },
    {
      "frame_id": 39,
      "image_path": "frames/4wKjxDXnmYs_003089/images/000039.jpg",
      "accident_id": 3,
      "accident_name": "lateral",
      "objects": [
        {
          "obj_track_id": 0,
          "bbox": [
            860.7792207792207,
            0,
            1280.0,
            602.5974025974026
          ],
          "category": "truck",
          "category ID": 5,
          "trunc": true
        }
      ]
    },
    {
      "frame_id": 40,
      "image_path": "frames/4wKjxDXnmYs_003089/images/000040.jpg",
      "accident_id": 3,
      "accident_name": "lateral",
      "objects": [
        {
          "obj_track_id": 0,
          "bbox": [
            900.2597402597403,
            0,
            1280.0,
            602.5974025974026
          ],
          "category": "truck",
          "category ID": 5,
          "trunc": true
        }
      ]
    },
    {
      "frame_id": 41,
      "image_path": "frames/4wKjxDXnmYs_003089/images/000041.jpg",
      "accident_id": 3,
      "accident_name": "lateral",
      "objects": [
        {
          "obj_track_id": 0,
          "bbox": [
            936.6233766233767,
            0,
            1280.0,
            602.5974025974026
          ],
          "category": "truck",
          "category ID": 5,
          "trunc": true
        }
      ]
    },
    {
      "frame_id": 42,
      "image_path": "frames/4wKjxDXnmYs_003089/images/000042.jpg",
      "accident_id": 3,
      "accident_name": "lateral",
      "objects": [
        {
          "obj_track_id": 0,
          "bbox": [
            967.7922077922078,
            0,
            1280.0,
            602.5974025974026
          ],
          "category": "truck",
          "category ID": 5,
          "trunc": true
        }
      ]
    },
    {
      "frame_id": 43,
      "image_path": "frames/4wKjxDXnmYs_003089/images/000043.jpg",
      "accident_id": 3,
      "accident_name": "lateral",
      "objects": [
        {
          "obj_track_id": 0,
          "bbox": [
            987.5324675324675,
            0,
            1280.0,
            602.5974025974026
          ],
          "category": "truck",
          "category ID": 5,
          "trunc": true
        }
      ]
    },
    {
      "frame_id": 44,
      "image_path": "frames/4wKjxDXnmYs_003089/images/000044.jpg",
      "accident_id": 3,
      "accident_name": "lateral",
      "objects": [
        {
          "obj_track_id": 0,
          "bbox": [
            977.1428571428571,
            0,
            1280.0,
            602.5974025974026
          ],
          "category": "truck",
          "category ID": 5,
          "trunc": true
        }
      ]
    },
    {
      "frame_id": 45,
      "image_path": "frames/4wKjxDXnmYs_003089/images/000045.jpg",
      "accident_id": 3,
      "accident_name": "lateral",
      "objects": [
        {
          "obj_track_id": 0,
          "bbox": [
            961.5584415584416,
            0,
            1280.0,
            602.5974025974026
          ],
          "category": "truck",
          "category ID": 5,
          "trunc": true
        }
      ]
    },
    {
      "frame_id": 46,
      "image_path": "frames/4wKjxDXnmYs_003089/images/000046.jpg",
      "accident_id": 3,
      "accident_name": "lateral",
      "objects": [
        {
          "obj_track_id": 0,
          "bbox": [
            945.974025974026,
            0,
            1280.0,
            602.5974025974026
          ],
          "category": "truck",
          "category ID": 5,
          "trunc": true
        }
      ]
    },
    {
      "frame_id": 47,
      "image_path": "frames/4wKjxDXnmYs_003089/images/000047.jpg",
      "accident_id": 3,
      "accident_name": "lateral",
      "objects": [
        {
          "obj_track_id": 0,
          "bbox": [
            926.2337662337662,
            0,
            1280.0,
            602.5974025974026
          ],
          "category": "truck",
          "category ID": 5,
          "trunc": true
        }
      ]
    },
    {
      "frame_id": 48,
      "image_path": "frames/4wKjxDXnmYs_003089/images/000048.jpg",
      "accident_id": 3,
      "accident_name": "lateral",
      "objects": [
        {
          "obj_track_id": 0,
          "bbox": [
            905.4545454545454,
            0,
            1280.0,
            602.5974025974026
          ],
          "category": "truck",
          "category ID": 5,
          "trunc": true
        }
      ]
    },
    {
      "frame_id": 49,
      "image_path": "frames/4wKjxDXnmYs_003089/images/000049.jpg",
      "accident_id": 3,
      "accident_name": "lateral",
      "objects": [
        {
          "obj_track_id": 0,
          "bbox": [
            884.6753246753246,
            0,
            1280.0,
            602.5974025974026
          ],
          "category": "truck",
          "category ID": 5,
          "trunc": true
        }
      ]
    },
    {
      "frame_id": 50,
      "image_path": "frames/4wKjxDXnmYs_003089/images/000050.jpg",
      "accident_id": 3,
      "accident_name": "lateral",
      "objects": [
        {
          "obj_track_id": 0,
          "bbox": [
            884.6753246753246,
            0,
            1280.0,
            602.5974025974026
          ],
          "category": "truck",
          "category ID": 5,
          "trunc": true
        }
      ]
    },
    {
      "frame_id": 51,
      "image_path": "frames/4wKjxDXnmYs_003089/images/000051.jpg",
      "accident_id": 3,
      "accident_name": "lateral",
      "objects": [
        {
          "obj_track_id": 0,
          "bbox": [
            870.1298701298701,
            0,
            1280.0,
            602.5974025974026
          ],
          "category": "truck",
          "category ID": 5,
          "trunc": true
        }
      ]
    },
    {
      "frame_id": 52,
      "image_path": "frames/4wKjxDXnmYs_003089/images/000052.jpg",
      "accident_id": 3,
      "accident_name": "lateral",
      "objects": [
        {
          "obj_track_id": 0,
          "bbox": [
            857.6623376623377,
            0,
            1280.0,
            602.5974025974026
          ],
          "category": "truck",
          "category ID": 5,
          "trunc": true
        }
      ]
    },
    {
      "frame_id": 53,
      "image_path": "frames/4wKjxDXnmYs_003089/images/000053.jpg",
      "accident_id": 3,
      "accident_name": "lateral",
      "objects": [
        {
          "obj_track_id": 0,
          "bbox": [
            861.8181818181818,
            0,
            1280.0,
            602.5974025974026
          ],
          "category": "truck",
          "category ID": 5,
          "trunc": true
        }
      ]
    },
    {
      "frame_id": 54,
      "image_path": "frames/4wKjxDXnmYs_003089/images/000054.jpg",
      "accident_id": 3,
      "accident_name": "lateral",
      "objects": [
        {
          "obj_track_id": 0,
          "bbox": [
            833.7662337662338,
            0,
            1280.0,
            602.5974025974026
          ],
          "category": "truck",
          "category ID": 5,
          "trunc": true
        }
      ]
    },
    {
      "frame_id": 55,
      "image_path": "frames/4wKjxDXnmYs_003089/images/000055.jpg",
      "accident_id": 3,
      "accident_name": "lateral",
      "objects": [
        {
          "obj_track_id": 0,
          "bbox": [
            792.2077922077922,
            0,
            1280.0,
            602.5974025974026
          ],
          "category": "truck",
          "category ID": 5,
          "trunc": true
        }
      ]
    },
    {
      "frame_id": 56,
      "image_path": "frames/4wKjxDXnmYs_003089/images/000056.jpg",
      "accident_id": 3,
      "accident_name": "lateral",
      "objects": [
        {
          "obj_track_id": 0,
          "bbox": [
            762.077922077922,
            0,
            1280.0,
            602.5974025974026
          ],
          "category": "truck",
          "category ID": 5,
          "trunc": true
        }
      ]
    },
    {
      "frame_id": 57,
      "image_path": "frames/4wKjxDXnmYs_003089/images/000057.jpg",
      "accident_id": 3,
      "accident_name": "lateral",
      "objects": [
        {
          "obj_track_id": 0,
          "bbox": [
            692.4675324675325,
            0,
            1280.0,
            602.5974025974026
          ],
          "category": "truck",
          "category ID": 5,
          "trunc": true
        }
      ]
    },
    {
      "frame_id": 58,
      "image_path": "frames/4wKjxDXnmYs_003089/images/000058.jpg",
      "accident_id": 3,
      "accident_name": "lateral",
      "objects": [
        {
          "obj_track_id": 0,
          "bbox": [
            677.922077922078,
            0,
            1280.0,
            602.5974025974026
          ],
          "category": "truck",
          "category ID": 5,
          "trunc": true
        }
      ]
    },
    {
      "frame_id": 59,
      "image_path": "frames/4wKjxDXnmYs_003089/images/000059.jpg",
      "accident_id": 3,
      "accident_name": "lateral",
      "objects": [
        {
          "obj_track_id": 0,
          "bbox": [
            676.8831168831168,
            0,
            1280.0,
            602.5974025974026
          ],
          "category": "truck",
          "category ID": 5,
          "trunc": true
        }
      ]
    },
    {
      "frame_id": 60,
      "image_path": "frames/4wKjxDXnmYs_003089/images/000060.jpg",
      "accident_id": 3,
      "accident_name": "lateral",
      "objects": [
        {
          "obj_track_id": 0,
          "bbox": [
            688.3116883116883,
            0,
            1280.0,
            602.5974025974026
          ],
          "category": "truck",
          "category ID": 5,
          "trunc": true
        }
      ]
    },
    {
      "frame_id": 61,
      "image_path": "frames/4wKjxDXnmYs_003089/images/000061.jpg",
      "accident_id": 3,
      "accident_name": "lateral",
      "objects": [
        {
          "obj_track_id": 0,
          "bbox": [
            696.6233766233767,
            0,
            1280.0,
            602.5974025974026
          ],
          "category": "truck",
          "category ID": 5,
          "trunc": true
        }
      ]
    },
    {
      "frame_id": 62,
      "image_path": "frames/4wKjxDXnmYs_003089/images/000062.jpg",
      "accident_id": 3,
      "accident_name": "lateral",
      "objects": [
        {
          "obj_track_id": 0,
          "bbox": [
            699.7402597402597,
            0,
            1280.0,
            602.5974025974026
          ],
          "category": "truck",
          "category ID": 5,
          "trunc": true
        }
      ]
    },
    {
      "frame_id": 63,
      "image_path": "frames/4wKjxDXnmYs_003089/images/000063.jpg",
      "accident_id": 3,
      "accident_name": "lateral",
      "objects": [
        {
          "obj_track_id": 0,
          "bbox": [
            699.7402597402597,
            0,
            1280.0,
            602.5974025974026
          ],
          "category": "truck",
          "category ID": 5,
          "trunc": true
        }
      ]
    },
    {
      "frame_id": 64,
      "image_path": "frames/4wKjxDXnmYs_003089/images/000064.jpg",
      "accident_id": 3,
      "accident_name": "lateral",
      "objects": [
        {
          "obj_track_id": 0,
          "bbox": [
            699.7402597402597,
            0,
            1280.0,
            602.5974025974026
          ],
          "category": "truck",
          "category ID": 5,
          "trunc": true
        }
      ]
    },
    {
      "frame_id": 65,
      "image_path": "frames/4wKjxDXnmYs_003089/images/000065.jpg",
      "accident_id": 3,
      "accident_name": "lateral",
      "objects": [
        {
          "obj_track_id": 0,
          "bbox": [
            699.7402597402597,
            0,
            1280.0,
            602.5974025974026
          ],
          "category": "truck",
          "category ID": 5,
          "trunc": true
        }
      ]
    },
    {
      "frame_id": 66,
      "image_path": "frames/4wKjxDXnmYs_003089/images/000066.jpg",
      "accident_id": 3,
      "accident_name": "lateral",
      "objects": [
        {
          "obj_track_id": 0,
          "bbox": [
            699.7402597402597,
            0,
            1280.0,
            602.5974025974026
          ],
          "category": "truck",
          "category ID": 5,
          "trunc": true
        }
      ]
    },
    {
      "frame_id": 67,
      "image_path": "frames/4wKjxDXnmYs_003089/images/000067.jpg",
      "accident_id": 0,
      "accident_name": "normal",
      "objects": []
    },
    {
      "frame_id": 68,
      "image_path": "frames/4wKjxDXnmYs_003089/images/000068.jpg",
      "accident_id": 0,
      "accident_name": "normal",
      "objects": []
    },
    {
      "frame_id": 69,
      "image_path": "frames/4wKjxDXnmYs_003089/images/000069.jpg",
      "accident_id": 0,
      "accident_name": "normal",
      "objects": []
    },
    {
      "frame_id": 70,
      "image_path": "frames/4wKjxDXnmYs_003089/images/000070.jpg",
      "accident_id": 0,
      "accident_name": "normal",
      "objects": []
    },
    {
      "frame_id": 71,
      "image_path": "frames/4wKjxDXnmYs_003089/images/000071.jpg",
      "accident_id": 0,
      "accident_name": "normal",
      "objects": []
    },
    {
      "frame_id": 72,
      "image_path": "frames/4wKjxDXnmYs_003089/images/000072.jpg",
      "accident_id": 0,
      "accident_name": "normal",
      "objects": []
    },
    {
      "frame_id": 73,
      "image_path": "frames/4wKjxDXnmYs_003089/images/000073.jpg",
      "accident_id": 0,
      "accident_name": "normal",
      "objects": []
    },
    {
      "frame_id": 74,
      "image_path": "frames/4wKjxDXnmYs_003089/images/000074.jpg",
      "accident_id": 0,
      "accident_name": "normal",
      "objects": []
    },
    {
      "frame_id": 75,
      "image_path": "frames/4wKjxDXnmYs_003089/images/000075.jpg",
      "accident_id": 0,
      "accident_name": "normal",
      "objects": []
    },
    {
      "frame_id": 76,
      "image_path": "frames/4wKjxDXnmYs_003089/images/000076.jpg",
      "accident_id": 0,
      "accident_name": "normal",
      "objects": []
    },
    {
      "frame_id": 77,
      "image_path": "frames/4wKjxDXnmYs_003089/images/000077.jpg",
      "accident_id": 0,
      "accident_name": "normal",
      "objects": []
    },
    {
      "frame_id": 78,
      "image_path": "frames/4wKjxDXnmYs_003089/images/000078.jpg",
      "accident_id": 0,
      "accident_name": "normal",
      "objects": []
    },
    {
      "frame_id": 79,
      "image_path": "frames/4wKjxDXnmYs_003089/images/000079.jpg",
      "accident_id": 0,
      "accident_name": "normal",
      "objects": []
    },
    {
      "frame_id": 80,
      "image_path": "frames/4wKjxDXnmYs_003089/images/000080.jpg",
      "accident_id": 0,
      "accident_name": "normal",
      "objects": []
    }
  ]
}