{
  "video_name": "9Q0FCoNxL8I_000073",
  "channel": "CarCrashesTime",
  "num_frames": 147,
  "ignore": false,
  "ego_involve": true,
  "night": false,
  "anomaly_start": 39,
  "anomaly_end": 147,
  "video_start": 73,
  "video_end": 219,
  "accident_id": "4",
  "accident_name": "oncoming",
  "labels": [
    {
      "frame_id": 0,
      "image_path": "frames/9Q0FCoNxL8I_000073/images/000000.jpg",
      "accident_id": 0,
      "accident_name": "normal",
      "objects": []
    },
    {
      "frame_id": 1,
      "image_path": "frames/9Q0FCoNxL8I_000073/images/000001.jpg",
      "accident_id": 0,
      "accident_name": "normal",
      "objects": []
    },
    {
      "frame_id": 2,
      "image_path": "frames/9Q0FCoNxL8I_000073/images/000002.jpg",
      "accident_id": 0,
      "accident_name": "normal",
      "objects": []
    },
    {
      "frame_id": 3,
      "image_path": "frames/9Q0FCoNxL8I_000073/images/000003.jpg",
      "accident_id": 0,
      "accident_name": "normal",
      "objects": []
    },
    {
      "frame_id": 4,
      "image_path": "frames/9Q0FCoNxL8I_000073/images/000004.jpg",
      "accident_id": 0,
      "accident_name": "normal",
      "objects": []
    },
    {
      "frame_id": 5,
      "image_path": "frames/9Q0FCoNxL8I_000073/images/000005.jpg",
      "accident_id": 0,
      "accident_name": "normal",
      "objects": []
    },
    {
      "frame_id": 6,
      "image_path": "frames/9Q0FCoNxL8I_000073/images/000006.jpg",
      "accident_id": 0,
      "accident_name": "normal",
      "objects": []
    },
    {
      "frame_id": 7,
      "image_path": "frames/9Q0FCoNxL8I_000073/images/000007.jpg",
      "accident_id": 0,
      "accident_name": "normal",
      "objects": []
    },
    {
      "frame_id": 8,
      "image_path": "frames/9Q0FCoNxL8I_000073/images/000008.jpg",
      "accident_id": 0,
      "accident_name": "normal",
      "objects": []
    },
    {
      "frame_id": 9,
      "image_path": "frames/9Q0FCoNxL8I_000073/images/000009.jpg",
      "accident_id": 0,
      "accident_name": "normal",
      "objects": []
    },
    {
      "frame_id": 10,
      "image_path": "frames/9Q0FCoNxL8I_000073/images/000010.jpg",
      "accident_id": 0,
      "accident_name": "normal",
      "objects": []
    },
    {
      "frame_id": 11,
      "image_path": "frames/9Q0FCoNxL8I_000073/images/000011.jpg",
      "accident_id": 0,
      "accident_name": "normal",
      "objects": []
    },
    {
      "frame_id": 12,
      "image_path": "frames/9Q0FCoNxL8I_000073/images/000012.jpg",
      "accident_id": 0,
      "accident_name": "normal",
      "objects": []
    },
    {
      "frame_id": 13,
      "image_path": "frames/9Q0FCoNxL8I_000073/images/000013.jpg",
      "accident_id": 0,
      "accident_name": "normal",
      "objects": []
    },
    {
      "frame_id": 14,
      "image_path": "frames/9Q0FCoNxL8I_000073/images/000014.jpg",
      "accident_id": 0,
      "accident_name": "normal",
      "objects": []
    },
    {
      "frame_id": 15,
      "image_path": "frames/9Q0FCoNxL8I_000073/images/000015.jpg",
      "accident_id": 0,
      "accident_name": "normal",
      "objects": []
    },
    {
      "frame_id": 16,
      "image_path": "frames/9Q0FCoNxL8I_000073/images/000016.jpg",
      "accident_id": 0,
      "accident_name": "normal",
      "objects": []
    },
    {
      "frame_id": 17,
      "image_path": "frames/9Q0FCoNxL8I_000073/images/000017.jpg",
      "accident_id": 0,
      "accident_name": "normal",
      "objects": []
    },
    {
      "frame_id": 18,
      "image_path": "frames/9Q0FCoNxL8I_000073/images/000018.jpg",
      "accident_id": 0,
      "accident_name": "normal",
      "objects": []
    },
    {
      "frame_id": 19,
      "image_path": "frames/9Q0FCoNxL8I_000073/images/000019.jpg",
      "accident_id": 0,
      "accident_name": "normal",
      "objects": []
    },
    {
      "frame_id": 20,
      "image_path": "frames/9Q0FCoNxL8I_000073/images/000020.jpg",
      "accident_id": 0,
      "accident_name": "normal",
      "objects": []
    },
    {
      "frame_id": 21,
      "image_path": "frames/9Q0FCoNxL8I_000073/images/000021.jpg",
      "accident_id": 0,
      "accident_name": "normal",
      "objects": []
    },
    {
      "frame_id": 22,
      "image_path": "frames/9Q0FCoNxL8I_000073/images/000022.jpg",
      "accident_id": 0,
      "accident_name": "normal",
      "objects": []
    },
    {
      "frame_id": 23,
      "image_path": "frames/9Q0FCoNxL8I_000073/images/000023.jpg",
      "accident_id": 0,
      "accident_name": "normal",
      "objects": []
    },
    {
      "frame_id": 24,
      "image_path": "frames/9Q0FCoNxL8I_000073/images/000024.jpg",
      "accident_id": 0,
      "accident_name": "normal",
      "objects": []
    },
    {
      "frame_id": 25,
      "image_path": "frames/9Q0FCoNxL8I_000073/images/000025.jpg",
      "accident_id": 0,
      "accident_name": "normal",
      "objects": []
    },
    {
      "frame_id": 26,
      "image_path": "frames/9Q0FCoNxL8I_000073/images/000026.jpg",
      "accident_id": 0,
      "accident_name": "normal",
      "objects": []
    },
    {
      "frame_id": 27,
      "image_path": "frames/9Q0FCoNxL8I_000073/images/000027.jpg",
      "accident_id": 0,
      "accident_name": "normal",
      "objects": []
    },
    {
      "frame_id": 28,
      "image_path": "frames/9Q0FCoNxL8I_000073/images/000028.jpg",
      "accident_id": 0,
      "accident_name": "normal",
      "objects": []
    },
    {
      "frame_id": 29,
      "image_path": "frames/9Q0FCoNxL8I_000073/images/000029.jpg",
      "accident_id": 0,
      "accident_name": "normal",
      "objects": []
    },
    {
      "frame_id": 30,
      "image_path": "frames/9Q0FCoNxL8I_000073/images/000030.jpg",
      "accident_id": 0,
      "accident_name": "normal",
      "objects": []
    },
    {
      "frame_id": 31,
      "image_path": "frames/9Q0FCoNxL8I_000073/images/000031.jpg",
      "accident_id": 0,
      "accident_name": "normal",
      "objects": []
    },
    {
      "frame_id": 32,
      "image_path": "frames/9Q0FCoNxL8I_000073/images/000032.jpg",
      "accident_id": 0,
      "accident_name": "normal",
      "objects": []
    },
    {
      "frame_id": 33,
      "image_path": "frames/9Q0FCoNxL8I_000073/images/000033.jpg",
      "accident_id": 0,
      "accident_name": "normal",
      "objects": []
    },
    {
      "frame_id": 34,
      "image_path": "frames/9Q0FCoNxL8I_000073/images/000034.jpg",
      "accident_id": 0,
      "accident_name": "normal",
      "objects": []
    },
    {
      "frame_id": 35,
      "image_path": "frames/9Q0FCoNxL8I_000073/images/000035.jpg",
      "accident_id": 0,
      "accident_name": "normal",
      "objects": []
    },
    {
      "frame_id": 36,
      "image_path": "frames/9Q0FCoNxL8I_000073/images/000036.jpg",
      "accident_id": 0,
      "accident_name": "normal",
      "objects": []
    },
    {
      "frame_id": 37,
      "image_path": "frames/9Q0FCoNxL8I_000073/images/000037.jpg",
      "accident_id": 0,
      "accident_name": "normal",
      "objects": []
    },
    {
      "frame_id": 38,
      "image_path": "frames/9Q0FCoNxL8I_000073/images/000038.jpg",
      "accident_id": 0,
      "accident_name": "normal",
      "objects": []
    },
    {
      "frame_id": 39,
      "image_path": "frames/9Q0FCoNxL8I_000073/images/000039.jpg",
      "accident_id": 4,
      "accident_name": "oncoming",
      "objects": [
        {
          "obj_track_id": 982,
          "bbox": [
            659.6295361140058,
            370.19112157384893,
            679.4949036806848,
            392.53966008636286
          ],
          "category": "car",
          "category ID": 3,
          "trunc": false
        },
        {
          "obj_track_id": 1552,
          "bbox": [
            684.9578797615216,
            362.7416087363443,
            751.5068611098962,
            425.3175165713832
          ],
          "category": "car",
          "category ID": 3,
          "trunc": false
        }
      ]
    },
    {
      "frame_id": 40,
      "image_path": "frames/9Q0FCoNxL8I_000073/images/000040.jpg",
      "accident_id": 4,
      "accident_name": "oncoming",
      "objects": [
        {
          "obj_track_id": 982,
          "bbox": [
            661.6160728706737,
            371.18438995218287,
            681.8787417262572,
            394.4268790988409
          ],
          "category": "car",
          "category ID": 3,
          "trunc": false
        },
        {
          "obj_track_id": 1552,
          "bbox": [
            684.9578797615216,
            362.14565680298756,
            751.5068611098962,
            425.3175165713832
          ],
          "category": "car",
          "category ID": 3,
          "trunc": false
        }
      ]
    },
    {
      "frame_id": 41,
      "image_path": "frames/9Q0FCoNxL8I_000073/images/000041.jpg",
      "accident_id": 4,
      "accident_name": "oncoming",
      "objects": [
        {
          "obj_track_id": 982,
          "bbox": [
            663.994019447679,
            372.8308564478187,
            684.2566883032624,
            396.07334559447673
          ],
          "category": "car",
          "category ID": 3,
          "trunc": false
        },
        {
          "obj_track_id": 1552,
          "bbox": [
            682.0832989953494,
            363.2954891094564,
            748.6322803437241,
            426.46734887785203
          ],
          "category": "car",
          "category ID": 3,
          "trunc": false
        }
      ]
    },
    {
      "frame_id": 42,
      "image_path": "frames/9Q0FCoNxL8I_000073/images/000042.jpg",
      "accident_id": 4,
      "accident_name": "oncoming",
      "objects": [
        {
          "obj_track_id": 982,
          "bbox": [
            666.0798830421802,
            372.430951163757,
            686.3425518977637,
            397.1162773917274
          ],
          "category": "car",
          "category ID": 3,
          "trunc": false
        },
        {
          "obj_track_id": 1552,
          "bbox": [
            678.4330377049721,
            366.69482627887845,
            744.9820190533468,
            428.03174657372796
          ],
          "category": "car",
          "category ID": 3,
          "trunc": false
        }
      ]
    },
    {
      "frame_id": 43,
      "image_path": "frames/9Q0FCoNxL8I_000073/images/000043.jpg",
      "accident_id": 4,
      "accident_name": "oncoming",
      "objects": [
        {
          "obj_track_id": 982,
          "bbox": [
            667.2872069639725,
            372.8216307339169,
            688.416096521499,
            400.13458719620814
          ],
          "category": "car",
          "category ID": 3,
          "trunc": false
        },
        {
          "obj_track_id": 1552,
          "bbox": [
            677.829375744076,
            367.3886730858516,
            743.9529969239439,
            428.03174657372796
          ],
          "category": "car",
          "category ID": 3,
          "trunc": false
        }
      ]
    },
    {
      "frame_id": 44,
      "image_path": "frames/9Q0FCoNxL8I_000073/images/000044.jpg",
      "accident_id": 4,
      "accident_name": "oncoming",
      "objects": [
        {
          "obj_track_id": 982,
          "bbox": [
            668.7771095314735,
            371.8283623555829,
            689.9059990889999,
            399.14131881787415
          ],
          "category": "car",
          "category ID": 3,
          "trunc": false
        },
        {
          "obj_track_id": 1552,
          "bbox": [
            676.339473176575,
            367.3886730858516,
            742.463094356443,
            428.03174657372796
          ],
          "category": "car",
          "category ID": 3,
          "trunc": false
        }
      ]
    },
    {
      "frame_id": 45,
      "image_path": "frames/9Q0FCoNxL8I_000073/images/000045.jpg",
      "accident_id": 4,
      "accident_name": "oncoming",
      "objects": [
        {
          "obj_track_id": 982,
          "bbox": [
            670.7636462881413,
            368.5025683618957,
            691.8925358456678,
            398.6446846287072
          ],
          "category": "car",
          "category ID": 3,
          "trunc": false
        },
        {
          "obj_track_id": 1552,
          "bbox": [
            674.3529364199071,
            364.40886795084975,
            740.4765575997751,
            425.0519414387261
          ],
          "category": "car",
          "category ID": 3,
          "trunc": false
        }
      ]
    },
    {
      "frame_id": 46,
      "image_path": "frames/9Q0FCoNxL8I_000073/images/000046.jpg",
      "accident_id": 4,
      "accident_name": "oncoming",
      "objects": [
        {
          "obj_track_id": 1552,
          "bbox": [
            669.5236407327379,
            364.40886795084975,
            735.6472619126059,
            425.0519414387261
          ],
          "category": "car",
          "category ID": 3,
          "trunc": false
        }
      ]
    },
    {
      "frame_id": 47,
      "image_path": "frames/9Q0FCoNxL8I_000073/images/000047.jpg",
      "accident_id": 4,
      "accident_name": "oncoming",
      "objects": [
        {
          "obj_track_id": 1552,
          "bbox": [
            670.0711799262945,
            364.40886795084975,
            733.3740092173533,
            425.0519414387261
          ],
          "category": "car",
          "category ID": 3,
          "trunc": false
        }
      ]
    },
    {
      "frame_id": 48,
      "image_path": "frames/9Q0FCoNxL8I_000073/images/000048.jpg",
      "accident_id": 4,
      "accident_name": "oncoming",
      "objects": [
        {
          "obj_track_id": 1552,
          "bbox": [
            667.0585361607705,
            366.8695317210704,
            727.2738167601606,
            425.68578649766704
          ],
          "category": "car",
          "category ID": 3,
          "trunc": false
        }
      ]
    },
    {
      "frame_id": 49,
      "image_path": "frames/9Q0FCoNxL8I_000073/images/000049.jpg",
      "accident_id": 4,
      "accident_name": "oncoming",
      "objects": [
        {
          "obj_track_id": 1552,
          "bbox": [
            663.9297407690185,
            366.8695317210704,
            724.1450213684086,
            425.68578649766704
          ],
          "category": "car",
          "category ID": 3,
          "trunc": false
        }
      ]
    },
    {
      "frame_id": 50,
      "image_path": "frames/9Q0FCoNxL8I_000073/images/000050.jpg",
      "accident_id": 4,
      "accident_name": "oncoming",
      "objects": [
        {
          "obj_track_id": 1552,
          "bbox": [
            661.7284761099489,
            368.33704149378343,
            719.0797886293848,
            427.15329627038005
          ],
          "category": "car",
          "category ID": 3,
          "trunc": false
        }
      ]
    },
    {
      "frame_id": 51,
      "image_path": "frames/9Q0FCoNxL8I_000073/images/000051.jpg",
      "accident_id": 4,
      "accident_name": "oncoming",
      "objects": [
        {
          "obj_track_id": 1552,
          "bbox": [
            658.6467055872516,
            365.49799104552034,
            715.9980181066875,
            425.61241100903135
          ],
          "category": "car",
          "category ID": 3,
          "trunc": false
        }
      ]
    },
    {
      "frame_id": 52,
      "image_path": "frames/9Q0FCoNxL8I_000073/images/000052.jpg",
      "accident_id": 4,
      "accident_name": "oncoming",
      "objects": [
        {
          "obj_track_id": 1552,
          "bbox": [
            656.2198113006275,
            362.2621319966881,
            713.5711238200633,
            422.3765519601991
          ],
          "category": "car",
          "category ID": 3,
          "trunc": false
        }
      ]
    },
    {
      "frame_id": 53,
      "image_path": "frames/9Q0FCoNxL8I_000073/images/000053.jpg",
      "accident_id": 4,
      "accident_name": "oncoming",
      "objects": [
        {
          "obj_track_id": 1552,
          "bbox": [
            651.0835270961319,
            364.3826810431298,
            709.8344837790194,
            421.64279707384253
          ],
          "category": "car",
          "category ID": 3,
          "trunc": false
        }
      ]
    },
    {
      "frame_id": 54,
      "image_path": "frames/9Q0FCoNxL8I_000073/images/000054.jpg",
      "accident_id": 4,
      "accident_name": "oncoming",
      "objects": [
        {
          "obj_track_id": 1552,
          "bbox": [
            648.1485075507059,
            365.11643592948633,
            706.8994642335933,
            422.37655196019904
          ],
          "category": "car",
          "category ID": 3,
          "trunc": false
        }
      ]
    },
    {
      "frame_id": 55,
      "image_path": "frames/9Q0FCoNxL8I_000073/images/000055.jpg",
      "accident_id": 4,
      "accident_name": "oncoming",
      "objects": [
        {
          "obj_track_id": 1552,
          "bbox": [
            641.8100569612964,
            365.11643592948633,
            700.5610136441838,
            422.37655196019904
          ],
          "category": "car",
          "category ID": 3,
          "trunc": false
        }
      ]
    },
    {
      "frame_id": 56,
      "image_path": "frames/9Q0FCoNxL8I_000073/images/000056.jpg",
      "accident_id": 4,
      "accident_name": "oncoming",
      "objects": [
        {
          "obj_track_id": 1552,
          "bbox": [
            636.7392964897688,
            364.7144430459383,
            694.4406504443859,
            421.7427069012581
          ],
          "category": "car",
          "category ID": 3,
          "trunc": false
        },
        {
          "obj_track_id": 982,
          "bbox": [
            629.7884544324093,
            358.3759924565288,
            670.9883832635709,
            405.91437187709994
          ],
          "category": "car",
          "category ID": 3,
          "trunc": false
        }
      ]
    },
    {
      "frame_id": 57,
      "image_path": "frames/9Q0FCoNxL8I_000073/images/000057.jpg",
      "accident_id": 4,
      "accident_name": "oncoming",
      "objects": [
        {
          "obj_track_id": 1552,
          "bbox": [
            624.859455472568,
            362.82432947930613,
            684.7890244403262,
            419.6462643688109
          ],
          "category": "car",
          "category ID": 3,
          "trunc": false
        },
        {
          "obj_track_id": 982,
          "bbox": [
            612.9997996864746,
            354.18310739163445,
            655.6144713589581,
            406.1508084832147
          ],
          "category": "car",
          "category ID": 3,
          "trunc": false
        }
      ]
    },
    {
      "frame_id": 58,
      "image_path": "frames/9Q0FCoNxL8I_000073/images/000058.jpg",
      "accident_id": 4,
      "accident_name": "oncoming",
      "objects": [
        {
          "obj_track_id": 1552,
          "bbox": [
            615.0858808675829,
            358.7999164066652,
            674.0316945430243,
            415.62185129616995
          ],
          "category": "car",
          "category ID": 3,
          "trunc": false
        },
        {
          "obj_track_id": 982,
          "bbox": [
            594.11834924344,
            347.8590297060558,
            638.9419029151599,
            403.59113957056286
          ],
          "category": "car",
          "category ID": 3,
          "trunc": false
        }
      ]
    },
    {
      "frame_id": 59,
      "image_path": "frames/9Q0FCoNxL8I_000073/images/000059.jpg",
      "accident_id": 4,
      "accident_name": "oncoming",
      "objects": [
        {
          "obj_track_id": 1552,
          "bbox": [
            602.4089796887639,
            356.474457279706,
            660.4665514164678,
            411.81878094252426
          ],
          "category": "car",
          "category ID": 3,
          "trunc": false
        },
        {
          "obj_track_id": 982,
          "bbox": [
            570.6660820626249,
            344.43140115982794,
            623.7035379978929,
            403.59113957056286
          ],
          "category": "car",
          "category ID": 3,
          "trunc": false
        }
      ]
    },
    {
      "frame_id": 60,
      "image_path": "frames/9Q0FCoNxL8I_000073/images/000060.jpg",
      "accident_id": 4,
      "accident_name": "oncoming",
      "objects": [
        {
          "obj_track_id": 1552,
          "bbox": [
            590.9367299190068,
            352.09378111736936,
            649.7465096871539,
            407.6470537535217
          ],
          "category": "car",
          "category ID": 3,
          "trunc": false
        },
        {
          "obj_track_id": 982,
          "bbox": [
            545.114253029984,
            336.44980415860965,
            605.9433742026266,
            402.02674187468693
          ],
          "category": "car",
          "category ID": 3,
          "trunc": false
        }
      ]
    },
    {
      "frame_id": 61,
      "image_path": "frames/9Q0FCoNxL8I_000073/images/000061.jpg",
      "accident_id": 4,
      "accident_name": "oncoming",
      "objects": [
        {
          "obj_track_id": 1552,
          "bbox": [
            580.8633658369816,
            351.51767302995614,
            639.4662001586847,
            407.6373364058243
          ],
          "category": "car",
          "category ID": 3,
          "trunc": false
        },
        {
          "obj_track_id": 982,
          "bbox": [
            515.8128358691324,
            332.64557384161105,
            597.2522940794918,
            405.50318119885577
          ],
          "category": "car",
          "category ID": 3,
          "trunc": false
        }
      ]
    },
    {
      "frame_id": 62,
      "image_path": "frames/9Q0FCoNxL8I_000073/images/000062.jpg",
      "accident_id": 4,
      "accident_name": "oncoming",
      "objects": [
        {
          "obj_track_id": 1552,
          "bbox": [
            573.910487188644,
            353.504209786624,
            632.513321510347,
            409.6238731624922
          ],
          "category": "car",
          "category ID": 3,
          "trunc": false
        },
        {
          "obj_track_id": 982,
          "bbox": [
            487.59545601778007,
            328.67250032827525,
            560.0047298919686,
            410.9151402416136
          ],
          "category": "car",
          "category ID": 3,
          "trunc": false
        }
      ]
    },
    {
      "frame_id": 63,
      "image_path": "frames/9Q0FCoNxL8I_000073/images/000063.jpg",
      "accident_id": 4,
      "accident_name": "oncoming",
      "objects": [
        {
          "obj_track_id": 1552,
          "bbox": [
            564.8191968193684,
            354.0029848797753,
            636.8170606558855,
            413.0574125209635
          ],
          "category": "car",
          "category ID": 3,
          "trunc": false
        },
        {
          "obj_track_id": 982,
          "bbox": [
            458.0358482079047,
            325.43664127944305,
            537.3143949042943,
            417.10223633200377
          ],
          "category": "car",
          "category ID": 3,
          "trunc": false
        }
      ]
    },
    {
      "frame_id": 64,
      "image_path": "frames/9Q0FCoNxL8I_000073/images/000064.jpg",
      "accident_id": 4,
      "accident_name": "oncoming",
      "objects": [
        {
          "obj_track_id": 1552,
          "bbox": [
            571.0520784436226,
            356.5608518272893,
            638.0805873122903,
            414.3440491278649
          ],
          "category": "car",
          "category ID": 3,
          "trunc": false
        },
        {
          "obj_track_id": 982,
          "bbox": [
            413.88178178605705,
            322.66137607761834,
            518.6619795577674,
            423.589360695957
          ],
          "category": "car",
          "category ID": 3,
          "trunc": false
        }
      ]
    },
    {
      "frame_id": 65,
      "image_path": "frames/9Q0FCoNxL8I_000073/images/000065.jpg",
      "accident_id": 4,
      "accident_name": "oncoming",
      "objects": [
        {
          "obj_track_id": 1552,
          "bbox": [
            568.486640084043,
            359.78586590579704,
            638.0805873122903,
            417.758303177532
          ],
          "category": "car",
          "category ID": 3,
          "trunc": false
        },
        {
          "obj_track_id": 982,
          "bbox": [
            361.2606464163283,
            318.7592179904154,
            498.919715357961,
            428.0487789476289
          ],
          "category": "car",
          "category ID": 3,
          "trunc": false
        }
      ]
    },
    {
      "frame_id": 66,
      "image_path": "frames/9Q0FCoNxL8I_000073/images/000066.jpg",
      "accident_id": 4,
      "accident_name": "oncoming",
      "objects": [
        {
          "obj_track_id": 1552,
          "bbox": [
            568.486640084043,
            362.10476203576,
            634.1292753877472,
            415.61778105582306
          ],
          "category": "car",
          "category ID": 3,
          "trunc": false
        },
        {
          "obj_track_id": 982,
          "bbox": [
            294.3216046103468,
            310.3755103163657,
            478.04963657922997,
            437.9148723141827
          ],
          "category": "car",
          "category ID": 3,
          "trunc": false
        }
      ]
    },
    {
      "frame_id": 67,
      "image_path": "frames/9Q0FCoNxL8I_000073/images/000067.jpg",
      "accident_id": 4,
      "accident_name": "oncoming",
      "objects": [
        {
          "obj_track_id": 1552,
          "bbox": [
            552.6545347986538,
            356.64178595492325,
            617.24371295607,
            409.0279212291355
          ],
          "category": "car",
          "category ID": 3,
          "trunc": false
        },
        {
          "obj_track_id": 982,
          "bbox": [
            218.7768113518497,
            294.3948809732221,
            443.8256603936706,
            441.7917598968609
          ],
          "category": "car",
          "category ID": 3,
          "trunc": false
        }
      ]
    },
    {
      "frame_id": 68,
      "image_path": "frames/9Q0FCoNxL8I_000073/images/000068.jpg",
      "accident_id": 4,
      "accident_name": "oncoming",
      "objects": [
        {
          "obj_track_id": 1552,
          "bbox": [
            539.7094364525324,
            343.95890991603903,
            602.1212018959357,
            391.4123066909436
          ],
          "category": "car",
          "category ID": 3,
          "trunc": false
        },
        {
          "obj_track_id": 982,
          "bbox": [
            123.37687804147492,
            265.81890591463934,
            397.4274395246694,
            441.7917598968609
          ],
          "category": "car",
          "category ID": 3,
          "trunc": false
        }
      ]
    },
    {
      "frame_id": 69,
      "image_path": "frames/9Q0FCoNxL8I_000073/images/000069.jpg",
      "accident_id": 4,
      "accident_name": "oncoming",
      "objects": [
        {
          "obj_track_id": 1552,
          "bbox": [
            521.1039977826686,
            334.71619143109876,
            583.7698584852204,
            384.1589806092589
          ],
          "category": "car",
          "category ID": 3,
          "trunc": false
        },
        {
          "obj_track_id": 982,
          "bbox": [
            8.606903667988888,
            232.40486274261178,
            339.2251774203669,
            441.7917598968609
          ],
          "category": "car",
          "category ID": 3,
          "trunc": false
        }
      ]
    },
    {
      "frame_id": 70,
      "image_path": "frames/9Q0FCoNxL8I_000073/images/000070.jpg",
      "accident_id": 4,
      "accident_name": "oncoming",
      "objects": [
        {
          "obj_track_id": 1552,
          "bbox": [
            511.90533933091785,
            330.1168622052234,
            568.4771028452237,
            383.5840644560245
          ],
          "category": "car",
          "category ID": 3,
          "trunc": false
        },
        {
          "obj_track_id": 982,
          "bbox": [
            0,
            212.0658799422472,
            257.8692462189085,
            459.22517372574487
          ],
          "category": "car",
          "category ID": 3,
          "trunc": true
        }
      ]
    },
    {
      "frame_id": 71,
      "image_path": "frames/9Q0FCoNxL8I_000073/images/000071.jpg",
      "accident_id": 4,
      "accident_name": "oncoming",
      "objects": [
        {
          "obj_track_id": 1552,
          "bbox": [
            498.2022163275852,
            334.55377761781006,
            552.6309763717001,
            387.9131760718602
          ],
          "category": "car",
          "category ID": 3,
          "trunc": false
        },
        {
          "obj_track_id": 982,
          "bbox": [
            0,
            212.0658799422472,
            140.1937028739418,
            513.8067520372526
          ],
          "category": "car",
          "category ID": 3,
          "trunc": true
        }
      ]
    },
    {
      "frame_id": 72,
      "image_path": "frames/9Q0FCoNxL8I_000073/images/000072.jpg",
      "accident_id": 4,
      "accident_name": "oncoming",
      "objects": [
        {
          "obj_track_id": 1552,
          "bbox": [
            489.70808632440054,
            346.44555962226855,
            544.6436132119945,
            399.8049580763187
          ],
          "category": "car",
          "category ID": 3,
          "trunc": false
        }
      ]
    },
    {
      "frame_id": 73,
      "image_path": "frames/9Q0FCoNxL8I_000073/images/000073.jpg",
      "accident_id": 4,
      "accident_name": "oncoming",
      "objects": [
        {
          "obj_track_id": 1552,
          "bbox": [
            481.0561012698566,
            355.7962509974398,
            538.6859063353197,
            408.45694313086267
          ],
          "category": "car",
          "category ID": 3,
          "trunc": false
        }
      ]
    },
    {
      "frame_id": 74,
      "image_path": "frames/9Q0FCoNxL8I_000073/images/000074.jpg",
      "accident_id": 4,
      "accident_name": "oncoming",
      "objects": [
        {
          "obj_track_id": 1552,
          "bbox": [
            469.17211069374815,
            359.5993213510855,
            529.1782304512055,
            413.5205125843913
          ],
          "category": "car",
          "category ID": 3,
          "trunc": false
        }
      ]
    },
    {
      "frame_id": 75,
      "image_path": "frames/9Q0FCoNxL8I_000073/images/000075.jpg",
      "accident_id": 4,
      "accident_name": "oncoming",
      "objects": [
        {
          "obj_track_id": 1552,
          "bbox": [
            461.3974285712331,
            358.22418411959933,
            526.0077602270162,
            412.14537535290515
          ],
          "category": "car",
          "category ID": 3,
          "trunc": false
        }
      ]
    },
    {
      "frame_id": 76,
      "image_path": "frames/9Q0FCoNxL8I_000073/images/000076.jpg",
      "accident_id": 4,
      "accident_name": "oncoming",
      "objects": [
        {
          "obj_track_id": 1552,
          "bbox": [
            462.0849971869763,
            351.3484979621684,
            526.6953288427594,
            405.2696891954742
          ],
          "category": "car",
          "category ID": 3,
          "trunc": false
        }
      ]
    },
    {
      "frame_id": 77,
      "image_path": "frames/9Q0FCoNxL8I_000073/images/000077.jpg",
      "accident_id": 4,
      "accident_name": "oncoming",
      "objects": [
        {
          "obj_track_id": 1552,
          "bbox": [
            471.2781806341116,
            345.49829031399133,
            546.2979788163589,
            401.1570958749978
          ],
          "category": "car",
          "category ID": 3,
          "trunc": false
        }
      ]
    },
    {
      "frame_id": 78,
      "image_path": "frames/9Q0FCoNxL8I_000073/images/000078.jpg",
      "accident_id": 4,
      "accident_name": "oncoming",
      "objects": [
        {
          "obj_track_id": 1552,
          "bbox": [
            476.5844914261089,
            346.2563347128481,
            551.6042896083561,
            401.9151402738546
          ],
          "category": "car",
          "category ID": 3,
          "trunc": false
        }
      ]
    },
    {
      "frame_id": 79,
      "image_path": "frames/9Q0FCoNxL8I_000073/images/000079.jpg",
      "accident_id": 4,
      "accident_name": "oncoming",
      "objects": [
        {
          "obj_track_id": 1552,
          "bbox": [
            478.255979325588,
            354.61377421024395,
            553.2757775078352,
            410.27257977125043
          ],
          "category": "car",
          "category ID": 3,
          "trunc": false
        }
      ]
    },
    {
      "frame_id": 80,
      "image_path": "frames/9Q0FCoNxL8I_000073/images/000080.jpg",
      "accident_id": 4,
      "accident_name": "oncoming",
      "objects": []
    },
    {
      "frame_id": 81,
      "image_path": "frames/9Q0FCoNxL8I_000073/images/000081.jpg",
      "accident_id": 4,
      "accident_name": "oncoming",
      "objects": []
    },
    {
      "frame_id": 82,
      "image_path": "frames/9Q0FCoNxL8I_000073/images/000082.jpg",
      "accident_id": 4,
      "accident_name": "oncoming",
      "objects": [
        {
          "obj_track_id": 1552,
          "bbox": [
            478.73747438262774,
            355.76321389466534,
            572.6698535900142,
            418.38480003292295
          ],
          "category": "car",
          "category ID": 3,
          "trunc": false
        },
        {
          "obj_track_id": 1607,
          "bbox": [
            584.6332945285216,
            351.1990686845169,
            729.6391152502911,
            454.29569266589056
          ],
          "category": "car",
          "category ID": 3,
          "trunc": false
        }
      ]
    },
    {
      "frame_id": 83,
      "image_path": "frames/9Q0FCoNxL8I_000073/images/000083.jpg",
      "accident_id": 4,
      "accident_name": "oncoming",
      "objects": [
        {
          "obj_track_id": 1552,
          "bbox": [
            483.5748648317142,
            347.05591108630983,
            577.5072440391007,
            409.67749722456745
          ],
          "category": "car",
          "category ID": 3,
          "trunc": false
        },
        {
          "obj_track_id": 1607,
          "bbox": [
            578.7660069848662,
            343.65541327124566,
            728.8009313154831,
            450.9429569266589
          ],
          "category": "car",
          "category ID": 3,
          "trunc": false
        }
      ]
    },
    {
      "frame_id": 84,
      "image_path": "frames/9Q0FCoNxL8I_000073/images/000084.jpg",
      "accident_id": 4,
      "accident_name": "oncoming",
      "objects": [
        {
          "obj_track_id": 1552,
          "bbox": [
            485.7081540197613,
            339.589398928145,
            591.2766519307467,
            402.2109850664026
          ],
          "category": "car",
          "category ID": 3,
          "trunc": false
        },
        {
          "obj_track_id": 1607,
          "bbox": [
            573.7369033760186,
            337.7881257275902,
            728.8009313154831,
            450.9429569266589
          ],
          "category": "car",
          "category ID": 3,
          "trunc": false
        }
      ]
    },
    {
      "frame_id": 85,
      "image_path": "frames/9Q0FCoNxL8I_000073/images/000085.jpg",
      "accident_id": 4,
      "accident_name": "oncoming",
      "objects": [
        {
          "obj_track_id": 1552,
          "bbox": [
            495.5125889164349,
            333.4466808975591,
            589.4084216696766,
            388.4537923023105
          ],
          "category": "car",
          "category ID": 3,
          "trunc": false
        },
        {
          "obj_track_id": 1607,
          "bbox": [
            568.7077997671711,
            331.9208381839348,
            725.4481955762515,
            445.9138533178114
          ],
          "category": "car",
          "category ID": 3,
          "trunc": false
        }
      ]
    },
    {
      "frame_id": 86,
      "image_path": "frames/9Q0FCoNxL8I_000073/images/000086.jpg",
      "accident_id": 4,
      "accident_name": "oncoming",
      "objects": [
        {
          "obj_track_id": 1552,
          "bbox": [
            509.9515298470398,
            328.63370058735745,
            594.0592840020328,
            378.1627386587014
          ],
          "category": "car",
          "category ID": 3,
          "trunc": false
        },
        {
          "obj_track_id": 1607,
          "bbox": [
            558.6495925494761,
            326.8917345750873,
            722.0954598370198,
            443.3993015133877
          ],
          "category": "car",
          "category ID": 3,
          "trunc": false
        }
      ]
    },
    {
      "frame_id": 87,
      "image_path": "frames/9Q0FCoNxL8I_000073/images/000087.jpg",
      "accident_id": 4,
      "accident_name": "oncoming",
      "objects": [
        {
          "obj_track_id": 1552,
          "bbox": [
            509.9515298470398,
            328.88217591508925,
            602.878624312418,
            378.1627386587014
          ],
          "category": "car",
          "category ID": 3,
          "trunc": false
        }
      ]
    },
    {
      "frame_id": 88,
      "image_path": "frames/9Q0FCoNxL8I_000073/images/000088.jpg",
      "accident_id": 4,
      "accident_name": "oncoming",
      "objects": [
        {
          "obj_track_id": 1552,
          "bbox": [
            516.9140853156579,
            334.5021389030402,
            620.1525129694834,
            378.1627386587014
          ],
          "category": "car",
          "category ID": 3,
          "trunc": false
        }
      ]
    },
    {
      "frame_id": 89,
      "image_path": "frames/9Q0FCoNxL8I_000073/images/000089.jpg",
      "accident_id": 4,
      "accident_name": "oncoming",
      "objects": []
    },
    {
      "frame_id": 90,
      "image_path": "frames/9Q0FCoNxL8I_000073/images/000090.jpg",
      "accident_id": 4,
      "accident_name": "oncoming",
      "objects": []
    },
    {
      "frame_id": 91,
      "image_path": "frames/9Q0FCoNxL8I_000073/images/000091.jpg",
      "accident_id": 4,
      "accident_name": "oncoming",
      "objects": []
    },
    {
      "frame_id": 92,
      "image_path": "frames/9Q0FCoNxL8I_000073/images/000092.jpg",
      "accident_id": 4,
      "accident_name": "oncoming",
      "objects": []
    },
    {
      "frame_id": 93,
      "image_path": "frames/9Q0FCoNxL8I_000073/images/000093.jpg",
      "accident_id": 4,
      "accident_name": "oncoming",
      "objects": []
    },
    {
      "frame_id": 94,
      "image_path": "frames/9Q0FCoNxL8I_000073/images/000094.jpg",
      "accident_id": 4,
      "accident_name": "oncoming",
      "objects": [
        {
          "obj_track_id": 1552,
          "bbox": [
            604.1553557032325,
            342.1307130619111,
            704.4759357154428,
            405.806442565879
          ],
          "category": "car",
          "category ID": 3,
          "trunc": false
        }
      ]
    },
    {
      "frame_id": 95,
      "image_path": "frames/9Q0FCoNxL8I_000073/images/000095.jpg",
      "accident_id": 4,
      "accident_name": "oncoming",
      "objects": [
        {
          "obj_track_id": 1552,
          "bbox": [
            608.1232475455886,
            343.4377077875823,
            707.1411810874663,
            407.20234950353654
          ],
          "category": "car",
          "category ID": 3,
          "trunc": false
        }
      ]
    },
    {
      "frame_id": 96,
      "image_path": "frames/9Q0FCoNxL8I_000073/images/000096.jpg",
      "accident_id": 4,
      "accident_name": "oncoming",
      "objects": [
        {
          "obj_track_id": 1552,
          "bbox": [
            612.0911393879446,
            344.74470251325357,
            709.8064264594899,
            408.59825644119405
          ],
          "category": "car",
          "category ID": 3,
          "trunc": false
        }
      ]
    },
    {
      "frame_id": 97,
      "image_path": "frames/9Q0FCoNxL8I_000073/images/000097.jpg",
      "accident_id": 4,
      "accident_name": "oncoming",
      "objects": [
        {
          "obj_track_id": 1552,
          "bbox": [
            616.5427854480586,
            346.67897945505166,
            714.3305129005806,
            411.8707977567331
          ],
          "category": "car",
          "category ID": 3,
          "trunc": false
        }
      ]
    },
    {
      "frame_id": 98,
      "image_path": "frames/9Q0FCoNxL8I_000073/images/000098.jpg",
      "accident_id": 4,
      "accident_name": "oncoming",
      "objects": []
    },
    {
      "frame_id": 99,
      "image_path": "frames/9Q0FCoNxL8I_000073/images/000099.jpg",
      "accident_id": 4,
      "accident_name": "oncoming",
      "objects": []
    },
    {
      "frame_id": 100,
      "image_path": "frames/9Q0FCoNxL8I_000073/images/000100.jpg",
      "accident_id": 4,
      "accident_name": "oncoming",
      "objects": []
    },
    {
      "frame_id": 101,
      "image_path": "frames/9Q0FCoNxL8I_000073/images/000101.jpg",
      "accident_id": 4,
      "accident_name": "oncoming",
      "objects": []
    },
    {
      "frame_id": 102,
      "image_path": "frames/9Q0FCoNxL8I_000073/images/000102.jpg",
      "accident_id": 4,
      "accident_name": "oncoming",
      "objects": []
    },
    {
      "frame_id": 103,
      "image_path": "frames/9Q0FCoNxL8I_000073/images/000103.jpg",
      "accident_id": 4,
      "accident_name": "oncoming",
      "objects": []
    },
    {
      "frame_id": 104,
      "image_path": "frames/9Q0FCoNxL8I_000073/images/000104.jpg",
      "accident_id": 4,
      "accident_name": "oncoming",
      "objects": []
    },
    {
      "frame_id": 105,
      "image_path": "frames/9Q0FCoNxL8I_000073/images/000105.jpg",
      "accident_id": 4,
      "accident_name": "oncoming",
      "objects": []
    },
    {
      "frame_id": 106,
      "image_path": "frames/9Q0FCoNxL8I_000073/images/000106.jpg",
      "accident_id": 4,
      "accident_name": "oncoming",
      "objects": []
    },
    {
      "frame_id": 107,
      "image_path": "frames/9Q0FCoNxL8I_000073/images/000107.jpg",
      "accident_id": 4,
      "accident_name": "oncoming",
      "objects": []
    },
    {
      "frame_id": 108,
      "image_path": "frames/9Q0FCoNxL8I_000073/images/000108.jpg",
      "accident_id": 4,
      "accident_name": "oncoming",
      "objects": []
    },
    {
      "frame_id": 109,
      "image_path": "frames/9Q0FCoNxL8I_000073/images/000109.jpg",
      "accident_id": 4,
      "accident_name": "oncoming",
      "objects": []
    },
    {
      "frame_id": 110,
      "image_path": "frames/9Q0FCoNxL8I_000073/images/000110.jpg",
      "accident_id": 4,
      "accident_name": "oncoming",
      "objects": []
    },
    {
      "frame_id": 111,
      "image_path": "frames/9Q0FCoNxL8I_000073/images/000111.jpg",
      "accident_id": 4,
      "accident_name": "oncoming",
      "objects": []
    },
    {
      "frame_id": 112,
      "image_path": "frames/9Q0FCoNxL8I_000073/images/000112.jpg",
      "accident_id": 4,
      "accident_name": "oncoming",
      "objects": []
    },
    {
      "frame_id": 113,
      "image_path": "frames/9Q0FCoNxL8I_000073/images/000113.jpg",
      "accident_id": 4,
      "accident_name": "oncoming",
      "objects": []
    },
    {
      "frame_id": 114,
      "image_path": "frames/9Q0FCoNxL8I_000073/images/000114.jpg",
      "accident_id": 4,
      "accident_name": "oncoming",
      "objects": []
    },
    {
      "frame_id": 115,
      "image_path": "frames/9Q0FCoNxL8I_000073/images/000115.jpg",
      "accident_id": 4,
      "accident_name": "oncoming",
      "objects": []
    },
    {
      "frame_id": 116,
      "image_path": "frames/9Q0FCoNxL8I_000073/images/000116.jpg",
      "accident_id": 4,
      "accident_name": "oncoming",
      "objects": []
    },
    {
      "frame_id": 117,
      "image_path": "frames/9Q0FCoNxL8I_000073/images/000117.jpg",
      "accident_id": 4,
      "accident_name": "oncoming",
      "objects": []
    },
    {
      "frame_id": 118,
      "image_path": "frames/9Q0FCoNxL8I_000073/images/000118.jpg",
      "accident_id": 4,
      "accident_name": "oncoming",
      "objects": []
    },
    {
      "frame_id": 119,
      "image_path": "frames/9Q0FCoNxL8I_000073/images/000119.jpg",
      "accident_id": 4,
      "accident_name": "oncoming",
      "objects": []
    },
    {
      "frame_id": 120,
      "image_path": "frames/9Q0FCoNxL8I_000073/images/000120.jpg",
      "accident_id": 4,
      "accident_name": "oncoming",
      "objects": []
    },
    {
      "frame_id": 121,
      "image_path": "frames/9Q0FCoNxL8I_000073/images/000121.jpg",
      "accident_id": 4,
      "accident_name": "oncoming",
      "objects": []
    },
    {
      "frame_id": 122,
      "image_path": "frames/9Q0FCoNxL8I_000073/images/000122.jpg",
      "accident_id": 4,
      "accident_name": "oncoming",
      "objects": []
    },
    {
      "frame_id": 123,
      "image_path": "frames/9Q0FCoNxL8I_000073/images/000123.jpg",
      "accident_id": 4,
      "accident_name": "oncoming",
      "objects": []
    },
    {
      "frame_id": 124,
      "image_path": "frames/9Q0FCoNxL8I_000073/images/000124.jpg",
      "accident_id": 4,
      "accident_name": "oncoming",
      "objects": []
    },
    {
      "frame_id": 125,
      "image_path": "frames/9Q0FCoNxL8I_000073/images/000125.jpg",
      "accident_id": 4,
      "accident_name": "oncoming",
      "objects": []
    },
    {
      "frame_id": 126,
      "image_path": "frames/9Q0FCoNxL8I_000073/images/000126.jpg",
      "accident_id": 4,
      "accident_name": "oncoming",
      "objects": []
    },
    {
      "frame_id": 127,
      "image_path": "frames/9Q0FCoNxL8I_000073/images/000127.jpg",
      "accident_id": 4,
      "accident_name": "oncoming",
      "objects": []
    },
    {
      "frame_id": 128,
      "image_path": "frames/9Q0FCoNxL8I_000073/images/000128.jpg",
      "accident_id": 4,
      "accident_name": "oncoming",
      "objects": []
    },
    {
      "frame_id": 129,
      "image_path": "frames/9Q0FCoNxL8I_000073/images/000129.jpg",
      "accident_id": 4,
      "accident_name": "oncoming",
      "objects": []
    },
    {
      "frame_id": 130,
      "image_path": "frames/9Q0FCoNxL8I_000073/images/000130.jpg",
      "accident_id": 4,
      "accident_name": "oncoming",
      "objects": []
    },
    {
      "frame_id": 131,
      "image_path": "frames/9Q0FCoNxL8I_000073/images/000131.jpg",
      "accident_id": 4,
      "accident_name": "oncoming",
      "objects": []
    },
    {
      "frame_id": 132,
      "image_path": "frames/9Q0FCoNxL8I_000073/images/000132.jpg",
      "accident_id": 4,
      "accident_name": "oncoming",
      "objects": []
    },
    {
      "frame_id": 133,
      "image_path": "frames/9Q0FCoNxL8I_000073/images/000133.jpg",
      "accident_id": 4,
      "accident_name": "oncoming",
      "objects": []
    },
    {
      "frame_id": 134,
      "image_path": "frames/9Q0FCoNxL8I_000073/images/000134.jpg",
      "accident_id": 4,
      "accident_name": "oncoming",
      "objects": []
    },
    {
      "frame_id": 135,
      "image_path": "frames/9Q0FCoNxL8I_000073/images/000135.jpg",
      "accident_id": 4,
      "accident_name": "oncoming",
      "objects": []
    },
    {
      "frame_id": 136,
      "image_path": "frames/9Q0FCoNxL8I_000073/images/000136.jpg",
      "accident_id": 4,
      "accident_name": "oncoming",
      "objects": []
    },
    {
      "frame_id": 137,
      "image_path": "frames/9Q0FCoNxL8I_000073/images/000137.jpg",
      "accident_id": 4,
      "accident_name": "oncoming",
      "objects": []
    },
    {
      "frame_id": 138,
      "image_path": "frames/9Q0FCoNxL8I_000073/images/000138.jpg",
      "accident_id": 4,
      "accident_name": "oncoming",
      "objects": []
    },
    {
      "frame_id": 139,
      "image_path": "frames/9Q0FCoNxL8I_000073/images/000139.jpg",
      "accident_id": 4,
      "accident_name": "oncoming",
      "objects": []
    },
    {
      "frame_id": 140,
      "image_path": "frames/9Q0FCoNxL8I_000073/images/000140.jpg",
      "accident_id": 4,
      "accident_name": "oncoming",
      "objects": []
    },
    {
      "frame_id": 141,
      "image_path": "frames/9Q0FCoNxL8I_000073/images/000141.jpg",
      "accident_id": 4,
      "accident_name": "oncoming",
      "objects": []
    },
    {
      "frame_id": 142,
      "image_path": "frames/9Q0FCoNxL8I_000073/images/000142.jpg",
      "accident_id": 4,
      "accident_name": "oncoming",
      "objects": []
    },
    {
      "frame_id": 143,
      "image_path": "frames/9Q0FCoNxL8I_000073/images/000143.jpg",
      "accident_id": 4,
      "accident_name": "oncoming",
      "objects": []
    },
    {
      "frame_id": 144,
      "image_path": "frames/9Q0FCoNxL8I_000073/images/000144.jpg",
      "accident_id": 4,
      "accident_name": "oncoming",
      "objects": []
    },
    {
      "frame_id": 145,
      "image_path": "frames/9Q0FCoNxL8I_000073/images/000145.jpg",
      "accident_id": 4,
      "accident_name": "oncoming",
      "objects": []
    },
    {
      "frame_id": 146,
      "image_path": "frames/9Q0FCoNxL8I_000073/images/000146.jpg",
      "accident_id": 4,
      "accident_name": "oncoming",
      "objects": []
    }
  ]
}