{
  "video_name": "bcpfYpmDcp0_003881",
  "channel": "AnAn",
  "num_frames": 72,
  "ignore": false,
  "ego_involve": false,
  "night": false,
  "anomaly_start": 19,
  "anomaly_end": 35,
  "video_start": 3881,
  "video_end": 3952,
  "accident_id": "7",
  "accident_name": "obstacle",
  "labels": [
    {
      "frame_id": 0,
      "image_path": "frames/bcpfYpmDcp0_003881/images/000000.jpg",
      "accident_id": 0,
      "accident_name": "normal",
      "objects": []
    },
    {
      "frame_id": 1,
      "image_path": "frames/bcpfYpmDcp0_003881/images/000001.jpg",
      "accident_id": 0,
      "accident_name": "normal",
      "objects": []
    },
    {
      "frame_id": 2,
      "image_path": "frames/bcpfYpmDcp0_003881/images/000002.jpg",
      "accident_id": 0,
      "accident_name": "normal",
      "objects": []
    },
    {
      "frame_id": 3,
      "image_path": "frames/bcpfYpmDcp0_003881/images/000003.jpg",
      "accident_id": 0,
      "accident_name": "normal",
      "objects": []
    },
    {
      "frame_id": 4,
      "image_path": "frames/bcpfYpmDcp0_003881/images/000004.jpg",
      "accident_id": 0,
      "accident_name": "normal",
      "objects": []
    },
    {
      "frame_id": 5,
      "image_path": "frames/bcpfYpmDcp0_003881/images/000005.jpg",
      "accident_id": 0,
      "accident_name": "normal",
      "objects": []
    },
    {
      "frame_id": 6,
      "image_path": "frames/bcpfYpmDcp0_003881/images/000006.jpg",
      "accident_id": 0,
      "accident_name": "normal",
      "objects": []
    },
    {
      "frame_id": 7,
      "image_path": "frames/bcpfYpmDcp0_003881/images/000007.jpg",
      "accident_id": 0,
      "accident_name": "normal",
      "objects": []
    },
    {
      "frame_id": 8,
      "image_path": "frames/bcpfYpmDcp0_003881/images/000008.jpg",
      "accident_id": 0,
      "accident_name": "normal",
      "objects": []
    },
    {
      "frame_id": 9,
      "image_path": "frames/bcpfYpmDcp0_003881/images/000009.jpg",
      "accident_id": 0,
      "accident_name": "normal",
      "objects": []
    },
    {
      "frame_id": 10,
      "image_path": "frames/bcpfYpmDcp0_003881/images/000010.jpg",
      "accident_id": 0,
      "accident_name": "normal",
      "objects": []
    },
    {
      "frame_id": 11,
      "image_path": "frames/bcpfYpmDcp0_003881/images/000011.jpg",
      "accident_id": 0,
      "accident_name": "normal",
      "objects": []
    },
    {
      "frame_id": 12,
      "image_path": "frames/bcpfYpmDcp0_003881/images/000012.jpg",
      "accident_id": 0,
      "accident_name": "normal",
      "objects": []
    },
    {
      "frame_id": 13,
      "image_path": "frames/bcpfYpmDcp0_003881/images/000013.jpg",
      "accident_id": 0,
      "accident_name": "normal",
      "objects": []
    },
    {
      "frame_id": 14,
      "image_path": "frames/bcpfYpmDcp0_003881/images/000014.jpg",
      "accident_id": 0,
      "accident_name": "normal",
      "objects": []
    },
    {
      "frame_id": 15,
      "image_path": "frames/bcpfYpmDcp0_003881/images/000015.jpg",
      "accident_id": 0,
      "accident_name": "normal",
      "objects": []
    },
    {
      "frame_id": 16,
      "image_path": "frames/bcpfYpmDcp0_003881/images/000016.jpg",
      "accident_id": 0,
      "accident_name": "normal",
      "objects": []
    },
    {
      "frame_id": 17,
      "image_path": "frames/bcpfYpmDcp0_003881/images/000017.jpg",
      "accident_id": 0,
      "accident_name": "normal",
      "objects": []
    },
    {
      "frame_id": 18,
      "image_path": "frames/bcpfYpmDcp0_003881/images/000018.jpg",
      "accident_id": 0,
      "accident_name": "normal",
      "objects": []
    },
    {
      "frame_id": 19,
      "image_path": "frames/bcpfYpmDcp0_003881/images/000019.jpg",
      "accident_id": 7,
      "accident_name": "obstacle",
      "objects": [
        {
          "obj_track_id": 0,
          "bbox": [
            551.1688311688312,
            415.2841596130593,
            601.038961038961,
            456.1038961038961
          ],
          "category": "car",
          "category ID": 3,
          "trunc": true
        }
      ]
    },
    {
      "frame_id": 20,
      "image_path": "frames/bcpfYpmDcp0_003881/images/000020.jpg",
      "accident_id": 7,
      "accident_name": "obstacle",
      "objects": [
        {
          "obj_track_id": 0,
          "bbox": [
            542.8571428571429,
            416.62337662337666,
            592.7272727272727,
            455.06493506493507
          ],
          "category": "car",
          "category ID": 3,
          "trunc": true
        }
      ]
    },
    {
      "frame_id": 21,
      "image_path": "frames/bcpfYpmDcp0_003881/images/000021.jpg",
      "accident_id": 7,
      "accident_name": "obstacle",
      "objects": [
        {
          "obj_track_id": 0,
          "bbox": [
            534.5454545454545,
            415.5844155844156,
            584.4155844155844,
            454.025974025974
          ],
          "category": "car",
          "category ID": 3,
          "trunc": true
        }
      ]
    },
    {
      "frame_id": 22,
      "image_path": "frames/bcpfYpmDcp0_003881/images/000022.jpg",
      "accident_id": 7,
      "accident_name": "obstacle",
      "objects": [
        {
          "obj_track_id": 0,
          "bbox": [
            535.5844155844155,
            414.02597402597405,
            585.4545454545454,
            452.46753246753246
          ],
          "category": "car",
          "category ID": 3,
          "trunc": true
        }
      ]
    },
    {
      "frame_id": 23,
      "image_path": "frames/bcpfYpmDcp0_003881/images/000023.jpg",
      "accident_id": 7,
      "accident_name": "obstacle",
      "objects": [
        {
          "obj_track_id": 0,
          "bbox": [
            536.6233766233765,
            412.46753246753246,
            586.4935064935064,
            450.9090909090909
          ],
          "category": "car",
          "category ID": 3,
          "trunc": true
        }
      ]
    },
    {
      "frame_id": 24,
      "image_path": "frames/bcpfYpmDcp0_003881/images/000024.jpg",
      "accident_id": 7,
      "accident_name": "obstacle",
      "objects": [
        {
          "obj_track_id": 0,
          "bbox": [
            523.116883116883,
            410.3896103896104,
            579.7402597402596,
            452.46753246753246
          ],
          "category": "car",
          "category ID": 3,
          "trunc": true
        }
      ]
    },
    {
      "frame_id": 25,
      "image_path": "frames/bcpfYpmDcp0_003881/images/000025.jpg",
      "accident_id": 7,
      "accident_name": "obstacle",
      "objects": [
        {
          "obj_track_id": 0,
          "bbox": [
            509.61038961038946,
            408.31168831168833,
            572.9870129870129,
            454.025974025974
          ],
          "category": "car",
          "category ID": 3,
          "trunc": true
        }
      ]
    },
    {
      "frame_id": 26,
      "image_path": "frames/bcpfYpmDcp0_003881/images/000026.jpg",
      "accident_id": 7,
      "accident_name": "obstacle",
      "objects": [
        {
          "obj_track_id": 0,
          "bbox": [
            491.94805194805195,
            408.31168831168833,
            561.5584415584416,
            461.2987012987013
          ],
          "category": "car",
          "category ID": 3,
          "trunc": true
        }
      ]
    },
    {
      "frame_id": 27,
      "image_path": "frames/bcpfYpmDcp0_003881/images/000027.jpg",
      "accident_id": 7,
      "accident_name": "obstacle",
      "objects": [
        {
          "obj_track_id": 0,
          "bbox": [
            465.97402597402595,
            408.31168831168833,
            538.7012987012987,
            461.2987012987013
          ],
          "category": "car",
          "category ID": 3,
          "trunc": true
        }
      ]
    },
    {
      "frame_id": 28,
      "image_path": "frames/bcpfYpmDcp0_003881/images/000028.jpg",
      "accident_id": 7,
      "accident_name": "obstacle",
      "objects": [
        {
          "obj_track_id": 0,
          "bbox": [
            421.2987012987013,
            408.31168831168833,
            513.7662337662338,
            473.76623376623377
          ],
          "category": "car",
          "category ID": 3,
          "trunc": true
        }
      ]
    },
    {
      "frame_id": 29,
      "image_path": "frames/bcpfYpmDcp0_003881/images/000029.jpg",
      "accident_id": 7,
      "accident_name": "obstacle",
      "objects": [
        {
          "obj_track_id": 0,
          "bbox": [
            372.46753246753246,
            408.31168831168833,
            481.55844155844153,
            485.19480519480516
          ],
          "category": "car",
          "category ID": 3,
          "trunc": true
        }
      ]
    },
    {
      "frame_id": 30,
      "image_path": "frames/bcpfYpmDcp0_003881/images/000030.jpg",
      "accident_id": 7,
      "accident_name": "obstacle",
      "objects": [
        {
          "obj_track_id": 0,
          "bbox": [
            312.2077922077922,
            401.038961038961,
            443.1168831168831,
            503.8961038961039
          ],
          "category": "car",
          "category ID": 3,
          "trunc": true
        }
      ]
    },
    {
      "frame_id": 31,
      "image_path": "frames/bcpfYpmDcp0_003881/images/000031.jpg",
      "accident_id": 7,
      "accident_name": "obstacle",
      "objects": [
        {
          "obj_track_id": 0,
          "bbox": [
            241.55844155844156,
            402.0779220779221,
            404.67532467532465,
            517.4025974025974
          ],
          "category": "car",
          "category ID": 3,
          "trunc": true
        }
      ]
    },
    {
      "frame_id": 32,
      "image_path": "frames/bcpfYpmDcp0_003881/images/000032.jpg",
      "accident_id": 7,
      "accident_name": "obstacle",
      "objects": [
        {
          "obj_track_id": 0,
          "bbox": [
            170.9090909090909,
            401.038961038961,
            354.8051948051948,
            534.025974025974
          ],
          "category": "car",
          "category ID": 3,
          "trunc": true
        }
      ]
    },
    {
      "frame_id": 33,
      "image_path": "frames/bcpfYpmDcp0_003881/images/000033.jpg",
      "accident_id": 7,
      "accident_name": "obstacle",
      "objects": [
        {
          "obj_track_id": 0,
          "bbox": [
            82.59740259740259,
            401.038961038961,
            310.12987012987014,
            544.4155844155844
          ],
          "category": "car",
          "category ID": 3,
          "trunc": true
        }
      ]
    },
    {
      "frame_id": 34,
      "image_path": "frames/bcpfYpmDcp0_003881/images/000034.jpg",
      "accident_id": 7,
      "accident_name": "obstacle",
      "objects": [
        {
          "obj_track_id": 0,
          "bbox": [
            14.025974025974026,
            394.8051948051948,
            257.1428571428571,
            551.6883116883117
          ],
          "category": "car",
          "category ID": 3,
          "trunc": true
        }
      ]
    },
    {
      "frame_id": 35,
      "image_path": "frames/bcpfYpmDcp0_003881/images/000035.jpg",
      "accident_id": 0,
      "accident_name": "normal",
      "objects": []
    },
    {
      "frame_id": 36,
      "image_path": "frames/bcpfYpmDcp0_003881/images/000036.jpg",
      "accident_id": 0,
      "accident_name": "normal",
      "objects": []
    },
    {
      "frame_id": 37,
      "image_path": "frames/bcpfYpmDcp0_003881/images/000037.jpg",
      "accident_id": 0,
      "accident_name": "normal",
      "objects": []
    },
    {
      "frame_id": 38,
      "image_path": "frames/bcpfYpmDcp0_003881/images/000038.jpg",
      "accident_id": 0,
      "accident_name": "normal",
      "objects": []
    },
    {
      "frame_id": 39,
      "image_path": "frames/bcpfYpmDcp0_003881/images/000039.jpg",
      "accident_id": 0,
      "accident_name": "normal",
      "objects": []
    },
    {
      "frame_id": 40,
      "image_path": "frames/bcpfYpmDcp0_003881/images/000040.jpg",
      "accident_id": 0,
      "accident_name": "normal",
      "objects": []
    },
    {
      "frame_id": 41,
      "image_path": "frames/bcpfYpmDcp0_003881/images/000041.jpg",
      "accident_id": 0,
      "accident_name": "normal",
      "objects": []
    },
    {
      "frame_id": 42,
      "image_path": "frames/bcpfYpmDcp0_003881/images/000042.jpg",
      "accident_id": 0,
      "accident_name": "normal",
      "objects": []
    },
    {
      "frame_id": 43,
      "image_path": "frames/bcpfYpmDcp0_003881/images/000043.jpg",
      "accident_id": 0,
      "accident_name": "normal",
      "objects": []
    },
    {
      "frame_id": 44,
      "image_path": "frames/bcpfYpmDcp0_003881/images/000044.jpg",
      "accident_id": 0,
      "accident_name": "normal",
      "objects": []
    },
    {
      "frame_id": 45,
      "image_path": "frames/bcpfYpmDcp0_003881/images/000045.jpg",
      "accident_id": 0,
      "accident_name": "normal",
      "objects": []
    },
    {
      "frame_id": 46,
      "image_path": "frames/bcpfYpmDcp0_003881/images/000046.jpg",
      "accident_id": 0,
      "accident_name": "normal",
      "objects": []
    },
    {
      "frame_id": 47,
      "image_path": "frames/bcpfYpmDcp0_003881/images/000047.jpg",
      "accident_id": 0,
      "accident_name": "normal",
      "objects": []
    },
    {
      "frame_id": 48,
      "image_path": "frames/bcpfYpmDcp0_003881/images/000048.jpg",
      "accident_id": 0,
      "accident_name": "normal",
      "objects": []
    },
    {
      "frame_id": 49,
      "image_path": "frames/bcpfYpmDcp0_003881/images/000049.jpg",
      "accident_id": 0,
      "accident_name": "normal",
      "objects": []
    },
    {
      "frame_id": 50,
      "image_path": "frames/bcpfYpmDcp0_003881/images/000050.jpg",
      "accident_id": 0,
      "accident_name": "normal",
      "objects": []
    },
    {
      "frame_id": 51,
      "image_path": "frames/bcpfYpmDcp0_003881/images/000051.jpg",
      "accident_id": 0,
      "accident_name": "normal",
      "objects": []
    },
    {
      "frame_id": 52,
      "image_path": "frames/bcpfYpmDcp0_003881/images/000052.jpg",
      "accident_id": 0,
      "accident_name": "normal",
      "objects": []
    },
    {
      "frame_id": 53,
      "image_path": "frames/bcpfYpmDcp0_003881/images/000053.jpg",
      "accident_id": 0,
      "accident_name": "normal",
      "objects": []
    },
    {
      "frame_id": 54,
      "image_path": "frames/bcpfYpmDcp0_003881/images/000054.jpg",
      "accident_id": 0,
      "accident_name": "normal",
      "objects": []
    },
    {
      "frame_id": 55,
      "image_path": "frames/bcpfYpmDcp0_003881/images/000055.jpg",
      "accident_id": 0,
      "accident_name": "normal",
      "objects": []
    },
    {
      "frame_id": 56,
      "image_path": "frames/bcpfYpmDcp0_003881/images/000056.jpg",
      "accident_id": 0,
      "accident_name": "normal",
      "objects": []
    },
    {
      "frame_id": 57,
      "image_path": "frames/bcpfYpmDcp0_003881/images/000057.jpg",
      "accident_id": 0,
      "accident_name": "normal",
      "objects": []
    },
    {
      "frame_id": 58,
      "image_path": "frames/bcpfYpmDcp0_003881/images/000058.jpg",
      "accident_id": 0,
      "accident_name": "normal",
      "objects": []
    },
    {
      "frame_id": 59,
      "image_path": "frames/bcpfYpmDcp0_003881/images/000059.jpg",
      "accident_id": 0,
      "accident_name": "normal",
      "objects": []
    },
    {
      "frame_id": 60,
      "image_path": "frames/bcpfYpmDcp0_003881/images/000060.jpg",
      "accident_id": 0,
      "accident_name": "normal",
      "objects": []
    },
    {
      "frame_id": 61,
      "image_path": "frames/bcpfYpmDcp0_003881/images/000061.jpg",
      "accident_id": 0,
      "accident_name": "normal",
      "objects": []
    },
    {
      "frame_id": 62,
      "image_path": "frames/bcpfYpmDcp0_003881/images/000062.jpg",
      "accident_id": 0,
      "accident_name": "normal",
      "objects": []
    },
    {
      "frame_id": 63,
      "image_path": "frames/bcpfYpmDcp0_003881/images/000063.jpg",
      "accident_id": 0,
      "accident_name": "normal",
      "objects": []
    },
    {
      "frame_id": 64,
      "image_path": "frames/bcpfYpmDcp0_003881/images/000064.jpg",
      "accident_id": 0,
      "accident_name": "normal",
      "objects": []
    },
    {
      "frame_id": 65,
      "image_path": "frames/bcpfYpmDcp0_003881/images/000065.jpg",
      "accident_id": 0,
      "accident_name": "normal",
      "objects": []
    },
    {
      "frame_id": 66,
      "image_path": "frames/bcpfYpmDcp0_003881/images/000066.jpg",
      "accident_id": 0,
      "accident_name": "normal",
      "objects": []
    },
    {
      "frame_id": 67,
      "image_path": "frames/bcpfYpmDcp0_003881/images/000067.jpg",
      "accident_id": 0,
      "accident_name": "normal",
      "objects": []
    },
    {
      "frame_id": 68,
      "image_path": "frames/bcpfYpmDcp0_003881/images/000068.jpg",
      "accident_id": 0,
      "accident_name": "normal",
      "objects": []
    },
    {
      "frame_id": 69,
      "image_path": "frames/bcpfYpmDcp0_003881/images/000069.jpg",
      "accident_id": 0,
      "accident_name": "normal",
      "objects": []
    },
    {
      "frame_id": 70,
      "image_path": "frames/bcpfYpmDcp0_003881/images/000070.jpg",
      "accident_id": 0,
      "accident_name": "normal",
      "objects": []
    },
    {
      "frame_id": 71,
      "image_path": "frames/bcpfYpmDcp0_003881/images/000071.jpg",
      "accident_id": 0,
      "accident_name": "normal",
      "objects": []
    }
  ]
}