{
  "video_name": "bFGmOp9H3MA_003407",
  "channel": "AnAn",
  "num_frames": 103,
  "ignore": false,
  "ego_involve": true,
  "night": false,
  "anomaly_start": 17,
  "anomaly_end": 53,
  "video_start": 3407,
  "video_end": 3509,
  "accident_id": "2",
  "accident_name": "moving_ahead_or_waiting",
  "labels": [
    {
      "frame_id": 0,
      "image_path": "frames/bFGmOp9H3MA_003407/images/000000.jpg",
      "accident_id": 0,
      "accident_name": "normal",
      "objects": []
    },
    {
      "frame_id": 1,
      "image_path": "frames/bFGmOp9H3MA_003407/images/000001.jpg",
      "accident_id": 0,
      "accident_name": "normal",
      "objects": []
    },
    {
      "frame_id": 2,
      "image_path": "frames/bFGmOp9H3MA_003407/images/000002.jpg",
      "accident_id": 0,
      "accident_name": "normal",
      "objects": []
    },
    {
      "frame_id": 3,
      "image_path": "frames/bFGmOp9H3MA_003407/images/000003.jpg",
      "accident_id": 0,
      "accident_name": "normal",
      "objects": []
    },
    {
      "frame_id": 4,
      "image_path": "frames/bFGmOp9H3MA_003407/images/000004.jpg",
      "accident_id": 0,
      "accident_name": "normal",
      "objects": []
    },
    {
      "frame_id": 5,
      "image_path": "frames/bFGmOp9H3MA_003407/images/000005.jpg",
      "accident_id": 0,
      "accident_name": "normal",
      "objects": []
    },
    {
      "frame_id": 6,
      "image_path": "frames/bFGmOp9H3MA_003407/images/000006.jpg",
      "accident_id": 0,
      "accident_name": "normal",
      "objects": []
    },
    {
      "frame_id": 7,
      "image_path": "frames/bFGmOp9H3MA_003407/images/000007.jpg",
      "accident_id": 0,
      "accident_name": "normal",
      "objects": []
    },
    {
      "frame_id": 8,
      "image_path": "frames/bFGmOp9H3MA_003407/images/000008.jpg",
      "accident_id": 0,
      "accident_name": "normal",
      "objects": []
    },
    {
      "frame_id": 9,
      "image_path": "frames/bFGmOp9H3MA_003407/images/000009.jpg",
      "accident_id": 0,
      "accident_name": "normal",
      "objects": []
    },
    {
      "frame_id": 10,
      "image_path": "frames/bFGmOp9H3MA_003407/images/000010.jpg",
      "accident_id": 0,
      "accident_name": "normal",
      "objects": []
    },
    {
      "frame_id": 11,
      "image_path": "frames/bFGmOp9H3MA_003407/images/000011.jpg",
      "accident_id": 0,
      "accident_name": "normal",
      "objects": []
    },
    {
      "frame_id": 12,
      "image_path": "frames/bFGmOp9H3MA_003407/images/000012.jpg",
      "accident_id": 0,
      "accident_name": "normal",
      "objects": []
    },
    {
      "frame_id": 13,
      "image_path": "frames/bFGmOp9H3MA_003407/images/000013.jpg",
      "accident_id": 0,
      "accident_name": "normal",
      "objects": []
    },
    {
      "frame_id": 14,
      "image_path": "frames/bFGmOp9H3MA_003407/images/000014.jpg",
      "accident_id": 0,
      "accident_name": "normal",
      "objects": []
    },
    {
      "frame_id": 15,
      "image_path": "frames/bFGmOp9H3MA_003407/images/000015.jpg",
      "accident_id": 0,
      "accident_name": "normal",
      "objects": []
    },
    {
      "frame_id": 16,
      "image_path": "frames/bFGmOp9H3MA_003407/images/000016.jpg",
      "accident_id": 0,
      "accident_name": "normal",
      "objects": []
    },
    {
      "frame_id": 17,
      "image_path": "frames/bFGmOp9H3MA_003407/images/000017.jpg",
      "accident_id": 2,
      "accident_name": "moving_ahead_or_waiting",
      "objects": [
        {
          "obj_track_id": 0,
          "bbox": [
            655.4407294832827,
            216.6565349544073,
            715.9878419452888,
            271.3677811550152
          ],
          "category": "car",
          "category ID": 3,
          "trunc": false
        }
      ]
    },
    {
      "frame_id": 18,
      "image_path": "frames/bFGmOp9H3MA_003407/images/000018.jpg",
      "accident_id": 2,
      "accident_name": "moving_ahead_or_waiting",
      "objects": [
        {
          "obj_track_id": 0,
          "bbox": [
            653.7386018237082,
            217.14285714285714,
            716.4741641337387,
            274.2857142857143
          ],
          "category": "car",
          "category ID": 3,
          "trunc": false
        }
      ]
    },
    {
      "frame_id": 19,
      "image_path": "frames/bFGmOp9H3MA_003407/images/000019.jpg",
      "accident_id": 2,
      "accident_name": "moving_ahead_or_waiting",
      "objects": [
        {
          "obj_track_id": 0,
          "bbox": [
            652.0364741641337,
            217.629179331307,
            716.9604863221884,
            277.2036474164134
          ],
          "category": "car",
          "category ID": 3,
          "trunc": false
        }
      ]
    },
    {
      "frame_id": 20,
      "image_path": "frames/bFGmOp9H3MA_003407/images/000020.jpg",
      "accident_id": 2,
      "accident_name": "moving_ahead_or_waiting",
      "objects": [
        {
          "obj_track_id": 0,
          "bbox": [
            650.3343465045592,
            218.11550151975683,
            717.4468085106383,
            280.12158054711244
          ],
          "category": "car",
          "category ID": 3,
          "trunc": false
        }
      ]
    },
    {
      "frame_id": 21,
      "image_path": "frames/bFGmOp9H3MA_003407/images/000021.jpg",
      "accident_id": 2,
      "accident_name": "moving_ahead_or_waiting",
      "objects": [
        {
          "obj_track_id": 0,
          "bbox": [
            648.8753799392097,
            214.46808510638297,
            723.5258358662614,
            288.0851063829787
          ],
          "category": "car",
          "category ID": 3,
          "trunc": false
        }
      ]
    },
    {
      "frame_id": 22,
      "image_path": "frames/bFGmOp9H3MA_003407/images/000022.jpg",
      "accident_id": 2,
      "accident_name": "moving_ahead_or_waiting",
      "objects": [
        {
          "obj_track_id": 0,
          "bbox": [
            645.2279635258359,
            212.27963525835867,
            720.3647416413373,
            280.8510638297872
          ],
          "category": "car",
          "category ID": 3,
          "trunc": false
        }
      ]
    },
    {
      "frame_id": 23,
      "image_path": "frames/bFGmOp9H3MA_003407/images/000023.jpg",
      "accident_id": 2,
      "accident_name": "moving_ahead_or_waiting",
      "objects": [
        {
          "obj_track_id": 0,
          "bbox": [
            641.9452887537993,
            213.00911854103344,
            722.1884498480242,
            287.78115501519756
          ],
          "category": "car",
          "category ID": 3,
          "trunc": false
        }
      ]
    },
    {
      "frame_id": 24,
      "image_path": "frames/bFGmOp9H3MA_003407/images/000024.jpg",
      "accident_id": 2,
      "accident_name": "moving_ahead_or_waiting",
      "objects": [
        {
          "obj_track_id": 0,
          "bbox": [
            638.6626139817629,
            213.7386018237082,
            724.0121580547112,
            294.7112462006079
          ],
          "category": "car",
          "category ID": 3,
          "trunc": false
        }
      ]
    },
    {
      "frame_id": 25,
      "image_path": "frames/bFGmOp9H3MA_003407/images/000025.jpg",
      "accident_id": 2,
      "accident_name": "moving_ahead_or_waiting",
      "objects": [
        {
          "obj_track_id": 0,
          "bbox": [
            634.6504559270517,
            211.1854103343465,
            728.0243161094224,
            298.3586626139818
          ],
          "category": "car",
          "category ID": 3,
          "trunc": false
        }
      ]
    },
    {
      "frame_id": 26,
      "image_path": "frames/bFGmOp9H3MA_003407/images/000026.jpg",
      "accident_id": 2,
      "accident_name": "moving_ahead_or_waiting",
      "objects": [
        {
          "obj_track_id": 0,
          "bbox": [
            630.6382978723404,
            208.6322188449848,
            732.0364741641338,
            302.0060790273556
          ],
          "category": "car",
          "category ID": 3,
          "trunc": false
        }
      ]
    },
    {
      "frame_id": 27,
      "image_path": "frames/bFGmOp9H3MA_003407/images/000027.jpg",
      "accident_id": 2,
      "accident_name": "moving_ahead_or_waiting",
      "objects": [
        {
          "obj_track_id": 0,
          "bbox": [
            624.8024316109422,
            204.98480243161094,
            737.5075987841944,
            306.74772036474167
          ],
          "category": "car",
          "category ID": 3,
          "trunc": false
        }
      ]
    },
    {
      "frame_id": 28,
      "image_path": "frames/bFGmOp9H3MA_003407/images/000028.jpg",
      "accident_id": 2,
      "accident_name": "moving_ahead_or_waiting",
      "objects": [
        {
          "obj_track_id": 0,
          "bbox": [
            618.9665653495441,
            201.33738601823708,
            742.9787234042553,
            311.48936170212767
          ],
          "category": "car",
          "category ID": 3,
          "trunc": false
        }
      ]
    },
    {
      "frame_id": 29,
      "image_path": "frames/bFGmOp9H3MA_003407/images/000029.jpg",
      "accident_id": 2,
      "accident_name": "moving_ahead_or_waiting",
      "objects": [
        {
          "obj_track_id": 0,
          "bbox": [
            610.2127659574469,
            199.14893617021278,
            751.0030395136779,
            326.0790273556231
          ],
          "category": "car",
          "category ID": 3,
          "trunc": false
        }
      ]
    },
    {
      "frame_id": 30,
      "image_path": "frames/bFGmOp9H3MA_003407/images/000030.jpg",
      "accident_id": 2,
      "accident_name": "moving_ahead_or_waiting",
      "objects": [
        {
          "obj_track_id": 0,
          "bbox": [
            601.4589665653496,
            196.96048632218844,
            759.0273556231003,
            340.66869300911856
          ],
          "category": "car",
          "category ID": 3,
          "trunc": false
        }
      ]
    },
    {
      "frame_id": 31,
      "image_path": "frames/bFGmOp9H3MA_003407/images/000031.jpg",
      "accident_id": 2,
      "accident_name": "moving_ahead_or_waiting",
      "objects": [
        {
          "obj_track_id": 0,
          "bbox": [
            588.6930091185411,
            195.5015197568389,
            770.3343465045593,
            360.0
          ],
          "category": "car",
          "category ID": 3,
          "trunc": false
        }
      ]
    },
    {
      "frame_id": 32,
      "image_path": "frames/bFGmOp9H3MA_003407/images/000032.jpg",
      "accident_id": 2,
      "accident_name": "moving_ahead_or_waiting",
      "objects": [
        {
          "obj_track_id": 0,
          "bbox": [
            575.9270516717326,
            194.04255319148936,
            781.6413373860182,
            379.33130699088144
          ],
          "category": "car",
          "category ID": 3,
          "trunc": false
        }
      ]
    },
    {
      "frame_id": 33,
      "image_path": "frames/bFGmOp9H3MA_003407/images/000033.jpg",
      "accident_id": 2,
      "accident_name": "moving_ahead_or_waiting",
      "objects": [
        {
          "obj_track_id": 0,
          "bbox": [
            556.5957446808511,
            191.12462006079028,
            799.8784194528876,
            400.8510638297872
          ],
          "category": "car",
          "category ID": 3,
          "trunc": false
        }
      ]
    },
    {
      "frame_id": 34,
      "image_path": "frames/bFGmOp9H3MA_003407/images/000034.jpg",
      "accident_id": 2,
      "accident_name": "moving_ahead_or_waiting",
      "objects": [
        {
          "obj_track_id": 0,
          "bbox": [
            537.2644376899696,
            188.2066869300912,
            818.1155015197568,
            422.370820668693
          ],
          "category": "car",
          "category ID": 3,
          "trunc": true
        }
      ]
    },
    {
      "frame_id": 35,
      "image_path": "frames/bFGmOp9H3MA_003407/images/000035.jpg",
      "accident_id": 2,
      "accident_name": "moving_ahead_or_waiting",
      "objects": [
        {
          "obj_track_id": 0,
          "bbox": [
            505.8966565349544,
            194.04255319148936,
            839.2705167173252,
            435.5015197568389
          ],
          "category": "car",
          "category ID": 3,
          "trunc": true
        }
      ]
    },
    {
      "frame_id": 36,
      "image_path": "frames/bFGmOp9H3MA_003407/images/000036.jpg",
      "accident_id": 2,
      "accident_name": "moving_ahead_or_waiting",
      "objects": [
        {
          "obj_track_id": 0,
          "bbox": [
            473.06990881458967,
            189.66565349544072,
            878.6626139817629,
            450.8206686930091
          ],
          "category": "car",
          "category ID": 3,
          "trunc": true
        }
      ]
    },
    {
      "frame_id": 37,
      "image_path": "frames/bFGmOp9H3MA_003407/images/000037.jpg",
      "accident_id": 2,
      "accident_name": "moving_ahead_or_waiting",
      "objects": [
        {
          "obj_track_id": 0,
          "bbox": [
            442.4316109422492,
            194.04255319148936,
            933.3738601823708,
            484.37689969604855
          ],
          "category": "car",
          "category ID": 3,
          "trunc": true
        }
      ]
    },
    {
      "frame_id": 38,
      "image_path": "frames/bFGmOp9H3MA_003407/images/000038.jpg",
      "accident_id": 2,
      "accident_name": "moving_ahead_or_waiting",
      "objects": [
        {
          "obj_track_id": 0,
          "bbox": [
            424.19452887537994,
            194.04255319148936,
            957.4468085106384,
            474.1641337386018
          ],
          "category": "car",
          "category ID": 3,
          "trunc": true
        }
      ]
    },
    {
      "frame_id": 39,
      "image_path": "frames/bFGmOp9H3MA_003407/images/000039.jpg",
      "accident_id": 2,
      "accident_name": "moving_ahead_or_waiting",
      "objects": [
        {
          "obj_track_id": 0,
          "bbox": [
            425.6534954407295,
            170.69908814589667,
            934.8328267477203,
            465.41033434650456
          ],
          "category": "car",
          "category ID": 3,
          "trunc": true
        }
      ]
    },
    {
      "frame_id": 40,
      "image_path": "frames/bFGmOp9H3MA_003407/images/000040.jpg",
      "accident_id": 2,
      "accident_name": "moving_ahead_or_waiting",
      "objects": [
        {
          "obj_track_id": 0,
          "bbox": [
            436.59574468085106,
            170.69908814589667,
            920.2431610942249,
            447.1732522796353
          ],
          "category": "car",
          "category ID": 3,
          "trunc": true
        }
      ]
    },
    {
      "frame_id": 41,
      "image_path": "frames/bFGmOp9H3MA_003407/images/000041.jpg",
      "accident_id": 2,
      "accident_name": "moving_ahead_or_waiting",
      "objects": [
        {
          "obj_track_id": 0,
          "bbox": [
            447.53799392097267,
            185.28875379939208,
            904.9240121580547,
            445.7142857142858
          ],
          "category": "car",
          "category ID": 3,
          "trunc": true
        }
      ]
    },
    {
      "frame_id": 42,
      "image_path": "frames/bFGmOp9H3MA_003407/images/000042.jpg",
      "accident_id": 2,
      "accident_name": "moving_ahead_or_waiting",
      "objects": [
        {
          "obj_track_id": 0,
          "bbox": [
            440.24316109422494,
            193.31306990881458,
            902.7355623100303,
            445.7142857142857
          ],
          "category": "car",
          "category ID": 3,
          "trunc": true
        }
      ]
    },
    {
      "frame_id": 43,
      "image_path": "frames/bFGmOp9H3MA_003407/images/000043.jpg",
      "accident_id": 2,
      "accident_name": "moving_ahead_or_waiting",
      "objects": [
        {
          "obj_track_id": 0,
          "bbox": [
            436.59574468085106,
            193.31306990881458,
            901.2765957446809,
            450.09118541033433
          ],
          "category": "car",
          "category ID": 3,
          "trunc": true
        }
      ]
    },
    {
      "frame_id": 44,
      "image_path": "frames/bFGmOp9H3MA_003407/images/000044.jpg",
      "accident_id": 2,
      "accident_name": "moving_ahead_or_waiting",
      "objects": [
        {
          "obj_track_id": 0,
          "bbox": [
            437.32522796352583,
            180.91185410334347,
            893.9817629179331,
            451.5501519756839
          ],
          "category": "car",
          "category ID": 3,
          "trunc": true
        }
      ]
    },
    {
      "frame_id": 45,
      "image_path": "frames/bFGmOp9H3MA_003407/images/000045.jpg",
      "accident_id": 2,
      "accident_name": "moving_ahead_or_waiting",
      "objects": [
        {
          "obj_track_id": 0,
          "bbox": [
            447.53799392097267,
            173.61702127659575,
            885.2279635258359,
            446.44376899696056
          ],
          "category": "car",
          "category ID": 3,
          "trunc": true
        }
      ]
    },
    {
      "frame_id": 46,
      "image_path": "frames/bFGmOp9H3MA_003407/images/000046.jpg",
      "accident_id": 2,
      "accident_name": "moving_ahead_or_waiting",
      "objects": [
        {
          "obj_track_id": 0,
          "bbox": [
            451.00303951367783,
            175.07598784194528,
            881.9452887537993,
            444.0729483282675
          ],
          "category": "car",
          "category ID": 3,
          "trunc": true
        }
      ]
    },
    {
      "frame_id": 47,
      "image_path": "frames/bFGmOp9H3MA_003407/images/000047.jpg",
      "accident_id": 2,
      "accident_name": "moving_ahead_or_waiting",
      "objects": [
        {
          "obj_track_id": 0,
          "bbox": [
            458.4802431610942,
            187.47720364741642,
            870.6382978723404,
            441.7021276595745
          ],
          "category": "car",
          "category ID": 3,
          "trunc": true
        }
      ]
    },
    {
      "frame_id": 48,
      "image_path": "frames/bFGmOp9H3MA_003407/images/000048.jpg",
      "accident_id": 2,
      "accident_name": "moving_ahead_or_waiting",
      "objects": [
        {
          "obj_track_id": 0,
          "bbox": [
            459.9392097264438,
            190.3951367781155,
            871.3677811550152,
            439.33130699088144
          ],
          "category": "car",
          "category ID": 3,
          "trunc": true
        }
      ]
    },
    {
      "frame_id": 49,
      "image_path": "frames/bFGmOp9H3MA_003407/images/000049.jpg",
      "accident_id": 2,
      "accident_name": "moving_ahead_or_waiting",
      "objects": [
        {
          "obj_track_id": 0,
          "bbox": [
            461.39817629179333,
            193.31306990881458,
            872.09726443769,
            436.96048632218844
          ],
          "category": "car",
          "category ID": 3,
          "trunc": true
        }
      ]
    },
    {
      "frame_id": 50,
      "image_path": "frames/bFGmOp9H3MA_003407/images/000050.jpg",
      "accident_id": 2,
      "accident_name": "moving_ahead_or_waiting",
      "objects": [
        {
          "obj_track_id": 0,
          "bbox": [
            461.4792299898683,
            193.39412360688956,
            872.016210739615,
            436.96048632218844
          ],
          "category": "car",
          "category ID": 3,
          "trunc": true
        }
      ]
    },
    {
      "frame_id": 51,
      "image_path": "frames/bFGmOp9H3MA_003407/images/000051.jpg",
      "accident_id": 2,
      "accident_name": "moving_ahead_or_waiting",
      "objects": [
        {
          "obj_track_id": 0,
          "bbox": [
            461.5602836879433,
            193.47517730496455,
            871.9351570415402,
            436.96048632218844
          ],
          "category": "car",
          "category ID": 3,
          "trunc": true
        }
      ]
    },
    {
      "frame_id": 52,
      "image_path": "frames/bFGmOp9H3MA_003407/images/000052.jpg",
      "accident_id": 2,
      "accident_name": "moving_ahead_or_waiting",
      "objects": [
        {
          "obj_track_id": 0,
          "bbox": [
            461.6413373860182,
            193.5562310030395,
            871.8541033434651,
            436.96048632218844
          ],
          "category": "car",
          "category ID": 3,
          "trunc": true
        }
      ]
    },
    {
      "frame_id": 53,
      "image_path": "frames/bFGmOp9H3MA_003407/images/000053.jpg",
      "accident_id": 0,
      "accident_name": "normal",
      "objects": []
    },
    {
      "frame_id": 54,
      "image_path": "frames/bFGmOp9H3MA_003407/images/000054.jpg",
      "accident_id": 0,
      "accident_name": "normal",
      "objects": []
    },
    {
      "frame_id": 55,
      "image_path": "frames/bFGmOp9H3MA_003407/images/000055.jpg",
      "accident_id": 0,
      "accident_name": "normal",
      "objects": []
    },
    {
      "frame_id": 56,
      "image_path": "frames/bFGmOp9H3MA_003407/images/000056.jpg",
      "accident_id": 0,
      "accident_name": "normal",
      "objects": []
    },
    {
      "frame_id": 57,
      "image_path": "frames/bFGmOp9H3MA_003407/images/000057.jpg",
      "accident_id": 0,
      "accident_name": "normal",
      "objects": []
    },
    {
      "frame_id": 58,
      "image_path": "frames/bFGmOp9H3MA_003407/images/000058.jpg",
      "accident_id": 0,
      "accident_name": "normal",
      "objects": []
    },
    {
      "frame_id": 59,
      "image_path": "frames/bFGmOp9H3MA_003407/images/000059.jpg",
      "accident_id": 0,
      "accident_name": "normal",
      "objects": []
    },
    {
      "frame_id": 60,
      "image_path": "frames/bFGmOp9H3MA_003407/images/000060.jpg",
      "accident_id": 0,
      "accident_name": "normal",
      "objects": []
    },
    {
      "frame_id": 61,
      "image_path": "frames/bFGmOp9H3MA_003407/images/000061.jpg",
      "accident_id": 0,
      "accident_name": "normal",
      "objects": []
    },
    {
      "frame_id": 62,
      "image_path": "frames/bFGmOp9H3MA_003407/images/000062.jpg",
      "accident_id": 0,
      "accident_name": "normal",
      "objects": []
    },
    {
      "frame_id": 63,
      "image_path": "frames/bFGmOp9H3MA_003407/images/000063.jpg",
      "accident_id": 0,
      "accident_name": "normal",
      "objects": []
    },
    {
      "frame_id": 64,
      "image_path": "frames/bFGmOp9H3MA_003407/images/000064.jpg",
      "accident_id": 0,
      "accident_name": "normal",
      "objects": []
    },
    {
      "frame_id": 65,
      "image_path": "frames/bFGmOp9H3MA_003407/images/000065.jpg",
      "accident_id": 0,
      "accident_name": "normal",
      "objects": []
    },
    {
      "frame_id": 66,
      "image_path": "frames/bFGmOp9H3MA_003407/images/000066.jpg",
      "accident_id": 0,
      "accident_name": "normal",
      "objects": []
    },
    {
      "frame_id": 67,
      "image_path": "frames/bFGmOp9H3MA_003407/images/000067.jpg",
      "accident_id": 0,
      "accident_name": "normal",
      "objects": []
    },
    {
      "frame_id": 68,
      "image_path": "frames/bFGmOp9H3MA_003407/images/000068.jpg",
      "accident_id": 0,
      "accident_name": "normal",
      "objects": []
    },
    {
      "frame_id": 69,
      "image_path": "frames/bFGmOp9H3MA_003407/images/000069.jpg",
      "accident_id": 0,
      "accident_name": "normal",
      "objects": []
    },
    {
      "frame_id": 70,
      "image_path": "frames/bFGmOp9H3MA_003407/images/000070.jpg",
      "accident_id": 0,
      "accident_name": "normal",
      "objects": []
    },
    {
      "frame_id": 71,
      "image_path": "frames/bFGmOp9H3MA_003407/images/000071.jpg",
      "accident_id": 0,
      "accident_name": "normal",
      "objects": []
    },
    {
      "frame_id": 72,
      "image_path": "frames/bFGmOp9H3MA_003407/images/000072.jpg",
      "accident_id": 0,
      "accident_name": "normal",
      "objects": []
    },
    {
      "frame_id": 73,
      "image_path": "frames/bFGmOp9H3MA_003407/images/000073.jpg",
      "accident_id": 0,
      "accident_name": "normal",
      "objects": []
    },
    {
      "frame_id": 74,
      "image_path": "frames/bFGmOp9H3MA_003407/images/000074.jpg",
      "accident_id": 0,
      "accident_name": "normal",
      "objects": []
    },
    {
      "frame_id": 75,
      "image_path": "frames/bFGmOp9H3MA_003407/images/000075.jpg",
      "accident_id": 0,
      "accident_name": "normal",
      "objects": []
    },
    {
      "frame_id": 76,
      "image_path": "frames/bFGmOp9H3MA_003407/images/000076.jpg",
      "accident_id": 0,
      "accident_name": "normal",
      "objects": []
    },
    {
      "frame_id": 77,
      "image_path": "frames/bFGmOp9H3MA_003407/images/000077.jpg",
      "accident_id": 0,
      "accident_name": "normal",
      "objects": []
    },
    {
      "frame_id": 78,
      "image_path": "frames/bFGmOp9H3MA_003407/images/000078.jpg",
      "accident_id": 0,
      "accident_name": "normal",
      "objects": []
    },
    {
      "frame_id": 79,
      "image_path": "frames/bFGmOp9H3MA_003407/images/000079.jpg",
      "accident_id": 0,
      "accident_name": "normal",
      "objects": []
    },
    {
      "frame_id": 80,
      "image_path": "frames/bFGmOp9H3MA_003407/images/000080.jpg",
      "accident_id": 0,
      "accident_name": "normal",
      "objects": []
    },
    {
      "frame_id": 81,
      "image_path": "frames/bFGmOp9H3MA_003407/images/000081.jpg",
      "accident_id": 0,
      "accident_name": "normal",
      "objects": []
    },
    {
      "frame_id": 82,
      "image_path": "frames/bFGmOp9H3MA_003407/images/000082.jpg",
      "accident_id": 0,
      "accident_name": "normal",
      "objects": []
    },
    {
      "frame_id": 83,
      "image_path": "frames/bFGmOp9H3MA_003407/images/000083.jpg",
      "accident_id": 0,
      "accident_name": "normal",
      "objects": []
    },
    {
      "frame_id": 84,
      "image_path": "frames/bFGmOp9H3MA_003407/images/000084.jpg",
      "accident_id": 0,
      "accident_name": "normal",
      "objects": []
    },
    {
      "frame_id": 85,
      "image_path": "frames/bFGmOp9H3MA_003407/images/000085.jpg",
      "accident_id": 0,
      "accident_name": "normal",
      "objects": []
    },
    {
      "frame_id": 86,
      "image_path": "frames/bFGmOp9H3MA_003407/images/000086.jpg",
      "accident_id": 0,
      "accident_name": "normal",
      "objects": []
    },
    {
      "frame_id": 87,
      "image_path": "frames/bFGmOp9H3MA_003407/images/000087.jpg",
      "accident_id": 0,
      "accident_name": "normal",
      "objects": []
    },
    {
      "frame_id": 88,
      "image_path": "frames/bFGmOp9H3MA_003407/images/000088.jpg",
      "accident_id": 0,
      "accident_name": "normal",
      "objects": []
    },
    {
      "frame_id": 89,
      "image_path": "frames/bFGmOp9H3MA_003407/images/000089.jpg",
      "accident_id": 0,
      "accident_name": "normal",
      "objects": []
    },
    {
      "frame_id": 90,
      "image_path": "frames/bFGmOp9H3MA_003407/images/000090.jpg",
      "accident_id": 0,
      "accident_name": "normal",
      "objects": []
    },
    {
      "frame_id": 91,
      "image_path": "frames/bFGmOp9H3MA_003407/images/000091.jpg",
      "accident_id": 0,
      "accident_name": "normal",
      "objects": []
    },
    {
      "frame_id": 92,
      "image_path": "frames/bFGmOp9H3MA_003407/images/000092.jpg",
      "accident_id": 0,
      "accident_name": "normal",
      "objects": []
    },
    {
      "frame_id": 93,
      "image_path": "frames/bFGmOp9H3MA_003407/images/000093.jpg",
      "accident_id": 0,
      "accident_name": "normal",
      "objects": []
    },
    {
      "frame_id": 94,
      "image_path": "frames/bFGmOp9H3MA_003407/images/000094.jpg",
      "accident_id": 0,
      "accident_name": "normal",
      "objects": []
    },
    {
      "frame_id": 95,
      "image_path": "frames/bFGmOp9H3MA_003407/images/000095.jpg",
      "accident_id": 0,
      "accident_name": "normal",
      "objects": []
    },
    {
      "frame_id": 96,
      "image_path": "frames/bFGmOp9H3MA_003407/images/000096.jpg",
      "accident_id": 0,
      "accident_name": "normal",
      "objects": []
    },
    {
      "frame_id": 97,
      "image_path": "frames/bFGmOp9H3MA_003407/images/000097.jpg",
      "accident_id": 0,
      "accident_name": "normal",
      "objects": []
    },
    {
      "frame_id": 98,
      "image_path": "frames/bFGmOp9H3MA_003407/images/000098.jpg",
      "accident_id": 0,
      "accident_name": "normal",
      "objects": []
    },
    {
      "frame_id": 99,
      "image_path": "frames/bFGmOp9H3MA_003407/images/000099.jpg",
      "accident_id": 0,
      "accident_name": "normal",
      "objects": []
    },
    {
      "frame_id": 100,
      "image_path": "frames/bFGmOp9H3MA_003407/images/000100.jpg",
      "accident_id": 0,
      "accident_name": "normal",
      "objects": []
    },
    {
      "frame_id": 101,
      "image_path": "frames/bFGmOp9H3MA_003407/images/000101.jpg",
      "accident_id": 0,
      "accident_name": "normal",
      "objects": []
    },
    {
      "frame_id": 102,
      "image_path": "frames/bFGmOp9H3MA_003407/images/000102.jpg",
      "accident_id": 0,
      "accident_name": "normal",
      "objects": []
    }
  ]
}