{
  "video_name": "bhA2ckvE-TQ_003020",
  "channel": "CarCrashesTime",
  "num_frames": 105,
  "ignore": false,
  "ego_involve": false,
  "night": false,
  "anomaly_start": 39,
  "anomaly_end": 89,
  "video_start": 3020,
  "video_end": 3124,
  "accident_id": "5",
  "accident_name": "turning",
  "labels": [
    {
      "frame_id": 0,
      "image_path": "frames/bhA2ckvE-TQ_003020/images/000000.jpg",
      "accident_id": 0,
      "accident_name": "normal",
      "objects": []
    },
    {
      "frame_id": 1,
      "image_path": "frames/bhA2ckvE-TQ_003020/images/000001.jpg",
      "accident_id": 0,
      "accident_name": "normal",
      "objects": []
    },
    {
      "frame_id": 2,
      "image_path": "frames/bhA2ckvE-TQ_003020/images/000002.jpg",
      "accident_id": 0,
      "accident_name": "normal",
      "objects": []
    },
    {
      "frame_id": 3,
      "image_path": "frames/bhA2ckvE-TQ_003020/images/000003.jpg",
      "accident_id": 0,
      "accident_name": "normal",
      "objects": []
    },
    {
      "frame_id": 4,
      "image_path": "frames/bhA2ckvE-TQ_003020/images/000004.jpg",
      "accident_id": 0,
      "accident_name": "normal",
      "objects": []
    },
    {
      "frame_id": 5,
      "image_path": "frames/bhA2ckvE-TQ_003020/images/000005.jpg",
      "accident_id": 0,
      "accident_name": "normal",
      "objects": []
    },
    {
      "frame_id": 6,
      "image_path": "frames/bhA2ckvE-TQ_003020/images/000006.jpg",
      "accident_id": 0,
      "accident_name": "normal",
      "objects": []
    },
    {
      "frame_id": 7,
      "image_path": "frames/bhA2ckvE-TQ_003020/images/000007.jpg",
      "accident_id": 0,
      "accident_name": "normal",
      "objects": []
    },
    {
      "frame_id": 8,
      "image_path": "frames/bhA2ckvE-TQ_003020/images/000008.jpg",
      "accident_id": 0,
      "accident_name": "normal",
      "objects": []
    },
    {
      "frame_id": 9,
      "image_path": "frames/bhA2ckvE-TQ_003020/images/000009.jpg",
      "accident_id": 0,
      "accident_name": "normal",
      "objects": []
    },
    {
      "frame_id": 10,
      "image_path": "frames/bhA2ckvE-TQ_003020/images/000010.jpg",
      "accident_id": 0,
      "accident_name": "normal",
      "objects": []
    },
    {
      "frame_id": 11,
      "image_path": "frames/bhA2ckvE-TQ_003020/images/000011.jpg",
      "accident_id": 0,
      "accident_name": "normal",
      "objects": []
    },
    {
      "frame_id": 12,
      "image_path": "frames/bhA2ckvE-TQ_003020/images/000012.jpg",
      "accident_id": 0,
      "accident_name": "normal",
      "objects": []
    },
    {
      "frame_id": 13,
      "image_path": "frames/bhA2ckvE-TQ_003020/images/000013.jpg",
      "accident_id": 0,
      "accident_name": "normal",
      "objects": []
    },
    {
      "frame_id": 14,
      "image_path": "frames/bhA2ckvE-TQ_003020/images/000014.jpg",
      "accident_id": 0,
      "accident_name": "normal",
      "objects": []
    },
    {
      "frame_id": 15,
      "image_path": "frames/bhA2ckvE-TQ_003020/images/000015.jpg",
      "accident_id": 0,
      "accident_name": "normal",
      "objects": []
    },
    {
      "frame_id": 16,
      "image_path": "frames/bhA2ckvE-TQ_003020/images/000016.jpg",
      "accident_id": 0,
      "accident_name": "normal",
      "objects": []
    },
    {
      "frame_id": 17,
      "image_path": "frames/bhA2ckvE-TQ_003020/images/000017.jpg",
      "accident_id": 0,
      "accident_name": "normal",
      "objects": []
    },
    {
      "frame_id": 18,
      "image_path": "frames/bhA2ckvE-TQ_003020/images/000018.jpg",
      "accident_id": 0,
      "accident_name": "normal",
      "objects": []
    },
    {
      "frame_id": 19,
      "image_path": "frames/bhA2ckvE-TQ_003020/images/000019.jpg",
      "accident_id": 0,
      "accident_name": "normal",
      "objects": []
    },
    {
      "frame_id": 20,
      "image_path": "frames/bhA2ckvE-TQ_003020/images/000020.jpg",
      "accident_id": 0,
      "accident_name": "normal",
      "objects": []
    },
    {
      "frame_id": 21,
      "image_path": "frames/bhA2ckvE-TQ_003020/images/000021.jpg",
      "accident_id": 0,
      "accident_name": "normal",
      "objects": []
    },
    {
      "frame_id": 22,
      "image_path": "frames/bhA2ckvE-TQ_003020/images/000022.jpg",
      "accident_id": 0,
      "accident_name": "normal",
      "objects": []
    },
    {
      "frame_id": 23,
      "image_path": "frames/bhA2ckvE-TQ_003020/images/000023.jpg",
      "accident_id": 0,
      "accident_name": "normal",
      "objects": []
    },
    {
      "frame_id": 24,
      "image_path": "frames/bhA2ckvE-TQ_003020/images/000024.jpg",
      "accident_id": 0,
      "accident_name": "normal",
      "objects": []
    },
    {
      "frame_id": 25,
      "image_path": "frames/bhA2ckvE-TQ_003020/images/000025.jpg",
      "accident_id": 0,
      "accident_name": "normal",
      "objects": []
    },
    {
      "frame_id": 26,
      "image_path": "frames/bhA2ckvE-TQ_003020/images/000026.jpg",
      "accident_id": 0,
      "accident_name": "normal",
      "objects": []
    },
    {
      "frame_id": 27,
      "image_path": "frames/bhA2ckvE-TQ_003020/images/000027.jpg",
      "accident_id": 0,
      "accident_name": "normal",
      "objects": []
    },
    {
      "frame_id": 28,
      "image_path": "frames/bhA2ckvE-TQ_003020/images/000028.jpg",
      "accident_id": 0,
      "accident_name": "normal",
      "objects": []
    },
    {
      "frame_id": 29,
      "image_path": "frames/bhA2ckvE-TQ_003020/images/000029.jpg",
      "accident_id": 0,
      "accident_name": "normal",
      "objects": []
    },
    {
      "frame_id": 30,
      "image_path": "frames/bhA2ckvE-TQ_003020/images/000030.jpg",
      "accident_id": 0,
      "accident_name": "normal",
      "objects": []
    },
    {
      "frame_id": 31,
      "image_path": "frames/bhA2ckvE-TQ_003020/images/000031.jpg",
      "accident_id": 0,
      "accident_name": "normal",
      "objects": []
    },
    {
      "frame_id": 32,
      "image_path": "frames/bhA2ckvE-TQ_003020/images/000032.jpg",
      "accident_id": 0,
      "accident_name": "normal",
      "objects": []
    },
    {
      "frame_id": 33,
      "image_path": "frames/bhA2ckvE-TQ_003020/images/000033.jpg",
      "accident_id": 0,
      "accident_name": "normal",
      "objects": []
    },
    {
      "frame_id": 34,
      "image_path": "frames/bhA2ckvE-TQ_003020/images/000034.jpg",
      "accident_id": 0,
      "accident_name": "normal",
      "objects": []
    },
    {
      "frame_id": 35,
      "image_path": "frames/bhA2ckvE-TQ_003020/images/000035.jpg",
      "accident_id": 0,
      "accident_name": "normal",
      "objects": []
    },
    {
      "frame_id": 36,
      "image_path": "frames/bhA2ckvE-TQ_003020/images/000036.jpg",
      "accident_id": 0,
      "accident_name": "normal",
      "objects": []
    },
    {
      "frame_id": 37,
      "image_path": "frames/bhA2ckvE-TQ_003020/images/000037.jpg",
      "accident_id": 0,
      "accident_name": "normal",
      "objects": []
    },
    {
      "frame_id": 38,
      "image_path": "frames/bhA2ckvE-TQ_003020/images/000038.jpg",
      "accident_id": 0,
      "accident_name": "normal",
      "objects": []
    },
    {
      "frame_id": 39,
      "image_path": "frames/bhA2ckvE-TQ_003020/images/000039.jpg",
      "accident_id": 5,
      "accident_name": "turning",
      "objects": [
        {
          "obj_track_id": 560,
          "bbox": [
            1003.0569551672681,
            384.248685915905,
            1107.97923081238,
            437.40930557609494
          ],
          "category": "car",
          "category ID": 3,
          "trunc": false
        },
        {
          "obj_track_id": 225,
          "bbox": [
            713.4714743867597,
            412.2279594212681,
            821.1916773824078,
            505.9585256642346
          ],
          "category": "car",
          "category ID": 3,
          "trunc": false
        }
      ]
    },
    {
      "frame_id": 40,
      "image_path": "frames/bhA2ckvE-TQ_003020/images/000040.jpg",
      "accident_id": 5,
      "accident_name": "turning",
      "objects": [
        {
          "obj_track_id": 560,
          "bbox": [
            959.6890812339552,
            391.2435042922458,
            1073.005138930676,
            445.80308762770386
          ],
          "category": "car",
          "category ID": 3,
          "trunc": false
        },
        {
          "obj_track_id": 225,
          "bbox": [
            735.8548931910502,
            409.43003207073184,
            836.5802778103575,
            497.56474361262565
          ],
          "category": "car",
          "category ID": 3,
          "trunc": false
        }
      ]
    },
    {
      "frame_id": 41,
      "image_path": "frames/bhA2ckvE-TQ_003020/images/000041.jpg",
      "accident_id": 5,
      "accident_name": "turning",
      "objects": [
        {
          "obj_track_id": 560,
          "bbox": [
            910.7253525995698,
            396.8393589933184,
            1035.2331196984358,
            454.19686967931284
          ],
          "category": "car",
          "category ID": 3,
          "trunc": false
        },
        {
          "obj_track_id": 225,
          "bbox": [
            756.8393483200725,
            410.828995746,
            850.5699145630391,
            494.7668162620894
          ],
          "category": "car",
          "category ID": 3,
          "trunc": false
        }
      ]
    },
    {
      "frame_id": 42,
      "image_path": "frames/bhA2ckvE-TQ_003020/images/000042.jpg",
      "accident_id": 5,
      "accident_name": "turning",
      "objects": [
        {
          "obj_track_id": 560,
          "bbox": [
            854.7668055888436,
            398.2383226685866,
            984.8704273887821,
            458.3937607051173
          ],
          "category": "car",
          "category ID": 3,
          "trunc": false
        },
        {
          "obj_track_id": 225,
          "bbox": [
            773.6269124232905,
            403.8341773696592,
            860.3626602899161,
            477.9792521588715
          ],
          "category": "car",
          "category ID": 3,
          "trunc": false
        }
      ]
    },
    {
      "frame_id": 43,
      "image_path": "frames/bhA2ckvE-TQ_003020/images/000043.jpg",
      "accident_id": 5,
      "accident_name": "turning",
      "objects": [
        {
          "obj_track_id": 560,
          "bbox": [
            812.7978953307988,
            396.8393589933184,
            941.5025534554692,
            449.9999786535084
          ],
          "category": "car",
          "category ID": 3,
          "trunc": false
        },
        {
          "obj_track_id": 225,
          "bbox": [
            784.8186218254357,
            396.8393589933184,
            865.9585149909888,
            472.3833974577989
          ],
          "category": "car",
          "category ID": 3,
          "trunc": false
        }
      ]
    },
    {
      "frame_id": 44,
      "image_path": "frames/bhA2ckvE-TQ_003020/images/000044.jpg",
      "accident_id": 5,
      "accident_name": "turning",
      "objects": [
        {
          "obj_track_id": 560,
          "bbox": [
            769.430021397486,
            389.8445406169776,
            906.5284615737653,
            458.3937607051173
          ],
          "category": "car",
          "category ID": 3,
          "trunc": false
        },
        {
          "obj_track_id": 225,
          "bbox": [
            772.2279487480223,
            391.2435042922458,
            892.5388248210837,
            461.19168805565363
          ],
          "category": "car",
          "category ID": 3,
          "trunc": false
        }
      ]
    },
    {
      "frame_id": 45,
      "image_path": "frames/bhA2ckvE-TQ_003020/images/000045.jpg",
      "accident_id": 5,
      "accident_name": "turning",
      "objects": [
        {
          "obj_track_id": 225,
          "bbox": [
            745.6476389179273,
            391.2435042922458,
            900.9326068726926,
            461.19168805565363
          ],
          "category": "car",
          "category ID": 3,
          "trunc": false
        }
      ]
    },
    {
      "frame_id": 46,
      "image_path": "frames/bhA2ckvE-TQ_003020/images/000046.jpg",
      "accident_id": 5,
      "accident_name": "turning",
      "objects": [
        {
          "obj_track_id": 225,
          "bbox": [
            720.4662927631006,
            391.2435042922458,
            900.9326068726926,
            456.9947970298491
          ],
          "category": "car",
          "category ID": 3,
          "trunc": false
        }
      ]
    },
    {
      "frame_id": 47,
      "image_path": "frames/bhA2ckvE-TQ_003020/images/000047.jpg",
      "accident_id": 5,
      "accident_name": "turning",
      "objects": [
        {
          "obj_track_id": 225,
          "bbox": [
            703.6787286598826,
            391.2435042922458,
            895.3367521716201,
            456.9947970298491
          ],
          "category": "car",
          "category ID": 3,
          "trunc": false
        }
      ]
    },
    {
      "frame_id": 48,
      "image_path": "frames/bhA2ckvE-TQ_003020/images/000048.jpg",
      "accident_id": 5,
      "accident_name": "turning",
      "objects": [
        {
          "obj_track_id": 225,
          "bbox": [
            693.8859829330055,
            394.0414316427821,
            882.7460790942066,
            458.3937607051173
          ],
          "category": "car",
          "category ID": 3,
          "trunc": false
        }
      ]
    },
    {
      "frame_id": 49,
      "image_path": "frames/bhA2ckvE-TQ_003020/images/000049.jpg",
      "accident_id": 5,
      "accident_name": "turning",
      "objects": [
        {
          "obj_track_id": 225,
          "bbox": [
            703.6787286598826,
            399.6372863438547,
            872.9533333673296,
            466.7875427567262
          ],
          "category": "car",
          "category ID": 3,
          "trunc": false
        }
      ]
    },
    {
      "frame_id": 50,
      "image_path": "frames/bhA2ckvE-TQ_003020/images/000050.jpg",
      "accident_id": 5,
      "accident_name": "turning",
      "objects": [
        {
          "obj_track_id": 225,
          "bbox": [
            710.6735470362235,
            408.03106839546365,
            857.5647329393798,
            473.782361133067
          ],
          "category": "car",
          "category ID": 3,
          "trunc": false
        }
      ]
    },
    {
      "frame_id": 51,
      "image_path": "frames/bhA2ckvE-TQ_003020/images/000051.jpg",
      "accident_id": 5,
      "accident_name": "turning",
      "objects": [
        {
          "obj_track_id": 225,
          "bbox": [
            705.0776923351508,
            416.42485044707263,
            842.1761325114301,
            482.17614318467594
          ],
          "category": "car",
          "category ID": 3,
          "trunc": false
        }
      ]
    },
    {
      "frame_id": 52,
      "image_path": "frames/bhA2ckvE-TQ_003020/images/000052.jpg",
      "accident_id": 5,
      "accident_name": "turning",
      "objects": [
        {
          "obj_track_id": 225,
          "bbox": [
            707.8756196856871,
            422.0207051481452,
            822.590641057676,
            483.5751068599441
          ],
          "category": "car",
          "category ID": 3,
          "trunc": false
        }
      ]
    },
    {
      "frame_id": 53,
      "image_path": "frames/bhA2ckvE-TQ_003020/images/000053.jpg",
      "accident_id": 5,
      "accident_name": "turning",
      "objects": [
        {
          "obj_track_id": 225,
          "bbox": [
            713.4714743867597,
            419.2227777976089,
            819.7927137071396,
            484.97407053521226
          ],
          "category": "car",
          "category ID": 3,
          "trunc": false
        }
      ]
    },
    {
      "frame_id": 54,
      "image_path": "frames/bhA2ckvE-TQ_003020/images/000054.jpg",
      "accident_id": 5,
      "accident_name": "turning",
      "objects": [
        {
          "obj_track_id": 225,
          "bbox": [
            721.8652564383686,
            416.42485044707263,
            804.4041132791899,
            482.17614318467594
          ],
          "category": "car",
          "category ID": 3,
          "trunc": false
        }
      ]
    },
    {
      "frame_id": 55,
      "image_path": "frames/bhA2ckvE-TQ_003020/images/000055.jpg",
      "accident_id": 5,
      "accident_name": "turning",
      "objects": [
        {
          "obj_track_id": 225,
          "bbox": [
            721.8652564383686,
            419.2227777976089,
            803.0051496039217,
            482.17614318467594
          ],
          "category": "car",
          "category ID": 3,
          "trunc": false
        }
      ]
    },
    {
      "frame_id": 56,
      "image_path": "frames/bhA2ckvE-TQ_003020/images/000056.jpg",
      "accident_id": 5,
      "accident_name": "turning",
      "objects": [
        {
          "obj_track_id": 225,
          "bbox": [
            733.056965840514,
            419.2227777976089,
            816.9947863566033,
            483.5751068599441
          ],
          "category": "car",
          "category ID": 3,
          "trunc": false
        }
      ]
    },
    {
      "frame_id": 57,
      "image_path": "frames/bhA2ckvE-TQ_003020/images/000057.jpg",
      "accident_id": 5,
      "accident_name": "turning",
      "objects": [
        {
          "obj_track_id": 225,
          "bbox": [
            741.4507478921229,
            417.82381412234076,
            833.7823504598211,
            483.5751068599441
          ],
          "category": "car",
          "category ID": 3,
          "trunc": false
        }
      ]
    },
    {
      "frame_id": 58,
      "image_path": "frames/bhA2ckvE-TQ_003020/images/000058.jpg",
      "accident_id": 5,
      "accident_name": "turning",
      "objects": [
        {
          "obj_track_id": 225,
          "bbox": [
            749.8445299437318,
            422.0207051481452,
            847.7719872125027,
            483.5751068599441
          ],
          "category": "car",
          "category ID": 3,
          "trunc": false
        }
      ]
    },
    {
      "frame_id": 59,
      "image_path": "frames/bhA2ckvE-TQ_003020/images/000059.jpg",
      "accident_id": 5,
      "accident_name": "turning",
      "objects": [
        {
          "obj_track_id": 225,
          "bbox": [
            749.8445299437318,
            422.0207051481452,
            861.7616239651843,
            483.5751068599441
          ],
          "category": "car",
          "category ID": 3,
          "trunc": false
        }
      ]
    },
    {
      "frame_id": 60,
      "image_path": "frames/bhA2ckvE-TQ_003020/images/000060.jpg",
      "accident_id": 5,
      "accident_name": "turning",
      "objects": [
        {
          "obj_track_id": 225,
          "bbox": [
            766.6320940469496,
            422.0207051481452,
            874.3522970425977,
            484.97407053521226
          ],
          "category": "car",
          "category ID": 3,
          "trunc": false
        },
        {
          "obj_track_id": 560,
          "bbox": [
            677.0984188297876,
            413.6269230965363,
            780.6217307996312,
            469.58547010726255
          ],
          "category": "car",
          "category ID": 3,
          "trunc": false
        }
      ]
    },
    {
      "frame_id": 61,
      "image_path": "frames/bhA2ckvE-TQ_003020/images/000061.jpg",
      "accident_id": 5,
      "accident_name": "turning",
      "objects": [
        {
          "obj_track_id": 560,
          "bbox": [
            691.0880555824692,
            412.2279594212681,
            797.4092949028491,
            473.782361133067
          ],
          "category": "car",
          "category ID": 3,
          "trunc": false
        },
        {
          "obj_track_id": 225,
          "bbox": [
            766.6320940469496,
            419.2227777976089,
            881.3471154189385,
            483.5751068599441
          ],
          "category": "car",
          "category ID": 3,
          "trunc": false
        }
      ]
    },
    {
      "frame_id": 62,
      "image_path": "frames/bhA2ckvE-TQ_003020/images/000062.jpg",
      "accident_id": 5,
      "accident_name": "turning",
      "objects": [
        {
          "obj_track_id": 225,
          "bbox": [
            776.4248397738268,
            416.42485044707263,
            892.5388248210837,
            482.17614318467594
          ],
          "category": "car",
          "category ID": 3,
          "trunc": false
        },
        {
          "obj_track_id": 560,
          "bbox": [
            702.2797649846145,
            410.828995746,
            803.0051496039217,
            475.18132480833515
          ],
          "category": "car",
          "category ID": 3,
          "trunc": false
        }
      ]
    },
    {
      "frame_id": 63,
      "image_path": "frames/bhA2ckvE-TQ_003020/images/000063.jpg",
      "accident_id": 5,
      "accident_name": "turning",
      "objects": [
        {
          "obj_track_id": 225,
          "bbox": [
            784.8186218254357,
            416.42485044707263,
            903.730534223229,
            480.7771795094078
          ],
          "category": "car",
          "category ID": 3,
          "trunc": false
        },
        {
          "obj_track_id": 560,
          "bbox": [
            713.4714743867597,
            410.828995746,
            819.7927137071396,
            466.7875427567262
          ],
          "category": "car",
          "category ID": 3,
          "trunc": false
        }
      ]
    },
    {
      "frame_id": 64,
      "image_path": "frames/bhA2ckvE-TQ_003020/images/000064.jpg",
      "accident_id": 5,
      "accident_name": "turning",
      "objects": [
        {
          "obj_track_id": 225,
          "bbox": [
            784.8186218254357,
            416.42485044707263,
            910.7253525995698,
            480.7771795094078
          ],
          "category": "car",
          "category ID": 3,
          "trunc": false
        },
        {
          "obj_track_id": 560,
          "bbox": [
            727.4611111394413,
            410.828995746,
            836.5802778103575,
            466.7875427567262
          ],
          "category": "car",
          "category ID": 3,
          "trunc": false
        }
      ]
    },
    {
      "frame_id": 65,
      "image_path": "frames/bhA2ckvE-TQ_003020/images/000065.jpg",
      "accident_id": 5,
      "accident_name": "turning",
      "objects": [
        {
          "obj_track_id": 225,
          "bbox": [
            794.6113675523128,
            413.6269230965363,
            921.9170620017151,
            477.9792521588715
          ],
          "category": "car",
          "category ID": 3,
          "trunc": false
        },
        {
          "obj_track_id": 560,
          "bbox": [
            731.6580021652458,
            408.03106839546365,
            828.1864957587486,
            463.9896154061899
          ],
          "category": "car",
          "category ID": 3,
          "trunc": false
        }
      ]
    },
    {
      "frame_id": 66,
      "image_path": "frames/bhA2ckvE-TQ_003020/images/000066.jpg",
      "accident_id": 5,
      "accident_name": "turning",
      "objects": [
        {
          "obj_track_id": 225,
          "bbox": [
            808.6010043049944,
            413.6269230965363,
            931.7098077285922,
            477.9792521588715
          ],
          "category": "car",
          "category ID": 3,
          "trunc": false
        },
        {
          "obj_track_id": 560,
          "bbox": [
            747.0466025931955,
            406.6321047201955,
            829.5854594340167,
            461.19168805565363
          ],
          "category": "car",
          "category ID": 3,
          "trunc": false
        }
      ]
    },
    {
      "frame_id": 67,
      "image_path": "frames/bhA2ckvE-TQ_003020/images/000067.jpg",
      "accident_id": 5,
      "accident_name": "turning",
      "objects": [
        {
          "obj_track_id": 225,
          "bbox": [
            812.7978953307988,
            410.828995746,
            942.9015171307374,
            480.7771795094078
          ],
          "category": "car",
          "category ID": 3,
          "trunc": false
        },
        {
          "obj_track_id": 560,
          "bbox": [
            761.0362393458771,
            409.43003207073184,
            836.5802778103575,
            461.19168805565363
          ],
          "category": "car",
          "category ID": 3,
          "trunc": false
        }
      ]
    },
    {
      "frame_id": 68,
      "image_path": "frames/bhA2ckvE-TQ_003020/images/000068.jpg",
      "accident_id": 5,
      "accident_name": "turning",
      "objects": [
        {
          "obj_track_id": 225,
          "bbox": [
            805.8030769544581,
            410.828995746,
            952.6942628576145,
            476.58028848360334
          ],
          "category": "car",
          "category ID": 3,
          "trunc": false
        },
        {
          "obj_track_id": 560,
          "bbox": [
            774.3263942609246,
            412.92744125890226,
            849.1709508877709,
            460.49220621801953
          ],
          "category": "car",
          "category ID": 3,
          "trunc": false
        }
      ]
    },
    {
      "frame_id": 69,
      "image_path": "frames/bhA2ckvE-TQ_003020/images/000069.jpg",
      "accident_id": 5,
      "accident_name": "turning",
      "objects": [
        {
          "obj_track_id": 225,
          "bbox": [
            832.3833867845531,
            412.2279594212681,
            959.6890812339552,
            477.9792521588715
          ],
          "category": "car",
          "category ID": 3,
          "trunc": false
        },
        {
          "obj_track_id": 560,
          "bbox": [
            787.6165491759721,
            416.42485044707263,
            861.7616239651843,
            459.79272438038544
          ],
          "category": "car",
          "category ID": 3,
          "trunc": false
        }
      ]
    },
    {
      "frame_id": 70,
      "image_path": "frames/bhA2ckvE-TQ_003020/images/000070.jpg",
      "accident_id": 5,
      "accident_name": "turning",
      "objects": [
        {
          "obj_track_id": 225,
          "bbox": [
            839.3782051608938,
            408.03106839546365,
            970.8807906361005,
            476.58028848360334
          ],
          "category": "car",
          "category ID": 3,
          "trunc": false
        },
        {
          "obj_track_id": 560,
          "bbox": [
            805.8030769544581,
            419.2227777976089,
            878.5491880684021,
            462.59065173092176
          ],
          "category": "car",
          "category ID": 3,
          "trunc": false
        }
      ]
    },
    {
      "frame_id": 71,
      "image_path": "frames/bhA2ckvE-TQ_003020/images/000071.jpg",
      "accident_id": 5,
      "accident_name": "turning",
      "objects": [
        {
          "obj_track_id": 560,
          "bbox": [
            814.196859006067,
            416.42485044707263,
            886.9429701200111,
            463.9896154061899
          ],
          "category": "car",
          "category ID": 3,
          "trunc": false
        }
      ]
    },
    {
      "frame_id": 72,
      "image_path": "frames/bhA2ckvE-TQ_003020/images/000072.jpg",
      "accident_id": 5,
      "accident_name": "turning",
      "objects": [
        {
          "obj_track_id": 560,
          "bbox": [
            803.0051496039217,
            415.02588677180444,
            895.3367521716201,
            459.79272438038544
          ],
          "category": "car",
          "category ID": 3,
          "trunc": false
        }
      ]
    },
    {
      "frame_id": 73,
      "image_path": "frames/bhA2ckvE-TQ_003020/images/000073.jpg",
      "accident_id": 5,
      "accident_name": "turning",
      "objects": [
        {
          "obj_track_id": 560,
          "bbox": [
            818.3937500318715,
            410.828995746,
            895.3367521716201,
            449.9999786535084
          ],
          "category": "car",
          "category ID": 3,
          "trunc": false
        }
      ]
    },
    {
      "frame_id": 74,
      "image_path": "frames/bhA2ckvE-TQ_003020/images/000074.jpg",
      "accident_id": 5,
      "accident_name": "turning",
      "objects": [
        {
          "obj_track_id": 560,
          "bbox": [
            830.9844231092849,
            410.828995746,
            909.3263889243016,
            452.79790600404465
          ],
          "category": "car",
          "category ID": 3,
          "trunc": false
        }
      ]
    },
    {
      "frame_id": 75,
      "image_path": "frames/bhA2ckvE-TQ_003020/images/000075.jpg",
      "accident_id": 5,
      "accident_name": "turning",
      "objects": [
        {
          "obj_track_id": 560,
          "bbox": [
            837.9792414856256,
            410.828995746,
            928.9118803780558,
            447.20205130297205
          ],
          "category": "car",
          "category ID": 3,
          "trunc": false
        }
      ]
    },
    {
      "frame_id": 76,
      "image_path": "frames/bhA2ckvE-TQ_003020/images/000076.jpg",
      "accident_id": 5,
      "accident_name": "turning",
      "objects": [
        {
          "obj_track_id": 560,
          "bbox": [
            851.9688782383072,
            410.828995746,
            934.5077350791285,
            449.9999786535084
          ],
          "category": "car",
          "category ID": 3,
          "trunc": false
        }
      ]
    },
    {
      "frame_id": 77,
      "image_path": "frames/bhA2ckvE-TQ_003020/images/000077.jpg",
      "accident_id": 5,
      "accident_name": "turning",
      "objects": [
        {
          "obj_track_id": 560,
          "bbox": [
            858.963696614648,
            405.2331410449273,
            948.49737183181,
            445.80308762770386
          ],
          "category": "car",
          "category ID": 3,
          "trunc": false
        }
      ]
    },
    {
      "frame_id": 78,
      "image_path": "frames/bhA2ckvE-TQ_003020/images/000078.jpg",
      "accident_id": 5,
      "accident_name": "turning",
      "objects": [
        {
          "obj_track_id": 560,
          "bbox": [
            872.9533333673296,
            401.03625001912286,
            970.8807906361005,
            447.20205130297205
          ],
          "category": "car",
          "category ID": 3,
          "trunc": false
        }
      ]
    },
    {
      "frame_id": 79,
      "image_path": "frames/bhA2ckvE-TQ_003020/images/000079.jpg",
      "accident_id": 5,
      "accident_name": "turning",
      "objects": [
        {
          "obj_track_id": 560,
          "bbox": [
            881.3471154189385,
            399.6372863438547,
            982.0725000382457,
            447.20205130297205
          ],
          "category": "car",
          "category ID": 3,
          "trunc": false
        }
      ]
    },
    {
      "frame_id": 80,
      "image_path": "frames/bhA2ckvE-TQ_003020/images/000080.jpg",
      "accident_id": 5,
      "accident_name": "turning",
      "objects": [
        {
          "obj_track_id": 560,
          "bbox": [
            893.9377884963519,
            396.8393589933184,
            987.6683547393184,
            444.4041239524357
          ],
          "category": "car",
          "category ID": 3,
          "trunc": false
        }
      ]
    },
    {
      "frame_id": 81,
      "image_path": "frames/bhA2ckvE-TQ_003020/images/000081.jpg",
      "accident_id": 5,
      "accident_name": "turning",
      "objects": [
        {
          "obj_track_id": 560,
          "bbox": [
            903.730534223229,
            391.2435042922458,
            1000.2590278167318,
            440.20723292663126
          ],
          "category": "car",
          "category ID": 3,
          "trunc": false
        }
      ]
    },
    {
      "frame_id": 82,
      "image_path": "frames/bhA2ckvE-TQ_003020/images/000082.jpg",
      "accident_id": 5,
      "accident_name": "turning",
      "objects": [
        {
          "obj_track_id": 560,
          "bbox": [
            912.124316274838,
            391.2435042922458,
            1011.4507372188771,
            440.20723292663126
          ],
          "category": "car",
          "category ID": 3,
          "trunc": false
        }
      ]
    },
    {
      "frame_id": 83,
      "image_path": "frames/bhA2ckvE-TQ_003020/images/000083.jpg",
      "accident_id": 5,
      "accident_name": "turning",
      "objects": [
        {
          "obj_track_id": 560,
          "bbox": [
            923.3160256769831,
            391.2435042922458,
            1011.4507372188771,
            438.80826925136313
          ],
          "category": "car",
          "category ID": 3,
          "trunc": false
        }
      ]
    },
    {
      "frame_id": 84,
      "image_path": "frames/bhA2ckvE-TQ_003020/images/000084.jpg",
      "accident_id": 5,
      "accident_name": "turning",
      "objects": [
        {
          "obj_track_id": 560,
          "bbox": [
            928.9118803780558,
            396.8393589933184,
            1010.0517735436089,
            448.6010149782402
          ],
          "category": "car",
          "category ID": 3,
          "trunc": false
        }
      ]
    },
    {
      "frame_id": 85,
      "image_path": "frames/bhA2ckvE-TQ_003020/images/000085.jpg",
      "accident_id": 5,
      "accident_name": "turning",
      "objects": [
        {
          "obj_track_id": 560,
          "bbox": [
            935.9066987543966,
            396.8393589933184,
            1026.8393376468268,
            445.80308762770386
          ],
          "category": "car",
          "category ID": 3,
          "trunc": false
        }
      ]
    },
    {
      "frame_id": 86,
      "image_path": "frames/bhA2ckvE-TQ_003020/images/000086.jpg",
      "accident_id": 5,
      "accident_name": "turning",
      "objects": [
        {
          "obj_track_id": 560,
          "bbox": [
            948.49737183181,
            396.8393589933184,
            1032.4351923478994,
            447.20205130297205
          ],
          "category": "car",
          "category ID": 3,
          "trunc": false
        }
      ]
    },
    {
      "frame_id": 87,
      "image_path": "frames/bhA2ckvE-TQ_003020/images/000087.jpg",
      "accident_id": 5,
      "accident_name": "turning",
      "objects": [
        {
          "obj_track_id": 560,
          "bbox": [
            955.4921902081508,
            394.0414316427821,
            1039.4300107242402,
            451.3989423287765
          ],
          "category": "car",
          "category ID": 3,
          "trunc": false
        }
      ]
    },
    {
      "frame_id": 88,
      "image_path": "frames/bhA2ckvE-TQ_003020/images/000088.jpg",
      "accident_id": 5,
      "accident_name": "turning",
      "objects": [
        {
          "obj_track_id": 560,
          "bbox": [
            965.2849359350279,
            392.64246796751394,
            1050.6217201263855,
            449.9999786535084
          ],
          "category": "car",
          "category ID": 3,
          "trunc": false
        }
      ]
    },
    {
      "frame_id": 89,
      "image_path": "frames/bhA2ckvE-TQ_003020/images/000089.jpg",
      "accident_id": 0,
      "accident_name": "normal",
      "objects": []
    },
    {
      "frame_id": 90,
      "image_path": "frames/bhA2ckvE-TQ_003020/images/000090.jpg",
      "accident_id": 0,
      "accident_name": "normal",
      "objects": []
    },
    {
      "frame_id": 91,
      "image_path": "frames/bhA2ckvE-TQ_003020/images/000091.jpg",
      "accident_id": 0,
      "accident_name": "normal",
      "objects": []
    },
    {
      "frame_id": 92,
      "image_path": "frames/bhA2ckvE-TQ_003020/images/000092.jpg",
      "accident_id": 0,
      "accident_name": "normal",
      "objects": []
    },
    {
      "frame_id": 93,
      "image_path": "frames/bhA2ckvE-TQ_003020/images/000093.jpg",
      "accident_id": 0,
      "accident_name": "normal",
      "objects": []
    },
    {
      "frame_id": 94,
      "image_path": "frames/bhA2ckvE-TQ_003020/images/000094.jpg",
      "accident_id": 0,
      "accident_name": "normal",
      "objects": []
    },
    {
      "frame_id": 95,
      "image_path": "frames/bhA2ckvE-TQ_003020/images/000095.jpg",
      "accident_id": 0,
      "accident_name": "normal",
      "objects": []
    },
    {
      "frame_id": 96,
      "image_path": "frames/bhA2ckvE-TQ_003020/images/000096.jpg",
      "accident_id": 0,
      "accident_name": "normal",
      "objects": []
    },
    {
      "frame_id": 97,
      "image_path": "frames/bhA2ckvE-TQ_003020/images/000097.jpg",
      "accident_id": 0,
      "accident_name": "normal",
      "objects": []
    },
    {
      "frame_id": 98,
      "image_path": "frames/bhA2ckvE-TQ_003020/images/000098.jpg",
      "accident_id": 0,
      "accident_name": "normal",
      "objects": []
    },
    {
      "frame_id": 99,
      "image_path": "frames/bhA2ckvE-TQ_003020/images/000099.jpg",
      "accident_id": 0,
      "accident_name": "normal",
      "objects": []
    },
    {
      "frame_id": 100,
      "image_path": "frames/bhA2ckvE-TQ_003020/images/000100.jpg",
      "accident_id": 0,
      "accident_name": "normal",
      "objects": []
    },
    {
      "frame_id": 101,
      "image_path": "frames/bhA2ckvE-TQ_003020/images/000101.jpg",
      "accident_id": 0,
      "accident_name": "normal",
      "objects": []
    },
    {
      "frame_id": 102,
      "image_path": "frames/bhA2ckvE-TQ_003020/images/000102.jpg",
      "accident_id": 0,
      "accident_name": "normal",
      "objects": []
    },
    {
      "frame_id": 103,
      "image_path": "frames/bhA2ckvE-TQ_003020/images/000103.jpg",
      "accident_id": 0,
      "accident_name": "normal",
      "objects": []
    },
    {
      "frame_id": 104,
      "image_path": "frames/bhA2ckvE-TQ_003020/images/000104.jpg",
      "accident_id": 0,
      "accident_name": "normal",
      "objects": []
    }
  ]
}