{
  "video_name": "bhA2ckvE-TQ_004401",
  "channel": "CarCrashesTime",
  "num_frames": 98,
  "ignore": false,
  "ego_involve": true,
  "night": false,
  "anomaly_start": 45,
  "anomaly_end": 97,
  "video_start": 4401,
  "video_end": 4498,
  "accident_id": "6",
  "accident_name": "pedestrian",
  "labels": [
    {
      "frame_id": 0,
      "image_path": "frames/bhA2ckvE-TQ_004401/images/000000.jpg",
      "accident_id": 0,
      "accident_name": "normal",
      "objects": []
    },
    {
      "frame_id": 1,
      "image_path": "frames/bhA2ckvE-TQ_004401/images/000001.jpg",
      "accident_id": 0,
      "accident_name": "normal",
      "objects": []
    },
    {
      "frame_id": 2,
      "image_path": "frames/bhA2ckvE-TQ_004401/images/000002.jpg",
      "accident_id": 0,
      "accident_name": "normal",
      "objects": []
    },
    {
      "frame_id": 3,
      "image_path": "frames/bhA2ckvE-TQ_004401/images/000003.jpg",
      "accident_id": 0,
      "accident_name": "normal",
      "objects": []
    },
    {
      "frame_id": 4,
      "image_path": "frames/bhA2ckvE-TQ_004401/images/000004.jpg",
      "accident_id": 0,
      "accident_name": "normal",
      "objects": []
    },
    {
      "frame_id": 5,
      "image_path": "frames/bhA2ckvE-TQ_004401/images/000005.jpg",
      "accident_id": 0,
      "accident_name": "normal",
      "objects": []
    },
    {
      "frame_id": 6,
      "image_path": "frames/bhA2ckvE-TQ_004401/images/000006.jpg",
      "accident_id": 0,
      "accident_name": "normal",
      "objects": []
    },
    {
      "frame_id": 7,
      "image_path": "frames/bhA2ckvE-TQ_004401/images/000007.jpg",
      "accident_id": 0,
      "accident_name": "normal",
      "objects": []
    },
    {
      "frame_id": 8,
      "image_path": "frames/bhA2ckvE-TQ_004401/images/000008.jpg",
      "accident_id": 0,
      "accident_name": "normal",
      "objects": []
    },
    {
      "frame_id": 9,
      "image_path": "frames/bhA2ckvE-TQ_004401/images/000009.jpg",
      "accident_id": 0,
      "accident_name": "normal",
      "objects": []
    },
    {
      "frame_id": 10,
      "image_path": "frames/bhA2ckvE-TQ_004401/images/000010.jpg",
      "accident_id": 0,
      "accident_name": "normal",
      "objects": []
    },
    {
      "frame_id": 11,
      "image_path": "frames/bhA2ckvE-TQ_004401/images/000011.jpg",
      "accident_id": 0,
      "accident_name": "normal",
      "objects": []
    },
    {
      "frame_id": 12,
      "image_path": "frames/bhA2ckvE-TQ_004401/images/000012.jpg",
      "accident_id": 0,
      "accident_name": "normal",
      "objects": []
    },
    {
      "frame_id": 13,
      "image_path": "frames/bhA2ckvE-TQ_004401/images/000013.jpg",
      "accident_id": 0,
      "accident_name": "normal",
      "objects": []
    },
    {
      "frame_id": 14,
      "image_path": "frames/bhA2ckvE-TQ_004401/images/000014.jpg",
      "accident_id": 0,
      "accident_name": "normal",
      "objects": []
    },
    {
      "frame_id": 15,
      "image_path": "frames/bhA2ckvE-TQ_004401/images/000015.jpg",
      "accident_id": 0,
      "accident_name": "normal",
      "objects": []
    },
    {
      "frame_id": 16,
      "image_path": "frames/bhA2ckvE-TQ_004401/images/000016.jpg",
      "accident_id": 0,
      "accident_name": "normal",
      "objects": []
    },
    {
      "frame_id": 17,
      "image_path": "frames/bhA2ckvE-TQ_004401/images/000017.jpg",
      "accident_id": 0,
      "accident_name": "normal",
      "objects": []
    },
    {
      "frame_id": 18,
      "image_path": "frames/bhA2ckvE-TQ_004401/images/000018.jpg",
      "accident_id": 0,
      "accident_name": "normal",
      "objects": []
    },
    {
      "frame_id": 19,
      "image_path": "frames/bhA2ckvE-TQ_004401/images/000019.jpg",
      "accident_id": 0,
      "accident_name": "normal",
      "objects": []
    },
    {
      "frame_id": 20,
      "image_path": "frames/bhA2ckvE-TQ_004401/images/000020.jpg",
      "accident_id": 0,
      "accident_name": "normal",
      "objects": []
    },
    {
      "frame_id": 21,
      "image_path": "frames/bhA2ckvE-TQ_004401/images/000021.jpg",
      "accident_id": 0,
      "accident_name": "normal",
      "objects": []
    },
    {
      "frame_id": 22,
      "image_path": "frames/bhA2ckvE-TQ_004401/images/000022.jpg",
      "accident_id": 0,
      "accident_name": "normal",
      "objects": []
    },
    {
      "frame_id": 23,
      "image_path": "frames/bhA2ckvE-TQ_004401/images/000023.jpg",
      "accident_id": 0,
      "accident_name": "normal",
      "objects": []
    },
    {
      "frame_id": 24,
      "image_path": "frames/bhA2ckvE-TQ_004401/images/000024.jpg",
      "accident_id": 0,
      "accident_name": "normal",
      "objects": []
    },
    {
      "frame_id": 25,
      "image_path": "frames/bhA2ckvE-TQ_004401/images/000025.jpg",
      "accident_id": 0,
      "accident_name": "normal",
      "objects": []
    },
    {
      "frame_id": 26,
      "image_path": "frames/bhA2ckvE-TQ_004401/images/000026.jpg",
      "accident_id": 0,
      "accident_name": "normal",
      "objects": []
    },
    {
      "frame_id": 27,
      "image_path": "frames/bhA2ckvE-TQ_004401/images/000027.jpg",
      "accident_id": 0,
      "accident_name": "normal",
      "objects": []
    },
    {
      "frame_id": 28,
      "image_path": "frames/bhA2ckvE-TQ_004401/images/000028.jpg",
      "accident_id": 0,
      "accident_name": "normal",
      "objects": []
    },
    {
      "frame_id": 29,
      "image_path": "frames/bhA2ckvE-TQ_004401/images/000029.jpg",
      "accident_id": 0,
      "accident_name": "normal",
      "objects": []
    },
    {
      "frame_id": 30,
      "image_path": "frames/bhA2ckvE-TQ_004401/images/000030.jpg",
      "accident_id": 0,
      "accident_name": "normal",
      "objects": []
    },
    {
      "frame_id": 31,
      "image_path": "frames/bhA2ckvE-TQ_004401/images/000031.jpg",
      "accident_id": 0,
      "accident_name": "normal",
      "objects": []
    },
    {
      "frame_id": 32,
      "image_path": "frames/bhA2ckvE-TQ_004401/images/000032.jpg",
      "accident_id": 0,
      "accident_name": "normal",
      "objects": []
    },
    {
      "frame_id": 33,
      "image_path": "frames/bhA2ckvE-TQ_004401/images/000033.jpg",
      "accident_id": 0,
      "accident_name": "normal",
      "objects": []
    },
    {
      "frame_id": 34,
      "image_path": "frames/bhA2ckvE-TQ_004401/images/000034.jpg",
      "accident_id": 0,
      "accident_name": "normal",
      "objects": []
    },
    {
      "frame_id": 35,
      "image_path": "frames/bhA2ckvE-TQ_004401/images/000035.jpg",
      "accident_id": 0,
      "accident_name": "normal",
      "objects": []
    },
    {
      "frame_id": 36,
      "image_path": "frames/bhA2ckvE-TQ_004401/images/000036.jpg",
      "accident_id": 0,
      "accident_name": "normal",
      "objects": []
    },
    {
      "frame_id": 37,
      "image_path": "frames/bhA2ckvE-TQ_004401/images/000037.jpg",
      "accident_id": 0,
      "accident_name": "normal",
      "objects": []
    },
    {
      "frame_id": 38,
      "image_path": "frames/bhA2ckvE-TQ_004401/images/000038.jpg",
      "accident_id": 0,
      "accident_name": "normal",
      "objects": []
    },
    {
      "frame_id": 39,
      "image_path": "frames/bhA2ckvE-TQ_004401/images/000039.jpg",
      "accident_id": 0,
      "accident_name": "normal",
      "objects": []
    },
    {
      "frame_id": 40,
      "image_path": "frames/bhA2ckvE-TQ_004401/images/000040.jpg",
      "accident_id": 0,
      "accident_name": "normal",
      "objects": []
    },
    {
      "frame_id": 41,
      "image_path": "frames/bhA2ckvE-TQ_004401/images/000041.jpg",
      "accident_id": 0,
      "accident_name": "normal",
      "objects": []
    },
    {
      "frame_id": 42,
      "image_path": "frames/bhA2ckvE-TQ_004401/images/000042.jpg",
      "accident_id": 0,
      "accident_name": "normal",
      "objects": []
    },
    {
      "frame_id": 43,
      "image_path": "frames/bhA2ckvE-TQ_004401/images/000043.jpg",
      "accident_id": 0,
      "accident_name": "normal",
      "objects": []
    },
    {
      "frame_id": 44,
      "image_path": "frames/bhA2ckvE-TQ_004401/images/000044.jpg",
      "accident_id": 0,
      "accident_name": "normal",
      "objects": []
    },
    {
      "frame_id": 45,
      "image_path": "frames/bhA2ckvE-TQ_004401/images/000045.jpg",
      "accident_id": 6,
      "accident_name": "pedestrian",
      "objects": [
        {
          "obj_track_id": 0,
          "bbox": [
            804.7058823529411,
            381.17647058823525,
            917.9351740696278,
            552.3169267707083
          ],
          "category": "person",
          "category ID": 1,
          "trunc": false
        }
      ]
    },
    {
      "frame_id": 46,
      "image_path": "frames/bhA2ckvE-TQ_004401/images/000046.jpg",
      "accident_id": 6,
      "accident_name": "pedestrian",
      "objects": [
        {
          "obj_track_id": 0,
          "bbox": [
            796.0624249699879,
            384.63385354141656,
            876.4465786314526,
            568.7394957983192
          ],
          "category": "person",
          "category ID": 1,
          "trunc": false
        }
      ]
    },
    {
      "frame_id": 47,
      "image_path": "frames/bhA2ckvE-TQ_004401/images/000047.jpg",
      "accident_id": 6,
      "accident_name": "pedestrian",
      "objects": [
        {
          "obj_track_id": 0,
          "bbox": [
            762.3529411764705,
            390.68427370948376,
            849.6518607442977,
            579.9759903961584
          ],
          "category": "person",
          "category ID": 1,
          "trunc": false
        }
      ]
    },
    {
      "frame_id": 48,
      "image_path": "frames/bhA2ckvE-TQ_004401/images/000048.jpg",
      "accident_id": 6,
      "accident_name": "pedestrian",
      "objects": [
        {
          "obj_track_id": 0,
          "bbox": [
            698.391356542617,
            376.8547418967587,
            848.7875150060023,
            592.9411764705882
          ],
          "category": "person",
          "category ID": 1,
          "trunc": false
        }
      ]
    },
    {
      "frame_id": 49,
      "image_path": "frames/bhA2ckvE-TQ_004401/images/000049.jpg",
      "accident_id": 6,
      "accident_name": "pedestrian",
      "objects": [
        {
          "obj_track_id": 0,
          "bbox": [
            683.6974789915965,
            382.0408163265306,
            800.3841536614646,
            602.4489795918366
          ],
          "category": "person",
          "category ID": 1,
          "trunc": false
        }
      ]
    },
    {
      "frame_id": 50,
      "image_path": "frames/bhA2ckvE-TQ_004401/images/000050.jpg",
      "accident_id": 6,
      "accident_name": "pedestrian",
      "objects": [
        {
          "obj_track_id": 0,
          "bbox": [
            637.8871548619447,
            382.0408163265306,
            711.3565426170468,
            621.4645858343337
          ],
          "category": "person",
          "category ID": 1,
          "trunc": false
        }
      ]
    },
    {
      "frame_id": 51,
      "image_path": "frames/bhA2ckvE-TQ_004401/images/000051.jpg",
      "accident_id": 6,
      "accident_name": "pedestrian",
      "objects": [
        {
          "obj_track_id": 0,
          "bbox": [
            563.5534213685473,
            378.5834333733493,
            704.4417767106842,
            632.7010804321728
          ],
          "category": "person",
          "category ID": 1,
          "trunc": false
        }
      ]
    },
    {
      "frame_id": 52,
      "image_path": "frames/bhA2ckvE-TQ_004401/images/000052.jpg",
      "accident_id": 6,
      "accident_name": "pedestrian",
      "objects": [
        {
          "obj_track_id": 0,
          "bbox": [
            491.81272509003594,
            381.17647058823525,
            620.6002400960383,
            649.9879951980791
          ],
          "category": "person",
          "category ID": 1,
          "trunc": false
        }
      ]
    },
    {
      "frame_id": 53,
      "image_path": "frames/bhA2ckvE-TQ_004401/images/000053.jpg",
      "accident_id": 6,
      "accident_name": "pedestrian",
      "objects": [
        {
          "obj_track_id": 0,
          "bbox": [
            440.81632653061223,
            387.2268907563025,
            546.266506602641,
            662.9531812725089
          ],
          "category": "person",
          "category ID": 1,
          "trunc": false
        }
      ]
    },
    {
      "frame_id": 54,
      "image_path": "frames/bhA2ckvE-TQ_004401/images/000054.jpg",
      "accident_id": 6,
      "accident_name": "pedestrian",
      "objects": [
        {
          "obj_track_id": 0,
          "bbox": [
            349.1956782713085,
            392.4129651860744,
            496.9987995198079,
            662.9531812725089
          ],
          "category": "person",
          "category ID": 1,
          "trunc": false
        }
      ]
    },
    {
      "frame_id": 55,
      "image_path": "frames/bhA2ckvE-TQ_004401/images/000055.jpg",
      "accident_id": 6,
      "accident_name": "pedestrian",
      "objects": [
        {
          "obj_track_id": 0,
          "bbox": [
            304.24969987995195,
            394.141656662665,
            416.6146458583433,
            662.9531812725089
          ],
          "category": "person",
          "category ID": 1,
          "trunc": false
        },
        {
          "obj_track_id": 98,
          "bbox": [
            0.864345738295318,
            548.859543817527,
            150.39615846338535,
            667.2749099639856
          ],
          "category": "car",
          "category ID": 3,
          "trunc": true
        }
      ]
    },
    {
      "frame_id": 56,
      "image_path": "frames/bhA2ckvE-TQ_004401/images/000056.jpg",
      "accident_id": 6,
      "accident_name": "pedestrian",
      "objects": [
        {
          "obj_track_id": 0,
          "bbox": [
            240.2881152460984,
            380.31212484993995,
            374.2617046818727,
            664.6818727490996
          ],
          "category": "person",
          "category ID": 1,
          "trunc": false
        },
        {
          "obj_track_id": 98,
          "bbox": [
            0.864345738295318,
            490.94837935174064,
            201.39255702280911,
            667.2749099639856
          ],
          "category": "car",
          "category ID": 3,
          "trunc": true
        }
      ]
    },
    {
      "frame_id": 57,
      "image_path": "frames/bhA2ckvE-TQ_004401/images/000057.jpg",
      "accident_id": 6,
      "accident_name": "pedestrian",
      "objects": [
        {
          "obj_track_id": 0,
          "bbox": [
            180.64825930372146,
            372.5330132052821,
            331.04441776710684,
            664.6818727490996
          ],
          "category": "person",
          "category ID": 1,
          "trunc": false
        },
        {
          "obj_track_id": 98,
          "bbox": [
            0.864345738295318,
            451.18847539015604,
            235.1020408163265,
            667.2749099639856
          ],
          "category": "car",
          "category ID": 3,
          "trunc": true
        }
      ]
    },
    {
      "frame_id": 58,
      "image_path": "frames/bhA2ckvE-TQ_004401/images/000058.jpg",
      "accident_id": 6,
      "accident_name": "pedestrian",
      "objects": [
        {
          "obj_track_id": 0,
          "bbox": [
            117.55102040816325,
            372.5330132052821,
            289.5558223289315,
            664.6818727490996
          ],
          "category": "person",
          "category ID": 1,
          "trunc": false
        },
        {
          "obj_track_id": 98,
          "bbox": [
            0.864345738295318,
            432.172869147659,
            249.79591836734693,
            667.2749099639856
          ],
          "category": "car",
          "category ID": 3,
          "trunc": true
        }
      ]
    },
    {
      "frame_id": 59,
      "image_path": "frames/bhA2ckvE-TQ_004401/images/000059.jpg",
      "accident_id": 6,
      "accident_name": "pedestrian",
      "objects": [
        {
          "obj_track_id": 0,
          "bbox": [
            110.6362545018007,
            387.2268907563025,
            257.5750300120048,
            664.6818727490996
          ],
          "category": "person",
          "category ID": 1,
          "trunc": false
        },
        {
          "obj_track_id": 98,
          "bbox": [
            0.864345738295318,
            429.57983193277306,
            264.48979591836735,
            667.2749099639856
          ],
          "category": "car",
          "category ID": 3,
          "trunc": true
        }
      ]
    },
    {
      "frame_id": 60,
      "image_path": "frames/bhA2ckvE-TQ_004401/images/000060.jpg",
      "accident_id": 6,
      "accident_name": "pedestrian",
      "objects": [
        {
          "obj_track_id": 0,
          "bbox": [
            110.6362545018007,
            424.39375750300115,
            256.71068427370943,
            664.6818727490996
          ],
          "category": "person",
          "category ID": 1,
          "trunc": false
        },
        {
          "obj_track_id": 98,
          "bbox": [
            0.864345738295318,
            429.57983193277306,
            254.1176470588235,
            667.2749099639856
          ],
          "category": "car",
          "category ID": 3,
          "trunc": true
        }
      ]
    },
    {
      "frame_id": 61,
      "image_path": "frames/bhA2ckvE-TQ_004401/images/000061.jpg",
      "accident_id": 6,
      "accident_name": "pedestrian",
      "objects": [
        {
          "obj_track_id": 0,
          "bbox": [
            147.8031212484994,
            443.4093637454982,
            256.71068427370943,
            664.6818727490996
          ],
          "category": "person",
          "category ID": 1,
          "trunc": false
        },
        {
          "obj_track_id": 98,
          "bbox": [
            0.864345738295318,
            428.71548619447776,
            259.3037214885954,
            667.2749099639856
          ],
          "category": "car",
          "category ID": 3,
          "trunc": true
        }
      ]
    },
    {
      "frame_id": 62,
      "image_path": "frames/bhA2ckvE-TQ_004401/images/000062.jpg",
      "accident_id": 6,
      "accident_name": "pedestrian",
      "objects": [
        {
          "obj_track_id": 0,
          "bbox": [
            170.27611044417765,
            459.8319327731092,
            278.3193277310924,
            664.6818727490996
          ],
          "category": "person",
          "category ID": 1,
          "trunc": false
        },
        {
          "obj_track_id": 98,
          "bbox": [
            0.864345738295318,
            424.39375750300115,
            268.8115246098439,
            667.2749099639856
          ],
          "category": "car",
          "category ID": 3,
          "trunc": true
        }
      ]
    },
    {
      "frame_id": 63,
      "image_path": "frames/bhA2ckvE-TQ_004401/images/000063.jpg",
      "accident_id": 6,
      "accident_name": "pedestrian",
      "objects": [
        {
          "obj_track_id": 0,
          "bbox": [
            178.0552220888355,
            459.8319327731092,
            291.2845138055222,
            667.2749099639856
          ],
          "category": "person",
          "category ID": 1,
          "trunc": false
        },
        {
          "obj_track_id": 98,
          "bbox": [
            0.864345738295318,
            426.55462184873943,
            264.92196878751497,
            667.2749099639856
          ],
          "category": "car",
          "category ID": 3,
          "trunc": true
        }
      ]
    },
    {
      "frame_id": 64,
      "image_path": "frames/bhA2ckvE-TQ_004401/images/000064.jpg",
      "accident_id": 6,
      "accident_name": "pedestrian",
      "objects": [
        {
          "obj_track_id": 0,
          "bbox": [
            178.0552220888355,
            490.08403361344534,
            316.3505402160864,
            667.2749099639856
          ],
          "category": "person",
          "category ID": 1,
          "trunc": false
        },
        {
          "obj_track_id": 98,
          "bbox": [
            0.864345738295318,
            428.71548619447776,
            261.03241296518604,
            667.2749099639856
          ],
          "category": "car",
          "category ID": 3,
          "trunc": true
        }
      ]
    },
    {
      "frame_id": 65,
      "image_path": "frames/bhA2ckvE-TQ_004401/images/000065.jpg",
      "accident_id": 6,
      "accident_name": "pedestrian",
      "objects": [
        {
          "obj_track_id": 0,
          "bbox": [
            29.387755102040813,
            554.0456182472989,
            322.4009603841537,
            667.2749099639856
          ],
          "category": "person",
          "category ID": 1,
          "trunc": false
        },
        {
          "obj_track_id": 98,
          "bbox": [
            0.864345738295318,
            428.71548619447776,
            265.35414165666265,
            667.2749099639856
          ],
          "category": "car",
          "category ID": 3,
          "trunc": true
        }
      ]
    },
    {
      "frame_id": 66,
      "image_path": "frames/bhA2ckvE-TQ_004401/images/000066.jpg",
      "accident_id": 6,
      "accident_name": "pedestrian",
      "objects": [
        {
          "obj_track_id": 0,
          "bbox": [
            29.387755102040813,
            592.0768307322928,
            311.1644657863145,
            667.2749099639856
          ],
          "category": "person",
          "category ID": 1,
          "trunc": false
        },
        {
          "obj_track_id": 98,
          "bbox": [
            0.864345738295318,
            428.71548619447776,
            269.67587034813926,
            667.2749099639856
          ],
          "category": "car",
          "category ID": 3,
          "trunc": true
        }
      ]
    },
    {
      "frame_id": 67,
      "image_path": "frames/bhA2ckvE-TQ_004401/images/000067.jpg",
      "accident_id": 6,
      "accident_name": "pedestrian",
      "objects": [
        {
          "obj_track_id": 0,
          "bbox": [
            29.387755102040813,
            614.5498199279712,
            299.0636254501801,
            667.2749099639856
          ],
          "category": "person",
          "category ID": 1,
          "trunc": false
        },
        {
          "obj_track_id": 98,
          "bbox": [
            0.864345738295318,
            428.71548619447776,
            267.9471788715486,
            667.2749099639856
          ],
          "category": "car",
          "category ID": 3,
          "trunc": true
        }
      ]
    },
    {
      "frame_id": 68,
      "image_path": "frames/bhA2ckvE-TQ_004401/images/000068.jpg",
      "accident_id": 6,
      "accident_name": "pedestrian",
      "objects": []
    },
    {
      "frame_id": 69,
      "image_path": "frames/bhA2ckvE-TQ_004401/images/000069.jpg",
      "accident_id": 6,
      "accident_name": "pedestrian",
      "objects": []
    },
    {
      "frame_id": 70,
      "image_path": "frames/bhA2ckvE-TQ_004401/images/000070.jpg",
      "accident_id": 6,
      "accident_name": "pedestrian",
      "objects": []
    },
    {
      "frame_id": 71,
      "image_path": "frames/bhA2ckvE-TQ_004401/images/000071.jpg",
      "accident_id": 6,
      "accident_name": "pedestrian",
      "objects": []
    },
    {
      "frame_id": 72,
      "image_path": "frames/bhA2ckvE-TQ_004401/images/000072.jpg",
      "accident_id": 6,
      "accident_name": "pedestrian",
      "objects": []
    },
    {
      "frame_id": 73,
      "image_path": "frames/bhA2ckvE-TQ_004401/images/000073.jpg",
      "accident_id": 6,
      "accident_name": "pedestrian",
      "objects": []
    },
    {
      "frame_id": 74,
      "image_path": "frames/bhA2ckvE-TQ_004401/images/000074.jpg",
      "accident_id": 6,
      "accident_name": "pedestrian",
      "objects": []
    },
    {
      "frame_id": 75,
      "image_path": "frames/bhA2ckvE-TQ_004401/images/000075.jpg",
      "accident_id": 6,
      "accident_name": "pedestrian",
      "objects": []
    },
    {
      "frame_id": 76,
      "image_path": "frames/bhA2ckvE-TQ_004401/images/000076.jpg",
      "accident_id": 6,
      "accident_name": "pedestrian",
      "objects": []
    },
    {
      "frame_id": 77,
      "image_path": "frames/bhA2ckvE-TQ_004401/images/000077.jpg",
      "accident_id": 6,
      "accident_name": "pedestrian",
      "objects": []
    },
    {
      "frame_id": 78,
      "image_path": "frames/bhA2ckvE-TQ_004401/images/000078.jpg",
      "accident_id": 6,
      "accident_name": "pedestrian",
      "objects": []
    },
    {
      "frame_id": 79,
      "image_path": "frames/bhA2ckvE-TQ_004401/images/000079.jpg",
      "accident_id": 6,
      "accident_name": "pedestrian",
      "objects": []
    },
    {
      "frame_id": 80,
      "image_path": "frames/bhA2ckvE-TQ_004401/images/000080.jpg",
      "accident_id": 6,
      "accident_name": "pedestrian",
      "objects": []
    },
    {
      "frame_id": 81,
      "image_path": "frames/bhA2ckvE-TQ_004401/images/000081.jpg",
      "accident_id": 6,
      "accident_name": "pedestrian",
      "objects": []
    },
    {
      "frame_id": 82,
      "image_path": "frames/bhA2ckvE-TQ_004401/images/000082.jpg",
      "accident_id": 6,
      "accident_name": "pedestrian",
      "objects": []
    },
    {
      "frame_id": 83,
      "image_path": "frames/bhA2ckvE-TQ_004401/images/000083.jpg",
      "accident_id": 6,
      "accident_name": "pedestrian",
      "objects": []
    },
    {
      "frame_id": 84,
      "image_path": "frames/bhA2ckvE-TQ_004401/images/000084.jpg",
      "accident_id": 6,
      "accident_name": "pedestrian",
      "objects": []
    },
    {
      "frame_id": 85,
      "image_path": "frames/bhA2ckvE-TQ_004401/images/000085.jpg",
      "accident_id": 6,
      "accident_name": "pedestrian",
      "objects": []
    },
    {
      "frame_id": 86,
      "image_path": "frames/bhA2ckvE-TQ_004401/images/000086.jpg",
      "accident_id": 6,
      "accident_name": "pedestrian",
      "objects": []
    },
    {
      "frame_id": 87,
      "image_path": "frames/bhA2ckvE-TQ_004401/images/000087.jpg",
      "accident_id": 6,
      "accident_name": "pedestrian",
      "objects": []
    },
    {
      "frame_id": 88,
      "image_path": "frames/bhA2ckvE-TQ_004401/images/000088.jpg",
      "accident_id": 6,
      "accident_name": "pedestrian",
      "objects": []
    },
    {
      "frame_id": 89,
      "image_path": "frames/bhA2ckvE-TQ_004401/images/000089.jpg",
      "accident_id": 6,
      "accident_name": "pedestrian",
      "objects": []
    },
    {
      "frame_id": 90,
      "image_path": "frames/bhA2ckvE-TQ_004401/images/000090.jpg",
      "accident_id": 6,
      "accident_name": "pedestrian",
      "objects": []
    },
    {
      "frame_id": 91,
      "image_path": "frames/bhA2ckvE-TQ_004401/images/000091.jpg",
      "accident_id": 6,
      "accident_name": "pedestrian",
      "objects": []
    },
    {
      "frame_id": 92,
      "image_path": "frames/bhA2ckvE-TQ_004401/images/000092.jpg",
      "accident_id": 6,
      "accident_name": "pedestrian",
      "objects": []
    },
    {
      "frame_id": 93,
      "image_path": "frames/bhA2ckvE-TQ_004401/images/000093.jpg",
      "accident_id": 6,
      "accident_name": "pedestrian",
      "objects": []
    },
    {
      "frame_id": 94,
      "image_path": "frames/bhA2ckvE-TQ_004401/images/000094.jpg",
      "accident_id": 6,
      "accident_name": "pedestrian",
      "objects": []
    },
    {
      "frame_id": 95,
      "image_path": "frames/bhA2ckvE-TQ_004401/images/000095.jpg",
      "accident_id": 6,
      "accident_name": "pedestrian",
      "objects": []
    },
    {
      "frame_id": 96,
      "image_path": "frames/bhA2ckvE-TQ_004401/images/000096.jpg",
      "accident_id": 6,
      "accident_name": "pedestrian",
      "objects": []
    },
    {
      "frame_id": 97,
      "image_path": "frames/bhA2ckvE-TQ_004401/images/000097.jpg",
      "accident_id": 0,
      "accident_name": "normal",
      "objects": []
    }
  ]
}