{
  "video_name": "DkjTJcCXipY_000476",
  "channel": "AnAn",
  "num_frames": 66,
  "ignore": false,
  "ego_involve": true,
  "night": false,
  "anomaly_start": 26,
  "anomaly_end": 55,
  "video_start": 476,
  "video_end": 541,
  "accident_id": "5",
  "accident_name": "turning",
  "labels": [
    {
      "frame_id": 0,
      "image_path": "frames/DkjTJcCXipY_000476/images/000000.jpg",
      "accident_id": 0,
      "accident_name": "normal",
      "objects": []
    },
    {
      "frame_id": 1,
      "image_path": "frames/DkjTJcCXipY_000476/images/000001.jpg",
      "accident_id": 0,
      "accident_name": "normal",
      "objects": []
    },
    {
      "frame_id": 2,
      "image_path": "frames/DkjTJcCXipY_000476/images/000002.jpg",
      "accident_id": 0,
      "accident_name": "normal",
      "objects": []
    },
    {
      "frame_id": 3,
      "image_path": "frames/DkjTJcCXipY_000476/images/000003.jpg",
      "accident_id": 0,
      "accident_name": "normal",
      "objects": []
    },
    {
      "frame_id": 4,
      "image_path": "frames/DkjTJcCXipY_000476/images/000004.jpg",
      "accident_id": 0,
      "accident_name": "normal",
      "objects": []
    },
    {
      "frame_id": 5,
      "image_path": "frames/DkjTJcCXipY_000476/images/000005.jpg",
      "accident_id": 0,
      "accident_name": "normal",
      "objects": []
    },
    {
      "frame_id": 6,
      "image_path": "frames/DkjTJcCXipY_000476/images/000006.jpg",
      "accident_id": 0,
      "accident_name": "normal",
      "objects": []
    },
    {
      "frame_id": 7,
      "image_path": "frames/DkjTJcCXipY_000476/images/000007.jpg",
      "accident_id": 0,
      "accident_name": "normal",
      "objects": []
    },
    {
      "frame_id": 8,
      "image_path": "frames/DkjTJcCXipY_000476/images/000008.jpg",
      "accident_id": 0,
      "accident_name": "normal",
      "objects": []
    },
    {
      "frame_id": 9,
      "image_path": "frames/DkjTJcCXipY_000476/images/000009.jpg",
      "accident_id": 0,
      "accident_name": "normal",
      "objects": []
    },
    {
      "frame_id": 10,
      "image_path": "frames/DkjTJcCXipY_000476/images/000010.jpg",
      "accident_id": 0,
      "accident_name": "normal",
      "objects": []
    },
    {
      "frame_id": 11,
      "image_path": "frames/DkjTJcCXipY_000476/images/000011.jpg",
      "accident_id": 0,
      "accident_name": "normal",
      "objects": []
    },
    {
      "frame_id": 12,
      "image_path": "frames/DkjTJcCXipY_000476/images/000012.jpg",
      "accident_id": 0,
      "accident_name": "normal",
      "objects": []
    },
    {
      "frame_id": 13,
      "image_path": "frames/DkjTJcCXipY_000476/images/000013.jpg",
      "accident_id": 0,
      "accident_name": "normal",
      "objects": []
    },
    {
      "frame_id": 14,
      "image_path": "frames/DkjTJcCXipY_000476/images/000014.jpg",
      "accident_id": 0,
      "accident_name": "normal",
      "objects": []
    },
    {
      "frame_id": 15,
      "image_path": "frames/DkjTJcCXipY_000476/images/000015.jpg",
      "accident_id": 0,
      "accident_name": "normal",
      "objects": []
    },
    {
      "frame_id": 16,
      "image_path": "frames/DkjTJcCXipY_000476/images/000016.jpg",
      "accident_id": 0,
      "accident_name": "normal",
      "objects": []
    },
    {
      "frame_id": 17,
      "image_path": "frames/DkjTJcCXipY_000476/images/000017.jpg",
      "accident_id": 0,
      "accident_name": "normal",
      "objects": []
    },
    {
      "frame_id": 18,
      "image_path": "frames/DkjTJcCXipY_000476/images/000018.jpg",
      "accident_id": 0,
      "accident_name": "normal",
      "objects": []
    },
    {
      "frame_id": 19,
      "image_path": "frames/DkjTJcCXipY_000476/images/000019.jpg",
      "accident_id": 0,
      "accident_name": "normal",
      "objects": []
    },
    {
      "frame_id": 20,
      "image_path": "frames/DkjTJcCXipY_000476/images/000020.jpg",
      "accident_id": 0,
      "accident_name": "normal",
      "objects": []
    },
    {
      "frame_id": 21,
      "image_path": "frames/DkjTJcCXipY_000476/images/000021.jpg",
      "accident_id": 0,
      "accident_name": "normal",
      "objects": []
    },
    {
      "frame_id": 22,
      "image_path": "frames/DkjTJcCXipY_000476/images/000022.jpg",
      "accident_id": 0,
      "accident_name": "normal",
      "objects": []
    },
    {
      "frame_id": 23,
      "image_path": "frames/DkjTJcCXipY_000476/images/000023.jpg",
      "accident_id": 0,
      "accident_name": "normal",
      "objects": []
    },
    {
      "frame_id": 24,
      "image_path": "frames/DkjTJcCXipY_000476/images/000024.jpg",
      "accident_id": 0,
      "accident_name": "normal",
      "objects": []
    },
    {
      "frame_id": 25,
      "image_path": "frames/DkjTJcCXipY_000476/images/000025.jpg",
      "accident_id": 0,
      "accident_name": "normal",
      "objects": []
    },
    {
      "frame_id": 26,
      "image_path": "frames/DkjTJcCXipY_000476/images/000026.jpg",
      "accident_id": 5,
      "accident_name": "turning",
      "objects": [
        {
          "obj_track_id": 0,
          "bbox": [
            202.5512528473804,
            431.3439635535307,
            324.7380410022779,
            533.8496583143508
          ],
          "category": "motor",
          "category ID": 7,
          "trunc": false
        },
        {
          "obj_track_id": 41,
          "bbox": [
            218.13211845102504,
            378.86104783599086,
            297.6765375854214,
            504.32801822323455
          ],
          "category": "rider",
          "category ID": 2,
          "trunc": false
        }
      ]
    },
    {
      "frame_id": 27,
      "image_path": "frames/DkjTJcCXipY_000476/images/000027.jpg",
      "accident_id": 5,
      "accident_name": "turning",
      "objects": [
        {
          "obj_track_id": 0,
          "bbox": [
            200.91116173120727,
            435.44419134396355,
            335.80865603644645,
            551.4806378132118
          ],
          "category": "motor",
          "category ID": 7,
          "trunc": false
        },
        {
          "obj_track_id": 41,
          "bbox": [
            217.72209567198178,
            378.0410022779043,
            302.1867881548975,
            517.8587699316628
          ],
          "category": "rider",
          "category ID": 2,
          "trunc": false
        }
      ]
    },
    {
      "frame_id": 28,
      "image_path": "frames/DkjTJcCXipY_000476/images/000028.jpg",
      "accident_id": 5,
      "accident_name": "turning",
      "objects": [
        {
          "obj_track_id": 0,
          "bbox": [
            199.27107061503415,
            439.5444191343963,
            346.879271070615,
            569.1116173120729
          ],
          "category": "motor",
          "category ID": 7,
          "trunc": false
        },
        {
          "obj_track_id": 41,
          "bbox": [
            217.3120728929385,
            377.2209567198177,
            306.69703872437356,
            531.3895216400911
          ],
          "category": "rider",
          "category ID": 2,
          "trunc": false
        }
      ]
    },
    {
      "frame_id": 29,
      "image_path": "frames/DkjTJcCXipY_000476/images/000029.jpg",
      "accident_id": 5,
      "accident_name": "turning",
      "objects": [
        {
          "obj_track_id": 0,
          "bbox": [
            193.12072892938494,
            444.87471526195895,
            362.0501138952163,
            590.4328018223234
          ],
          "category": "motor",
          "category ID": 7,
          "trunc": false
        },
        {
          "obj_track_id": 41,
          "bbox": [
            213.75854214123007,
            372.0273348519362,
            318.997722095672,
            550.5239179954442
          ],
          "category": "rider",
          "category ID": 2,
          "trunc": false
        }
      ]
    },
    {
      "frame_id": 30,
      "image_path": "frames/DkjTJcCXipY_000476/images/000030.jpg",
      "accident_id": 5,
      "accident_name": "turning",
      "objects": [
        {
          "obj_track_id": 0,
          "bbox": [
            186.97038724373576,
            450.2050113895216,
            377.2209567198177,
            611.753986332574
          ],
          "category": "motor",
          "category ID": 7,
          "trunc": false
        },
        {
          "obj_track_id": 41,
          "bbox": [
            210.20501138952162,
            366.8337129840546,
            331.29840546697034,
            569.6583143507971
          ],
          "category": "rider",
          "category ID": 2,
          "trunc": false
        }
      ]
    },
    {
      "frame_id": 31,
      "image_path": "frames/DkjTJcCXipY_000476/images/000031.jpg",
      "accident_id": 5,
      "accident_name": "turning",
      "objects": [
        {
          "obj_track_id": 0,
          "bbox": [
            182.05011389521638,
            450.2050113895216,
            401.82232346241454,
            649.4760820045558
          ],
          "category": "motor",
          "category ID": 7,
          "trunc": false
        },
        {
          "obj_track_id": 41,
          "bbox": [
            206.6514806378132,
            361.6400911161731,
            343.59908883826876,
            588.7927107061503
          ],
          "category": "rider",
          "category ID": 2,
          "trunc": false
        }
      ]
    },
    {
      "frame_id": 32,
      "image_path": "frames/DkjTJcCXipY_000476/images/000032.jpg",
      "accident_id": 5,
      "accident_name": "turning",
      "objects": [
        {
          "obj_track_id": 0,
          "bbox": [
            177.5398633257403,
            454.30523917995436,
            441.1845102505695,
            651.1161731207288
          ],
          "category": "motor",
          "category ID": 7,
          "trunc": true
        },
        {
          "obj_track_id": 41,
          "bbox": [
            204.60136674259678,
            341.5489749430524,
            376.40091116173113,
            617.0842824601366
          ],
          "category": "rider",
          "category ID": 2,
          "trunc": false
        }
      ]
    },
    {
      "frame_id": 33,
      "image_path": "frames/DkjTJcCXipY_000476/images/000033.jpg",
      "accident_id": 5,
      "accident_name": "turning",
      "objects": [
        {
          "obj_track_id": 0,
          "bbox": [
            173.0296127562642,
            458.4054669703872,
            480.54669703872435,
            652.756264236902
          ],
          "category": "motor",
          "category ID": 7,
          "trunc": true
        },
        {
          "obj_track_id": 41,
          "bbox": [
            202.5512528473804,
            321.45785876993165,
            409.20273348519356,
            645.3758542141229
          ],
          "category": "rider",
          "category ID": 2,
          "trunc": false
        }
      ]
    },
    {
      "frame_id": 34,
      "image_path": "frames/DkjTJcCXipY_000476/images/000034.jpg",
      "accident_id": 5,
      "accident_name": "turning",
      "objects": [
        {
          "obj_track_id": 0,
          "bbox": [
            177.129840546697,
            471.5261958997722,
            542.0501138952163,
            654.3963553530751
          ],
          "category": "motor",
          "category ID": 7,
          "trunc": true
        },
        {
          "obj_track_id": 41,
          "bbox": [
            209.93166287015944,
            302.59681093394073,
            483.82687927107065,
            656.8564920273348
          ],
          "category": "rider",
          "category ID": 2,
          "trunc": true
        }
      ]
    },
    {
      "frame_id": 35,
      "image_path": "frames/DkjTJcCXipY_000476/images/000035.jpg",
      "accident_id": 5,
      "accident_name": "turning",
      "objects": [
        {
          "obj_track_id": 0,
          "bbox": [
            194.3507972665148,
            467.42596810933935,
            636.3553530751708,
            654.3963553530751
          ],
          "category": "motor",
          "category ID": 7,
          "trunc": true
        },
        {
          "obj_track_id": 41,
          "bbox": [
            233.71298405466968,
            281.2756264236902,
            587.1526195899771,
            654.3963553530751
          ],
          "category": "rider",
          "category ID": 2,
          "trunc": true
        }
      ]
    },
    {
      "frame_id": 36,
      "image_path": "frames/DkjTJcCXipY_000476/images/000036.jpg",
      "accident_id": 5,
      "accident_name": "turning",
      "objects": [
        {
          "obj_track_id": 0,
          "bbox": [
            232.89293849658313,
            482.18678815489744,
            777.4031890660592,
            654.3963553530751
          ],
          "category": "motor",
          "category ID": 7,
          "trunc": true
        },
        {
          "obj_track_id": 41,
          "bbox": [
            232.07289293849655,
            249.29384965831431,
            658.4965831435079,
            654.3963553530751
          ],
          "category": "rider",
          "category ID": 2,
          "trunc": true
        }
      ]
    },
    {
      "frame_id": 37,
      "image_path": "frames/DkjTJcCXipY_000476/images/000037.jpg",
      "accident_id": 5,
      "accident_name": "turning",
      "objects": [
        {
          "obj_track_id": 0,
          "bbox": [
            329.65831435079724,
            468.2460136674259,
            764.2824601366742,
            657.6765375854213
          ],
          "category": "motor",
          "category ID": 7,
          "trunc": true
        },
        {
          "obj_track_id": 41,
          "bbox": [
            305.876993166287,
            298.49658314350796,
            876.6287015945329,
            654.3963553530751
          ],
          "category": "rider",
          "category ID": 2,
          "trunc": true
        }
      ]
    },
    {
      "frame_id": 38,
      "image_path": "frames/DkjTJcCXipY_000476/images/000038.jpg",
      "accident_id": 5,
      "accident_name": "turning",
      "objects": [
        {
          "obj_track_id": 0,
          "bbox": [
            524.8291571753986,
            470.7061503416856,
            822.50569476082,
            665.0569476082003
          ],
          "category": "motor",
          "category ID": 7,
          "trunc": true
        },
        {
          "obj_track_id": 41,
          "bbox": [
            427.2437357630979,
            400.18223234624145,
            979.9544419134395,
            664.2369020501138
          ],
          "category": "rider",
          "category ID": 2,
          "trunc": true
        }
      ]
    },
    {
      "frame_id": 39,
      "image_path": "frames/DkjTJcCXipY_000476/images/000039.jpg",
      "accident_id": 5,
      "accident_name": "turning",
      "objects": [
        {
          "obj_track_id": 0,
          "bbox": [
            602.7334851936218,
            497.7676537585421,
            822.50569476082,
            665.0569476082003
          ],
          "category": "motor",
          "category ID": 7,
          "trunc": true
        },
        {
          "obj_track_id": 41,
          "bbox": [
            549.4305239179954,
            462.50569476082,
            1029.9772209567197,
            661.7767653758542
          ],
          "category": "rider",
          "category ID": 2,
          "trunc": true
        }
      ]
    },
    {
      "frame_id": 40,
      "image_path": "frames/DkjTJcCXipY_000476/images/000040.jpg",
      "accident_id": 5,
      "accident_name": "turning",
      "objects": [
        {
          "obj_track_id": 0,
          "bbox": [
            546.9703872437357,
            501.8678815489749,
            838.9066059225512,
            656.8564920273348
          ],
          "category": "motor",
          "category ID": 7,
          "trunc": true
        },
        {
          "obj_track_id": 41,
          "bbox": [
            546.9703872437357,
            501.8678815489749,
            911.0706150341684,
            662.5968109339407
          ],
          "category": "rider",
          "category ID": 2,
          "trunc": true
        }
      ]
    },
    {
      "frame_id": 41,
      "image_path": "frames/DkjTJcCXipY_000476/images/000041.jpg",
      "accident_id": 5,
      "accident_name": "turning",
      "objects": [
        {
          "obj_track_id": 0,
          "bbox": [
            610.9339407744874,
            569.9316628701594,
            741.3211845102505,
            652.756264236902
          ],
          "category": "motor",
          "category ID": 7,
          "trunc": true
        },
        {
          "obj_track_id": 41,
          "bbox": [
            712.6195899772209,
            528.1093394077449,
            880.7289293849658,
            660.9567198177676
          ],
          "category": "rider",
          "category ID": 2,
          "trunc": true
        }
      ]
    },
    {
      "frame_id": 42,
      "image_path": "frames/DkjTJcCXipY_000476/images/000042.jpg",
      "accident_id": 5,
      "accident_name": "turning",
      "objects": [
        {
          "obj_track_id": 0,
          "bbox": [
            658.4965831435079,
            597.8132118451025,
            750.3416856492026,
            652.756264236902
          ],
          "category": "motor",
          "category ID": 7,
          "trunc": true
        },
        {
          "obj_track_id": 41,
          "bbox": [
            714.259681093394,
            596.9931662870159,
            901.2300683371298,
            659.3166287015945
          ],
          "category": "rider",
          "category ID": 2,
          "trunc": true
        }
      ]
    },
    {
      "frame_id": 43,
      "image_path": "frames/DkjTJcCXipY_000476/images/000043.jpg",
      "accident_id": 5,
      "accident_name": "turning",
      "objects": [
        {
          "obj_track_id": 0,
          "bbox": [
            694.5785876993166,
            586.3325740318907,
            750.3416856492026,
            652.756264236902
          ],
          "category": "motor",
          "category ID": 7,
          "trunc": true
        },
        {
          "obj_track_id": 41,
          "bbox": [
            750.3416856492026,
            586.3325740318907,
            933.2118451025057,
            657.6765375854213
          ],
          "category": "rider",
          "category ID": 2,
          "trunc": true
        }
      ]
    },
    {
      "frame_id": 44,
      "image_path": "frames/DkjTJcCXipY_000476/images/000044.jpg",
      "accident_id": 5,
      "accident_name": "turning",
      "objects": [
        {
          "obj_track_id": 0,
          "bbox": [
            687.1981776765375,
            584.6924829157175,
            751.9817767653758,
            656.0364464692483
          ],
          "category": "motor",
          "category ID": 7,
          "trunc": true
        },
        {
          "obj_track_id": 41,
          "bbox": [
            738.8610478359908,
            546.9703872437357,
            952.892938496583,
            657.6765375854213
          ],
          "category": "rider",
          "category ID": 2,
          "trunc": true
        }
      ]
    },
    {
      "frame_id": 45,
      "image_path": "frames/DkjTJcCXipY_000476/images/000045.jpg",
      "accident_id": 5,
      "accident_name": "turning",
      "objects": [
        {
          "obj_track_id": 0,
          "bbox": [
            669.9772209567197,
            567.4715261958997,
            888.1093394077448,
            656.0364464692483
          ],
          "category": "motor",
          "category ID": 7,
          "trunc": true
        },
        {
          "obj_track_id": 41,
          "bbox": [
            723.2801822323462,
            521.5489749430524,
            958.633257403189,
            657.6765375854213
          ],
          "category": "rider",
          "category ID": 2,
          "trunc": true
        }
      ]
    },
    {
      "frame_id": 46,
      "image_path": "frames/DkjTJcCXipY_000476/images/000046.jpg",
      "accident_id": 5,
      "accident_name": "turning",
      "objects": [
        {
          "obj_track_id": 0,
          "bbox": [
            662.5968109339407,
            548.6104783599088,
            894.6697038724373,
            656.0364464692483
          ],
          "category": "motor",
          "category ID": 7,
          "trunc": true
        },
        {
          "obj_track_id": 41,
          "bbox": [
            707.6993166287016,
            501.04783599088836,
            948.7927107061503,
            657.6765375854213
          ],
          "category": "rider",
          "category ID": 2,
          "trunc": true
        }
      ]
    },
    {
      "frame_id": 47,
      "image_path": "frames/DkjTJcCXipY_000476/images/000047.jpg",
      "accident_id": 5,
      "accident_name": "turning",
      "objects": [
        {
          "obj_track_id": 0,
          "bbox": [
            665.876993166287,
            534.6697038724373,
            904.510250569476,
            653.5763097949886
          ],
          "category": "motor",
          "category ID": 7,
          "trunc": true
        },
        {
          "obj_track_id": 41,
          "bbox": [
            706.0592255125284,
            492.8473804100227,
            928.2915717539862,
            644.5558086560363
          ],
          "category": "rider",
          "category ID": 2,
          "trunc": true
        }
      ]
    },
    {
      "frame_id": 48,
      "image_path": "frames/DkjTJcCXipY_000476/images/000048.jpg",
      "accident_id": 5,
      "accident_name": "turning",
      "objects": [
        {
          "obj_track_id": 0,
          "bbox": [
            674.0774487471525,
            527.2892938496583,
            904.510250569476,
            631.4350797266515
          ],
          "category": "motor",
          "category ID": 7,
          "trunc": true
        },
        {
          "obj_track_id": 41,
          "bbox": [
            707.6993166287016,
            479.72665148063777,
            910.250569476082,
            631.4350797266515
          ],
          "category": "rider",
          "category ID": 2,
          "trunc": true
        }
      ]
    },
    {
      "frame_id": 49,
      "image_path": "frames/DkjTJcCXipY_000476/images/000049.jpg",
      "accident_id": 5,
      "accident_name": "turning",
      "objects": [
        {
          "obj_track_id": 0,
          "bbox": [
            682.2779043280182,
            524.8291571753986,
            901.2300683371298,
            609.2938496583143
          ],
          "category": "motor",
          "category ID": 7,
          "trunc": true
        },
        {
          "obj_track_id": 41,
          "bbox": [
            701.1389521640091,
            470.7061503416856,
            887.2892938496582,
            607.6537585421412
          ],
          "category": "rider",
          "category ID": 2,
          "trunc": true
        }
      ]
    },
    {
      "frame_id": 50,
      "image_path": "frames/DkjTJcCXipY_000476/images/000050.jpg",
      "accident_id": 5,
      "accident_name": "turning",
      "objects": [
        {
          "obj_track_id": 0,
          "bbox": [
            686.7881548974942,
            521.5489749430524,
            888.519362186788,
            599.0432801822324
          ],
          "category": "motor",
          "category ID": 7,
          "trunc": true
        },
        {
          "obj_track_id": 41,
          "bbox": [
            714.6697038724374,
            470.2961275626423,
            869.6583143507972,
            594.5330296127562
          ],
          "category": "rider",
          "category ID": 2,
          "trunc": true
        }
      ]
    },
    {
      "frame_id": 51,
      "image_path": "frames/DkjTJcCXipY_000476/images/000051.jpg",
      "accident_id": 5,
      "accident_name": "turning",
      "objects": [
        {
          "obj_track_id": 0,
          "bbox": [
            691.2984054669703,
            518.2687927107061,
            875.8086560364463,
            588.7927107061503
          ],
          "category": "motor",
          "category ID": 7,
          "trunc": true
        },
        {
          "obj_track_id": 41,
          "bbox": [
            728.2004555808655,
            469.886104783599,
            852.0273348519362,
            581.4123006833712
          ],
          "category": "rider",
          "category ID": 2,
          "trunc": true
        }
      ]
    },
    {
      "frame_id": 52,
      "image_path": "frames/DkjTJcCXipY_000476/images/000052.jpg",
      "accident_id": 5,
      "accident_name": "turning",
      "objects": [
        {
          "obj_track_id": 0,
          "bbox": [
            676.5375854214122,
            519.9088838268792,
            873.3485193621867,
            586.3325740318907
          ],
          "category": "motor",
          "category ID": 7,
          "trunc": true
        },
        {
          "obj_track_id": 41,
          "bbox": [
            738.0410022779042,
            472.34624145785875,
            828.2460136674259,
            585.5125284738041
          ],
          "category": "rider",
          "category ID": 2,
          "trunc": true
        }
      ]
    },
    {
      "frame_id": 53,
      "image_path": "frames/DkjTJcCXipY_000476/images/000053.jpg",
      "accident_id": 5,
      "accident_name": "turning",
      "objects": [
        {
          "obj_track_id": 0,
          "bbox": [
            674.8974943052391,
            515.8086560364465,
            865.1480637813211,
            580.5922551252847
          ],
          "category": "motor",
          "category ID": 7,
          "trunc": true
        },
        {
          "obj_track_id": 41,
          "bbox": [
            712.6195899772209,
            468.2460136674259,
            797.9043280182232,
            573.2118451025057
          ],
          "category": "rider",
          "category ID": 2,
          "trunc": true
        }
      ]
    },
    {
      "frame_id": 54,
      "image_path": "frames/DkjTJcCXipY_000476/images/000054.jpg",
      "accident_id": 5,
      "accident_name": "turning",
      "objects": [
        {
          "obj_track_id": 0,
          "bbox": [
            678.1776765375854,
            513.3485193621867,
            856.9476082004555,
            567.4715261958997
          ],
          "category": "motor",
          "category ID": 7,
          "trunc": true
        },
        {
          "obj_track_id": 41,
          "bbox": [
            685.5580865603644,
            464.1457858769931,
            796.26423690205,
            567.4715261958997
          ],
          "category": "rider",
          "category ID": 2,
          "trunc": true
        }
      ]
    },
    {
      "frame_id": 55,
      "image_path": "frames/DkjTJcCXipY_000476/images/000055.jpg",
      "accident_id": 0,
      "accident_name": "normal",
      "objects": []
    },
    {
      "frame_id": 56,
      "image_path": "frames/DkjTJcCXipY_000476/images/000056.jpg",
      "accident_id": 0,
      "accident_name": "normal",
      "objects": []
    },
    {
      "frame_id": 57,
      "image_path": "frames/DkjTJcCXipY_000476/images/000057.jpg",
      "accident_id": 0,
      "accident_name": "normal",
      "objects": []
    },
    {
      "frame_id": 58,
      "image_path": "frames/DkjTJcCXipY_000476/images/000058.jpg",
      "accident_id": 0,
      "accident_name": "normal",
      "objects": []
    },
    {
      "frame_id": 59,
      "image_path": "frames/DkjTJcCXipY_000476/images/000059.jpg",
      "accident_id": 0,
      "accident_name": "normal",
      "objects": []
    },
    {
      "frame_id": 60,
      "image_path": "frames/DkjTJcCXipY_000476/images/000060.jpg",
      "accident_id": 0,
      "accident_name": "normal",
      "objects": []
    },
    {
      "frame_id": 61,
      "image_path": "frames/DkjTJcCXipY_000476/images/000061.jpg",
      "accident_id": 0,
      "accident_name": "normal",
      "objects": []
    },
    {
      "frame_id": 62,
      "image_path": "frames/DkjTJcCXipY_000476/images/000062.jpg",
      "accident_id": 0,
      "accident_name": "normal",
      "objects": []
    },
    {
      "frame_id": 63,
      "image_path": "frames/DkjTJcCXipY_000476/images/000063.jpg",
      "accident_id": 0,
      "accident_name": "normal",
      "objects": []
    },
    {
      "frame_id": 64,
      "image_path": "frames/DkjTJcCXipY_000476/images/000064.jpg",
      "accident_id": 0,
      "accident_name": "normal",
      "objects": []
    },
    {
      "frame_id": 65,
      "image_path": "frames/DkjTJcCXipY_000476/images/000065.jpg",
      "accident_id": 0,
      "accident_name": "normal",
      "objects": []
    }
  ]
}