{
  "video_name": "EJ4VM9wLNXQ_001699",
  "channel": "AnAn",
  "num_frames": 51,
  "ignore": false,
  "ego_involve": true,
  "night": false,
  "anomaly_start": 41,
  "anomaly_end": 51,
  "video_start": 1699,
  "video_end": 1749,
  "accident_id": "4",
  "accident_name": "oncoming",
  "labels": [
    {
      "frame_id": 0,
      "image_path": "frames/EJ4VM9wLNXQ_001699/images/000000.jpg",
      "accident_id": 0,
      "accident_name": "normal",
      "objects": []
    },
    {
      "frame_id": 1,
      "image_path": "frames/EJ4VM9wLNXQ_001699/images/000001.jpg",
      "accident_id": 0,
      "accident_name": "normal",
      "objects": []
    },
    {
      "frame_id": 2,
      "image_path": "frames/EJ4VM9wLNXQ_001699/images/000002.jpg",
      "accident_id": 0,
      "accident_name": "normal",
      "objects": []
    },
    {
      "frame_id": 3,
      "image_path": "frames/EJ4VM9wLNXQ_001699/images/000003.jpg",
      "accident_id": 0,
      "accident_name": "normal",
      "objects": []
    },
    {
      "frame_id": 4,
      "image_path": "frames/EJ4VM9wLNXQ_001699/images/000004.jpg",
      "accident_id": 0,
      "accident_name": "normal",
      "objects": []
    },
    {
      "frame_id": 5,
      "image_path": "frames/EJ4VM9wLNXQ_001699/images/000005.jpg",
      "accident_id": 0,
      "accident_name": "normal",
      "objects": []
    },
    {
      "frame_id": 6,
      "image_path": "frames/EJ4VM9wLNXQ_001699/images/000006.jpg",
      "accident_id": 0,
      "accident_name": "normal",
      "objects": []
    },
    {
      "frame_id": 7,
      "image_path": "frames/EJ4VM9wLNXQ_001699/images/000007.jpg",
      "accident_id": 0,
      "accident_name": "normal",
      "objects": []
    },
    {
      "frame_id": 8,
      "image_path": "frames/EJ4VM9wLNXQ_001699/images/000008.jpg",
      "accident_id": 0,
      "accident_name": "normal",
      "objects": []
    },
    {
      "frame_id": 9,
      "image_path": "frames/EJ4VM9wLNXQ_001699/images/000009.jpg",
      "accident_id": 0,
      "accident_name": "normal",
      "objects": []
    },
    {
      "frame_id": 10,
      "image_path": "frames/EJ4VM9wLNXQ_001699/images/000010.jpg",
      "accident_id": 0,
      "accident_name": "normal",
      "objects": []
    },
    {
      "frame_id": 11,
      "image_path": "frames/EJ4VM9wLNXQ_001699/images/000011.jpg",
      "accident_id": 0,
      "accident_name": "normal",
      "objects": []
    },
    {
      "frame_id": 12,
      "image_path": "frames/EJ4VM9wLNXQ_001699/images/000012.jpg",
      "accident_id": 0,
      "accident_name": "normal",
      "objects": []
    },
    {
      "frame_id": 13,
      "image_path": "frames/EJ4VM9wLNXQ_001699/images/000013.jpg",
      "accident_id": 0,
      "accident_name": "normal",
      "objects": []
    },
    {
      "frame_id": 14,
      "image_path": "frames/EJ4VM9wLNXQ_001699/images/000014.jpg",
      "accident_id": 0,
      "accident_name": "normal",
      "objects": []
    },
    {
      "frame_id": 15,
      "image_path": "frames/EJ4VM9wLNXQ_001699/images/000015.jpg",
      "accident_id": 0,
      "accident_name": "normal",
      "objects": []
    },
    {
      "frame_id": 16,
      "image_path": "frames/EJ4VM9wLNXQ_001699/images/000016.jpg",
      "accident_id": 0,
      "accident_name": "normal",
      "objects": []
    },
    {
      "frame_id": 17,
      "image_path": "frames/EJ4VM9wLNXQ_001699/images/000017.jpg",
      "accident_id": 0,
      "accident_name": "normal",
      "objects": []
    },
    {
      "frame_id": 18,
      "image_path": "frames/EJ4VM9wLNXQ_001699/images/000018.jpg",
      "accident_id": 0,
      "accident_name": "normal",
      "objects": []
    },
    {
      "frame_id": 19,
      "image_path": "frames/EJ4VM9wLNXQ_001699/images/000019.jpg",
      "accident_id": 0,
      "accident_name": "normal",
      "objects": []
    },
    {
      "frame_id": 20,
      "image_path": "frames/EJ4VM9wLNXQ_001699/images/000020.jpg",
      "accident_id": 0,
      "accident_name": "normal",
      "objects": []
    },
    {
      "frame_id": 21,
      "image_path": "frames/EJ4VM9wLNXQ_001699/images/000021.jpg",
      "accident_id": 0,
      "accident_name": "normal",
      "objects": []
    },
    {
      "frame_id": 22,
      "image_path": "frames/EJ4VM9wLNXQ_001699/images/000022.jpg",
      "accident_id": 0,
      "accident_name": "normal",
      "objects": []
    },
    {
      "frame_id": 23,
      "image_path": "frames/EJ4VM9wLNXQ_001699/images/000023.jpg",
      "accident_id": 0,
      "accident_name": "normal",
      "objects": []
    },
    {
      "frame_id": 24,
      "image_path": "frames/EJ4VM9wLNXQ_001699/images/000024.jpg",
      "accident_id": 0,
      "accident_name": "normal",
      "objects": []
    },
    {
      "frame_id": 25,
      "image_path": "frames/EJ4VM9wLNXQ_001699/images/000025.jpg",
      "accident_id": 0,
      "accident_name": "normal",
      "objects": []
    },
    {
      "frame_id": 26,
      "image_path": "frames/EJ4VM9wLNXQ_001699/images/000026.jpg",
      "accident_id": 0,
      "accident_name": "normal",
      "objects": []
    },
    {
      "frame_id": 27,
      "image_path": "frames/EJ4VM9wLNXQ_001699/images/000027.jpg",
      "accident_id": 0,
      "accident_name": "normal",
      "objects": []
    },
    {
      "frame_id": 28,
      "image_path": "frames/EJ4VM9wLNXQ_001699/images/000028.jpg",
      "accident_id": 0,
      "accident_name": "normal",
      "objects": []
    },
    {
      "frame_id": 29,
      "image_path": "frames/EJ4VM9wLNXQ_001699/images/000029.jpg",
      "accident_id": 0,
      "accident_name": "normal",
      "objects": []
    },
    {
      "frame_id": 30,
      "image_path": "frames/EJ4VM9wLNXQ_001699/images/000030.jpg",
      "accident_id": 0,
      "accident_name": "normal",
      "objects": []
    },
    {
      "frame_id": 31,
      "image_path": "frames/EJ4VM9wLNXQ_001699/images/000031.jpg",
      "accident_id": 0,
      "accident_name": "normal",
      "objects": []
    },
    {
      "frame_id": 32,
      "image_path": "frames/EJ4VM9wLNXQ_001699/images/000032.jpg",
      "accident_id": 0,
      "accident_name": "normal",
      "objects": []
    },
    {
      "frame_id": 33,
      "image_path": "frames/EJ4VM9wLNXQ_001699/images/000033.jpg",
      "accident_id": 0,
      "accident_name": "normal",
      "objects": []
    },
    {
      "frame_id": 34,
      "image_path": "frames/EJ4VM9wLNXQ_001699/images/000034.jpg",
      "accident_id": 0,
      "accident_name": "normal",
      "objects": []
    },
    {
      "frame_id": 35,
      "image_path": "frames/EJ4VM9wLNXQ_001699/images/000035.jpg",
      "accident_id": 0,
      "accident_name": "normal",
      "objects": []
    },
    {
      "frame_id": 36,
      "image_path": "frames/EJ4VM9wLNXQ_001699/images/000036.jpg",
      "accident_id": 0,
      "accident_name": "normal",
      "objects": []
    },
    {
      "frame_id": 37,
      "image_path": "frames/EJ4VM9wLNXQ_001699/images/000037.jpg",
      "accident_id": 0,
      "accident_name": "normal",
      "objects": []
    },
    {
      "frame_id": 38,
      "image_path": "frames/EJ4VM9wLNXQ_001699/images/000038.jpg",
      "accident_id": 0,
      "accident_name": "normal",
      "objects": []
    },
    {
      "frame_id": 39,
      "image_path": "frames/EJ4VM9wLNXQ_001699/images/000039.jpg",
      "accident_id": 0,
      "accident_name": "normal",
      "objects": []
    },
    {
      "frame_id": 40,
      "image_path": "frames/EJ4VM9wLNXQ_001699/images/000040.jpg",
      "accident_id": 0,
      "accident_name": "normal",
      "objects": []
    },
    {
      "frame_id": 41,
      "image_path": "frames/EJ4VM9wLNXQ_001699/images/000041.jpg",
      "accident_id": 4,
      "accident_name": "oncoming",
      "objects": [
        {
          "obj_track_id": 0,
          "bbox": [
            312,
            367.30434782608694,
            701.5652173913044,
            602.4347826086956
          ],
          "category": "car",
          "category ID": 3,
          "trunc": false
        }
      ]
    },
    {
      "frame_id": 42,
      "image_path": "frames/EJ4VM9wLNXQ_001699/images/000042.jpg",
      "accident_id": 4,
      "accident_name": "oncoming",
      "objects": [
        {
          "obj_track_id": 0,
          "bbox": [
            156.17391304347825,
            341.5652173913044,
            670.9565217391304,
            653.9130434782609
          ],
          "category": "car",
          "category ID": 3,
          "trunc": true
        }
      ]
    },
    {
      "frame_id": 43,
      "image_path": "frames/EJ4VM9wLNXQ_001699/images/000043.jpg",
      "accident_id": 4,
      "accident_name": "oncoming",
      "objects": [
        {
          "obj_track_id": 0,
          "bbox": [
            0,
            285.9130434782609,
            634.7826086956521,
            653.9130434782609
          ],
          "category": "car",
          "category ID": 3,
          "trunc": true
        }
      ]
    },
    {
      "frame_id": 44,
      "image_path": "frames/EJ4VM9wLNXQ_001699/images/000044.jpg",
      "accident_id": 4,
      "accident_name": "oncoming",
      "objects": [
        {
          "obj_track_id": 0,
          "bbox": [
            0,
            225.3913043478261,
            574.9565217391304,
            720.0
          ],
          "category": "car",
          "category ID": 3,
          "trunc": true
        }
      ]
    },
    {
      "frame_id": 45,
      "image_path": "frames/EJ4VM9wLNXQ_001699/images/000045.jpg",
      "accident_id": 4,
      "accident_name": "oncoming",
      "objects": [
        {
          "obj_track_id": 0,
          "bbox": [
            0,
            153.7391304347826,
            334.2608695652174,
            720.0
          ],
          "category": "car",
          "category ID": 3,
          "trunc": true
        }
      ]
    },
    {
      "frame_id": 46,
      "image_path": "frames/EJ4VM9wLNXQ_001699/images/000046.jpg",
      "accident_id": 4,
      "accident_name": "oncoming",
      "objects": []
    },
    {
      "frame_id": 47,
      "image_path": "frames/EJ4VM9wLNXQ_001699/images/000047.jpg",
      "accident_id": 4,
      "accident_name": "oncoming",
      "objects": []
    },
    {
      "frame_id": 48,
      "image_path": "frames/EJ4VM9wLNXQ_001699/images/000048.jpg",
      "accident_id": 4,
      "accident_name": "oncoming",
      "objects": []
    },
    {
      "frame_id": 49,
      "image_path": "frames/EJ4VM9wLNXQ_001699/images/000049.jpg",
      "accident_id": 4,
      "accident_name": "oncoming",
      "objects": []
    },
    {
      "frame_id": 50,
      "image_path": "frames/EJ4VM9wLNXQ_001699/images/000050.jpg",
      "accident_id": 4,
      "accident_name": "oncoming",
      "objects": []
    }
  ]
}