{
  "video_name": "EY8x-fyQkbk_004680",
  "channel": "AnAn",
  "num_frames": 145,
  "ignore": false,
  "ego_involve": false,
  "night": false,
  "anomaly_start": 14,
  "anomaly_end": 52,
  "video_start": 4680,
  "video_end": 4824,
  "accident_id": "2",
  "accident_name": "moving_ahead_or_waiting",
  "labels": [
    {
      "frame_id": 0,
      "image_path": "frames/EY8x-fyQkbk_004680/images/000000.jpg",
      "accident_id": 0,
      "accident_name": "normal",
      "objects": []
    },
    {
      "frame_id": 1,
      "image_path": "frames/EY8x-fyQkbk_004680/images/000001.jpg",
      "accident_id": 0,
      "accident_name": "normal",
      "objects": []
    },
    {
      "frame_id": 2,
      "image_path": "frames/EY8x-fyQkbk_004680/images/000002.jpg",
      "accident_id": 0,
      "accident_name": "normal",
      "objects": []
    },
    {
      "frame_id": 3,
      "image_path": "frames/EY8x-fyQkbk_004680/images/000003.jpg",
      "accident_id": 0,
      "accident_name": "normal",
      "objects": []
    },
    {
      "frame_id": 4,
      "image_path": "frames/EY8x-fyQkbk_004680/images/000004.jpg",
      "accident_id": 0,
      "accident_name": "normal",
      "objects": []
    },
    {
      "frame_id": 5,
      "image_path": "frames/EY8x-fyQkbk_004680/images/000005.jpg",
      "accident_id": 0,
      "accident_name": "normal",
      "objects": []
    },
    {
      "frame_id": 6,
      "image_path": "frames/EY8x-fyQkbk_004680/images/000006.jpg",
      "accident_id": 0,
      "accident_name": "normal",
      "objects": []
    },
    {
      "frame_id": 7,
      "image_path": "frames/EY8x-fyQkbk_004680/images/000007.jpg",
      "accident_id": 0,
      "accident_name": "normal",
      "objects": []
    },
    {
      "frame_id": 8,
      "image_path": "frames/EY8x-fyQkbk_004680/images/000008.jpg",
      "accident_id": 0,
      "accident_name": "normal",
      "objects": []
    },
    {
      "frame_id": 9,
      "image_path": "frames/EY8x-fyQkbk_004680/images/000009.jpg",
      "accident_id": 0,
      "accident_name": "normal",
      "objects": []
    },
    {
      "frame_id": 10,
      "image_path": "frames/EY8x-fyQkbk_004680/images/000010.jpg",
      "accident_id": 0,
      "accident_name": "normal",
      "objects": []
    },
    {
      "frame_id": 11,
      "image_path": "frames/EY8x-fyQkbk_004680/images/000011.jpg",
      "accident_id": 0,
      "accident_name": "normal",
      "objects": []
    },
    {
      "frame_id": 12,
      "image_path": "frames/EY8x-fyQkbk_004680/images/000012.jpg",
      "accident_id": 0,
      "accident_name": "normal",
      "objects": []
    },
    {
      "frame_id": 13,
      "image_path": "frames/EY8x-fyQkbk_004680/images/000013.jpg",
      "accident_id": 0,
      "accident_name": "normal",
      "objects": []
    },
    {
      "frame_id": 14,
      "image_path": "frames/EY8x-fyQkbk_004680/images/000014.jpg",
      "accident_id": 2,
      "accident_name": "moving_ahead_or_waiting",
      "objects": [
        {
          "obj_track_id": 0,
          "bbox": [
            298.7012987012987,
            430.12987012987014,
            408.83116883116884,
            509.09090909090907
          ],
          "category": "car",
          "category ID": 3,
          "trunc": false
        },
        {
          "obj_track_id": 132,
          "bbox": [
            454.54545454545456,
            438.4415584415584,
            477.4025974025974,
            458.1818181818182
          ],
          "category": "car",
          "category ID": 3,
          "trunc": false
        }
      ]
    },
    {
      "frame_id": 15,
      "image_path": "frames/EY8x-fyQkbk_004680/images/000015.jpg",
      "accident_id": 2,
      "accident_name": "moving_ahead_or_waiting",
      "objects": [
        {
          "obj_track_id": 0,
          "bbox": [
            312.2077922077922,
            430.64935064935065,
            415.06493506493507,
            507.53246753246754
          ],
          "category": "car",
          "category ID": 3,
          "trunc": false
        },
        {
          "obj_track_id": 132,
          "bbox": [
            454.54545454545456,
            437.4025974025974,
            479.48051948051943,
            458.1818181818182
          ],
          "category": "car",
          "category ID": 3,
          "trunc": false
        }
      ]
    },
    {
      "frame_id": 16,
      "image_path": "frames/EY8x-fyQkbk_004680/images/000016.jpg",
      "accident_id": 2,
      "accident_name": "moving_ahead_or_waiting",
      "objects": [
        {
          "obj_track_id": 0,
          "bbox": [
            325.7142857142857,
            431.16883116883116,
            421.2987012987013,
            505.97402597402595
          ],
          "category": "car",
          "category ID": 3,
          "trunc": false
        },
        {
          "obj_track_id": 132,
          "bbox": [
            454.54545454545456,
            436.3636363636364,
            481.55844155844153,
            458.1818181818182
          ],
          "category": "car",
          "category ID": 3,
          "trunc": false
        }
      ]
    },
    {
      "frame_id": 17,
      "image_path": "frames/EY8x-fyQkbk_004680/images/000017.jpg",
      "accident_id": 2,
      "accident_name": "moving_ahead_or_waiting",
      "objects": [
        {
          "obj_track_id": 0,
          "bbox": [
            337.1428571428571,
            434.2857142857143,
            426.49350649350646,
            503.8961038961039
          ],
          "category": "car",
          "category ID": 3,
          "trunc": false
        },
        {
          "obj_track_id": 132,
          "bbox": [
            456.6233766233766,
            437.4025974025974,
            480.5194805194805,
            464.4155844155844
          ],
          "category": "car",
          "category ID": 3,
          "trunc": false
        }
      ]
    },
    {
      "frame_id": 18,
      "image_path": "frames/EY8x-fyQkbk_004680/images/000018.jpg",
      "accident_id": 2,
      "accident_name": "moving_ahead_or_waiting",
      "objects": [
        {
          "obj_track_id": 0,
          "bbox": [
            349.6103896103896,
            432.2077922077922,
            434.8051948051948,
            501.8181818181818
          ],
          "category": "car",
          "category ID": 3,
          "trunc": false
        },
        {
          "obj_track_id": 132,
          "bbox": [
            456.6233766233766,
            438.4415584415584,
            482.5974025974026,
            462.3376623376623
          ],
          "category": "car",
          "category ID": 3,
          "trunc": false
        }
      ]
    },
    {
      "frame_id": 19,
      "image_path": "frames/EY8x-fyQkbk_004680/images/000019.jpg",
      "accident_id": 2,
      "accident_name": "moving_ahead_or_waiting",
      "objects": [
        {
          "obj_track_id": 0,
          "bbox": [
            362.0779220779221,
            432.2077922077922,
            442.07792207792204,
            496.6233766233766
          ],
          "category": "car",
          "category ID": 3,
          "trunc": false
        },
        {
          "obj_track_id": 132,
          "bbox": [
            457.6623376623377,
            435.3246753246753,
            481.55844155844153,
            463.37662337662334
          ],
          "category": "car",
          "category ID": 3,
          "trunc": false
        }
      ]
    },
    {
      "frame_id": 20,
      "image_path": "frames/EY8x-fyQkbk_004680/images/000020.jpg",
      "accident_id": 2,
      "accident_name": "moving_ahead_or_waiting",
      "objects": [
        {
          "obj_track_id": 0,
          "bbox": [
            370.38961038961037,
            434.2857142857143,
            447.27272727272725,
            493.5064935064935
          ],
          "category": "car",
          "category ID": 3,
          "trunc": false
        },
        {
          "obj_track_id": 132,
          "bbox": [
            459.7402597402597,
            437.4025974025974,
            485.7142857142857,
            462.3376623376623
          ],
          "category": "car",
          "category ID": 3,
          "trunc": false
        }
      ]
    },
    {
      "frame_id": 21,
      "image_path": "frames/EY8x-fyQkbk_004680/images/000021.jpg",
      "accident_id": 2,
      "accident_name": "moving_ahead_or_waiting",
      "objects": [
        {
          "obj_track_id": 0,
          "bbox": [
            379.7402597402597,
            439.4805194805195,
            450.38961038961037,
            493.5064935064935
          ],
          "category": "car",
          "category ID": 3,
          "trunc": false
        },
        {
          "obj_track_id": 132,
          "bbox": [
            458.7012987012987,
            438.4415584415584,
            485.7142857142857,
            466.49350649350646
          ],
          "category": "car",
          "category ID": 3,
          "trunc": false
        }
      ]
    },
    {
      "frame_id": 22,
      "image_path": "frames/EY8x-fyQkbk_004680/images/000022.jpg",
      "accident_id": 2,
      "accident_name": "moving_ahead_or_waiting",
      "objects": [
        {
          "obj_track_id": 0,
          "bbox": [
            385.97402597402595,
            441.55844155844153,
            455.5844155844156,
            495.5844155844156
          ],
          "category": "car",
          "category ID": 3,
          "trunc": false
        },
        {
          "obj_track_id": 132,
          "bbox": [
            458.7012987012987,
            446.75324675324674,
            488.83116883116884,
            473.76623376623377
          ],
          "category": "car",
          "category ID": 3,
          "trunc": false
        }
      ]
    },
    {
      "frame_id": 23,
      "image_path": "frames/EY8x-fyQkbk_004680/images/000023.jpg",
      "accident_id": 2,
      "accident_name": "moving_ahead_or_waiting",
      "objects": [
        {
          "obj_track_id": 0,
          "bbox": [
            392.2077922077922,
            444.67532467532465,
            459.7402597402597,
            495.5844155844156
          ],
          "category": "car",
          "category ID": 3,
          "trunc": false
        },
        {
          "obj_track_id": 132,
          "bbox": [
            454.54545454545456,
            447.79220779220776,
            486.75324675324674,
            471.68831168831167
          ],
          "category": "car",
          "category ID": 3,
          "trunc": false
        }
      ]
    },
    {
      "frame_id": 24,
      "image_path": "frames/EY8x-fyQkbk_004680/images/000024.jpg",
      "accident_id": 2,
      "accident_name": "moving_ahead_or_waiting",
      "objects": [
        {
          "obj_track_id": 0,
          "bbox": [
            398.4415584415584,
            441.55844155844153,
            460.7792207792208,
            493.5064935064935
          ],
          "category": "car",
          "category ID": 3,
          "trunc": false
        },
        {
          "obj_track_id": 132,
          "bbox": [
            457.6623376623377,
            445.7142857142857,
            486.75324675324674,
            471.68831168831167
          ],
          "category": "car",
          "category ID": 3,
          "trunc": false
        }
      ]
    },
    {
      "frame_id": 25,
      "image_path": "frames/EY8x-fyQkbk_004680/images/000025.jpg",
      "accident_id": 2,
      "accident_name": "moving_ahead_or_waiting",
      "objects": [
        {
          "obj_track_id": 0,
          "bbox": [
            401.55844155844153,
            442.5974025974026,
            459.7402597402597,
            491.42857142857144
          ],
          "category": "car",
          "category ID": 3,
          "trunc": false
        },
        {
          "obj_track_id": 132,
          "bbox": [
            457.6623376623377,
            445.7142857142857,
            484.67532467532465,
            472.7272727272727
          ],
          "category": "car",
          "category ID": 3,
          "trunc": false
        }
      ]
    },
    {
      "frame_id": 26,
      "image_path": "frames/EY8x-fyQkbk_004680/images/000026.jpg",
      "accident_id": 2,
      "accident_name": "moving_ahead_or_waiting",
      "objects": [
        {
          "obj_track_id": 0,
          "bbox": [
            403.6363636363636,
            442.5974025974026,
            459.7402597402597,
            492.46753246753246
          ],
          "category": "car",
          "category ID": 3,
          "trunc": false
        },
        {
          "obj_track_id": 132,
          "bbox": [
            456.6233766233766,
            445.7142857142857,
            480.5194805194805,
            472.7272727272727
          ],
          "category": "car",
          "category ID": 3,
          "trunc": false
        }
      ]
    },
    {
      "frame_id": 27,
      "image_path": "frames/EY8x-fyQkbk_004680/images/000027.jpg",
      "accident_id": 2,
      "accident_name": "moving_ahead_or_waiting",
      "objects": [
        {
          "obj_track_id": 0,
          "bbox": [
            406.75324675324674,
            443.6363636363636,
            459.7402597402597,
            492.46753246753246
          ],
          "category": "car",
          "category ID": 3,
          "trunc": false
        },
        {
          "obj_track_id": 132,
          "bbox": [
            452.46753246753246,
            446.75324675324674,
            475.3246753246753,
            474.8051948051948
          ],
          "category": "car",
          "category ID": 3,
          "trunc": true
        }
      ]
    },
    {
      "frame_id": 28,
      "image_path": "frames/EY8x-fyQkbk_004680/images/000028.jpg",
      "accident_id": 2,
      "accident_name": "moving_ahead_or_waiting",
      "objects": [
        {
          "obj_track_id": 0,
          "bbox": [
            406.4935064935065,
            444.93506493506493,
            459.4805194805195,
            492.72727272727275
          ],
          "category": "car",
          "category ID": 3,
          "trunc": false
        },
        {
          "obj_track_id": 132,
          "bbox": [
            452.46753246753246,
            444.67532467532465,
            478.4415584415584,
            478.9610389610389
          ],
          "category": "car",
          "category ID": 3,
          "trunc": true
        }
      ]
    },
    {
      "frame_id": 29,
      "image_path": "frames/EY8x-fyQkbk_004680/images/000029.jpg",
      "accident_id": 2,
      "accident_name": "moving_ahead_or_waiting",
      "objects": [
        {
          "obj_track_id": 0,
          "bbox": [
            406.23376623376623,
            446.23376623376623,
            459.2207792207792,
            492.987012987013
          ],
          "category": "car",
          "category ID": 3,
          "trunc": false
        },
        {
          "obj_track_id": 132,
          "bbox": [
            449.35064935064935,
            444.67532467532465,
            474.2857142857143,
            477.9220779220779
          ],
          "category": "car",
          "category ID": 3,
          "trunc": true
        }
      ]
    },
    {
      "frame_id": 30,
      "image_path": "frames/EY8x-fyQkbk_004680/images/000030.jpg",
      "accident_id": 2,
      "accident_name": "moving_ahead_or_waiting",
      "objects": [
        {
          "obj_track_id": 0,
          "bbox": [
            405.97402597402595,
            447.53246753246754,
            458.9610389610389,
            493.2467532467532
          ],
          "category": "car",
          "category ID": 3,
          "trunc": false
        },
        {
          "obj_track_id": 132,
          "bbox": [
            449.35064935064935,
            444.67532467532465,
            474.2857142857143,
            477.9220779220779
          ],
          "category": "car",
          "category ID": 3,
          "trunc": true
        }
      ]
    },
    {
      "frame_id": 31,
      "image_path": "frames/EY8x-fyQkbk_004680/images/000031.jpg",
      "accident_id": 2,
      "accident_name": "moving_ahead_or_waiting",
      "objects": [
        {
          "obj_track_id": 0,
          "bbox": [
            405.7142857142857,
            448.83116883116884,
            458.7012987012987,
            493.5064935064935
          ],
          "category": "car",
          "category ID": 3,
          "trunc": false
        },
        {
          "obj_track_id": 132,
          "bbox": [
            442.07792207792204,
            448.83116883116884,
            473.24675324675326,
            484.15584415584414
          ],
          "category": "car",
          "category ID": 3,
          "trunc": true
        }
      ]
    },
    {
      "frame_id": 32,
      "image_path": "frames/EY8x-fyQkbk_004680/images/000032.jpg",
      "accident_id": 2,
      "accident_name": "moving_ahead_or_waiting",
      "objects": [
        {
          "obj_track_id": 0,
          "bbox": [
            404.67532467532465,
            448.83116883116884,
            456.6233766233766,
            490.38961038961037
          ],
          "category": "car",
          "category ID": 3,
          "trunc": false
        },
        {
          "obj_track_id": 132,
          "bbox": [
            442.07792207792204,
            448.83116883116884,
            470.12987012987014,
            483.1168831168831
          ],
          "category": "car",
          "category ID": 3,
          "trunc": true
        }
      ]
    },
    {
      "frame_id": 33,
      "image_path": "frames/EY8x-fyQkbk_004680/images/000033.jpg",
      "accident_id": 2,
      "accident_name": "moving_ahead_or_waiting",
      "objects": [
        {
          "obj_track_id": 0,
          "bbox": [
            403.6363636363636,
            445.7142857142857,
            456.6233766233766,
            492.46753246753246
          ],
          "category": "car",
          "category ID": 3,
          "trunc": false
        },
        {
          "obj_track_id": 132,
          "bbox": [
            442.07792207792204,
            450.9090909090909,
            469.09090909090907,
            482.07792207792204
          ],
          "category": "car",
          "category ID": 3,
          "trunc": true
        }
      ]
    },
    {
      "frame_id": 34,
      "image_path": "frames/EY8x-fyQkbk_004680/images/000034.jpg",
      "accident_id": 2,
      "accident_name": "moving_ahead_or_waiting",
      "objects": [
        {
          "obj_track_id": 0,
          "bbox": [
            397.4025974025974,
            445.7142857142857,
            456.6233766233766,
            494.54545454545456
          ],
          "category": "car",
          "category ID": 3,
          "trunc": false
        },
        {
          "obj_track_id": 132,
          "bbox": [
            438.9610389610389,
            449.87012987012986,
            473.24675324675326,
            485.19480519480516
          ],
          "category": "car",
          "category ID": 3,
          "trunc": true
        }
      ]
    },
    {
      "frame_id": 35,
      "image_path": "frames/EY8x-fyQkbk_004680/images/000035.jpg",
      "accident_id": 2,
      "accident_name": "moving_ahead_or_waiting",
      "objects": [
        {
          "obj_track_id": 0,
          "bbox": [
            387.012987012987,
            448.83116883116884,
            451.42857142857144,
            494.54545454545456
          ],
          "category": "car",
          "category ID": 3,
          "trunc": false
        },
        {
          "obj_track_id": 132,
          "bbox": [
            438.9610389610389,
            449.87012987012986,
            472.2077922077922,
            486.23376623376623
          ],
          "category": "car",
          "category ID": 3,
          "trunc": true
        }
      ]
    },
    {
      "frame_id": 36,
      "image_path": "frames/EY8x-fyQkbk_004680/images/000036.jpg",
      "accident_id": 2,
      "accident_name": "moving_ahead_or_waiting",
      "objects": [
        {
          "obj_track_id": 0,
          "bbox": [
            382.85714285714283,
            449.87012987012986,
            442.07792207792204,
            496.6233766233766
          ],
          "category": "car",
          "category ID": 3,
          "trunc": false
        },
        {
          "obj_track_id": 132,
          "bbox": [
            431.68831168831167,
            445.7142857142857,
            476.3636363636364,
            489.35064935064935
          ],
          "category": "car",
          "category ID": 3,
          "trunc": true
        }
      ]
    },
    {
      "frame_id": 37,
      "image_path": "frames/EY8x-fyQkbk_004680/images/000037.jpg",
      "accident_id": 2,
      "accident_name": "moving_ahead_or_waiting",
      "objects": [
        {
          "obj_track_id": 0,
          "bbox": [
            376.6233766233766,
            473.76623376623377,
            440.0,
            527.7922077922078
          ],
          "category": "car",
          "category ID": 3,
          "trunc": false
        },
        {
          "obj_track_id": 132,
          "bbox": [
            429.6103896103896,
            469.61038961038963,
            473.24675324675326,
            512.2077922077922
          ],
          "category": "car",
          "category ID": 3,
          "trunc": true
        }
      ]
    },
    {
      "frame_id": 38,
      "image_path": "frames/EY8x-fyQkbk_004680/images/000038.jpg",
      "accident_id": 2,
      "accident_name": "moving_ahead_or_waiting",
      "objects": [
        {
          "obj_track_id": 0,
          "bbox": [
            383.89610389610385,
            562.077922077922,
            449.35064935064935,
            608.8311688311688
          ],
          "category": "car",
          "category ID": 3,
          "trunc": false
        },
        {
          "obj_track_id": 132,
          "bbox": [
            434.8051948051948,
            557.922077922078,
            487.79220779220776,
            599.4805194805194
          ],
          "category": "car",
          "category ID": 3,
          "trunc": true
        }
      ]
    },
    {
      "frame_id": 39,
      "image_path": "frames/EY8x-fyQkbk_004680/images/000039.jpg",
      "accident_id": 2,
      "accident_name": "moving_ahead_or_waiting",
      "objects": [
        {
          "obj_track_id": 0,
          "bbox": [
            381.81818181818176,
            560,
            447.27272727272725,
            607.7922077922078
          ],
          "category": "car",
          "category ID": 3,
          "trunc": false
        },
        {
          "obj_track_id": 132,
          "bbox": [
            434.8051948051948,
            561.038961038961,
            487.79220779220776,
            599.4805194805194
          ],
          "category": "car",
          "category ID": 3,
          "trunc": true
        }
      ]
    },
    {
      "frame_id": 40,
      "image_path": "frames/EY8x-fyQkbk_004680/images/000040.jpg",
      "accident_id": 2,
      "accident_name": "moving_ahead_or_waiting",
      "objects": [
        {
          "obj_track_id": 0,
          "bbox": [
            377.48917748917745,
            560,
            445.7142857142857,
            609.1774891774892
          ],
          "category": "car",
          "category ID": 3,
          "trunc": false
        },
        {
          "obj_track_id": 132,
          "bbox": [
            432.2077922077922,
            560.1731601731601,
            487.4458874458874,
            599.6536796536795
          ],
          "category": "car",
          "category ID": 3,
          "trunc": true
        }
      ]
    },
    {
      "frame_id": 41,
      "image_path": "frames/EY8x-fyQkbk_004680/images/000041.jpg",
      "accident_id": 2,
      "accident_name": "moving_ahead_or_waiting",
      "objects": [
        {
          "obj_track_id": 0,
          "bbox": [
            373.16017316017314,
            560,
            444.15584415584414,
            610.5627705627705
          ],
          "category": "car",
          "category ID": 3,
          "trunc": false
        },
        {
          "obj_track_id": 132,
          "bbox": [
            429.6103896103896,
            559.3073593073593,
            487.0995670995671,
            599.8268398268398
          ],
          "category": "car",
          "category ID": 3,
          "trunc": true
        }
      ]
    },
    {
      "frame_id": 42,
      "image_path": "frames/EY8x-fyQkbk_004680/images/000042.jpg",
      "accident_id": 2,
      "accident_name": "moving_ahead_or_waiting",
      "objects": [
        {
          "obj_track_id": 0,
          "bbox": [
            368.83116883116884,
            560,
            442.5974025974026,
            611.9480519480519
          ],
          "category": "car",
          "category ID": 3,
          "trunc": false
        },
        {
          "obj_track_id": 132,
          "bbox": [
            427.01298701298697,
            558.4415584415584,
            486.7532467532467,
            600.0
          ],
          "category": "car",
          "category ID": 3,
          "trunc": true
        }
      ]
    },
    {
      "frame_id": 43,
      "image_path": "frames/EY8x-fyQkbk_004680/images/000043.jpg",
      "accident_id": 2,
      "accident_name": "moving_ahead_or_waiting",
      "objects": [
        {
          "obj_track_id": 0,
          "bbox": [
            364.5021645021645,
            560,
            441.038961038961,
            613.3333333333334
          ],
          "category": "car",
          "category ID": 3,
          "trunc": false
        },
        {
          "obj_track_id": 132,
          "bbox": [
            424.4155844155844,
            557.5757575757575,
            486.4069264069264,
            600.1731601731601
          ],
          "category": "car",
          "category ID": 3,
          "trunc": true
        }
      ]
    },
    {
      "frame_id": 44,
      "image_path": "frames/EY8x-fyQkbk_004680/images/000044.jpg",
      "accident_id": 2,
      "accident_name": "moving_ahead_or_waiting",
      "objects": [
        {
          "obj_track_id": 0,
          "bbox": [
            360.17316017316017,
            560,
            439.48051948051943,
            614.7186147186147
          ],
          "category": "car",
          "category ID": 3,
          "trunc": false
        },
        {
          "obj_track_id": 132,
          "bbox": [
            421.8181818181818,
            556.7099567099567,
            486.06060606060606,
            600.3463203463203
          ],
          "category": "car",
          "category ID": 3,
          "trunc": true
        }
      ]
    },
    {
      "frame_id": 45,
      "image_path": "frames/EY8x-fyQkbk_004680/images/000045.jpg",
      "accident_id": 2,
      "accident_name": "moving_ahead_or_waiting",
      "objects": [
        {
          "obj_track_id": 0,
          "bbox": [
            355.84415584415586,
            560,
            437.9220779220779,
            616.1038961038961
          ],
          "category": "car",
          "category ID": 3,
          "trunc": false
        },
        {
          "obj_track_id": 132,
          "bbox": [
            419.2207792207792,
            555.8441558441558,
            485.7142857142857,
            600.5194805194805
          ],
          "category": "car",
          "category ID": 3,
          "trunc": true
        }
      ]
    },
    {
      "frame_id": 46,
      "image_path": "frames/EY8x-fyQkbk_004680/images/000046.jpg",
      "accident_id": 2,
      "accident_name": "moving_ahead_or_waiting",
      "objects": [
        {
          "obj_track_id": 0,
          "bbox": [
            347.53246753246754,
            563.1168831168831,
            432.7272727272727,
            623.3766233766233
          ],
          "category": "car",
          "category ID": 3,
          "trunc": false
        },
        {
          "obj_track_id": 132,
          "bbox": [
            419.2207792207792,
            556.8831168831168,
            483.6363636363636,
            600.5194805194805
          ],
          "category": "car",
          "category ID": 3,
          "trunc": true
        }
      ]
    },
    {
      "frame_id": 47,
      "image_path": "frames/EY8x-fyQkbk_004680/images/000047.jpg",
      "accident_id": 2,
      "accident_name": "moving_ahead_or_waiting",
      "objects": [
        {
          "obj_track_id": 0,
          "bbox": [
            344.4155844155844,
            563.1168831168831,
            426.49350649350646,
            621.2987012987013
          ],
          "category": "car",
          "category ID": 3,
          "trunc": false
        },
        {
          "obj_track_id": 132,
          "bbox": [
            415.06493506493507,
            556.8831168831168,
            484.67532467532465,
            603.6363636363636
          ],
          "category": "car",
          "category ID": 3,
          "trunc": true
        }
      ]
    },
    {
      "frame_id": 48,
      "image_path": "frames/EY8x-fyQkbk_004680/images/000048.jpg",
      "accident_id": 2,
      "accident_name": "moving_ahead_or_waiting",
      "objects": [
        {
          "obj_track_id": 0,
          "bbox": [
            340.2597402597402,
            563.1168831168831,
            426.49350649350646,
            622.3376623376623
          ],
          "category": "car",
          "category ID": 3,
          "trunc": false
        },
        {
          "obj_track_id": 132,
          "bbox": [
            415.06493506493507,
            555.8441558441558,
            482.5974025974026,
            602.5974025974026
          ],
          "category": "car",
          "category ID": 3,
          "trunc": true
        }
      ]
    },
    {
      "frame_id": 49,
      "image_path": "frames/EY8x-fyQkbk_004680/images/000049.jpg",
      "accident_id": 2,
      "accident_name": "moving_ahead_or_waiting",
      "objects": [
        {
          "obj_track_id": 0,
          "bbox": [
            331.94805194805195,
            563.1168831168831,
            421.2987012987013,
            621.2987012987013
          ],
          "category": "car",
          "category ID": 3,
          "trunc": false
        },
        {
          "obj_track_id": 132,
          "bbox": [
            406.75324675324674,
            555.8441558441558,
            479.4805194805195,
            604.6753246753246
          ],
          "category": "car",
          "category ID": 3,
          "trunc": true
        }
      ]
    },
    {
      "frame_id": 50,
      "image_path": "frames/EY8x-fyQkbk_004680/images/000050.jpg",
      "accident_id": 2,
      "accident_name": "moving_ahead_or_waiting",
      "objects": [
        {
          "obj_track_id": 0,
          "bbox": [
            324.67532467532465,
            564.1558441558442,
            421.2987012987013,
            623.3766233766233
          ],
          "category": "car",
          "category ID": 3,
          "trunc": false
        },
        {
          "obj_track_id": 132,
          "bbox": [
            403.6363636363636,
            560,
            480.5194805194805,
            608.8311688311688
          ],
          "category": "car",
          "category ID": 3,
          "trunc": true
        }
      ]
    },
    {
      "frame_id": 51,
      "image_path": "frames/EY8x-fyQkbk_004680/images/000051.jpg",
      "accident_id": 2,
      "accident_name": "moving_ahead_or_waiting",
      "objects": [
        {
          "obj_track_id": 0,
          "bbox": [
            318.4415584415584,
            564.1558441558442,
            417.1428571428571,
            627.5324675324675
          ],
          "category": "car",
          "category ID": 3,
          "trunc": false
        },
        {
          "obj_track_id": 132,
          "bbox": [
            406.75324675324674,
            558.961038961039,
            478.4415584415584,
            611.9480519480519
          ],
          "category": "car",
          "category ID": 3,
          "trunc": true
        }
      ]
    },
    {
      "frame_id": 52,
      "image_path": "frames/EY8x-fyQkbk_004680/images/000052.jpg",
      "accident_id": 0,
      "accident_name": "normal",
      "objects": []
    },
    {
      "frame_id": 53,
      "image_path": "frames/EY8x-fyQkbk_004680/images/000053.jpg",
      "accident_id": 0,
      "accident_name": "normal",
      "objects": []
    },
    {
      "frame_id": 54,
      "image_path": "frames/EY8x-fyQkbk_004680/images/000054.jpg",
      "accident_id": 0,
      "accident_name": "normal",
      "objects": []
    },
    {
      "frame_id": 55,
      "image_path": "frames/EY8x-fyQkbk_004680/images/000055.jpg",
      "accident_id": 0,
      "accident_name": "normal",
      "objects": []
    },
    {
      "frame_id": 56,
      "image_path": "frames/EY8x-fyQkbk_004680/images/000056.jpg",
      "accident_id": 0,
      "accident_name": "normal",
      "objects": []
    },
    {
      "frame_id": 57,
      "image_path": "frames/EY8x-fyQkbk_004680/images/000057.jpg",
      "accident_id": 0,
      "accident_name": "normal",
      "objects": []
    },
    {
      "frame_id": 58,
      "image_path": "frames/EY8x-fyQkbk_004680/images/000058.jpg",
      "accident_id": 0,
      "accident_name": "normal",
      "objects": []
    },
    {
      "frame_id": 59,
      "image_path": "frames/EY8x-fyQkbk_004680/images/000059.jpg",
      "accident_id": 0,
      "accident_name": "normal",
      "objects": []
    },
    {
      "frame_id": 60,
      "image_path": "frames/EY8x-fyQkbk_004680/images/000060.jpg",
      "accident_id": 0,
      "accident_name": "normal",
      "objects": []
    },
    {
      "frame_id": 61,
      "image_path": "frames/EY8x-fyQkbk_004680/images/000061.jpg",
      "accident_id": 0,
      "accident_name": "normal",
      "objects": []
    },
    {
      "frame_id": 62,
      "image_path": "frames/EY8x-fyQkbk_004680/images/000062.jpg",
      "accident_id": 0,
      "accident_name": "normal",
      "objects": []
    },
    {
      "frame_id": 63,
      "image_path": "frames/EY8x-fyQkbk_004680/images/000063.jpg",
      "accident_id": 0,
      "accident_name": "normal",
      "objects": []
    },
    {
      "frame_id": 64,
      "image_path": "frames/EY8x-fyQkbk_004680/images/000064.jpg",
      "accident_id": 0,
      "accident_name": "normal",
      "objects": []
    },
    {
      "frame_id": 65,
      "image_path": "frames/EY8x-fyQkbk_004680/images/000065.jpg",
      "accident_id": 0,
      "accident_name": "normal",
      "objects": []
    },
    {
      "frame_id": 66,
      "image_path": "frames/EY8x-fyQkbk_004680/images/000066.jpg",
      "accident_id": 0,
      "accident_name": "normal",
      "objects": []
    },
    {
      "frame_id": 67,
      "image_path": "frames/EY8x-fyQkbk_004680/images/000067.jpg",
      "accident_id": 0,
      "accident_name": "normal",
      "objects": []
    },
    {
      "frame_id": 68,
      "image_path": "frames/EY8x-fyQkbk_004680/images/000068.jpg",
      "accident_id": 0,
      "accident_name": "normal",
      "objects": []
    },
    {
      "frame_id": 69,
      "image_path": "frames/EY8x-fyQkbk_004680/images/000069.jpg",
      "accident_id": 0,
      "accident_name": "normal",
      "objects": []
    },
    {
      "frame_id": 70,
      "image_path": "frames/EY8x-fyQkbk_004680/images/000070.jpg",
      "accident_id": 0,
      "accident_name": "normal",
      "objects": []
    },
    {
      "frame_id": 71,
      "image_path": "frames/EY8x-fyQkbk_004680/images/000071.jpg",
      "accident_id": 0,
      "accident_name": "normal",
      "objects": []
    },
    {
      "frame_id": 72,
      "image_path": "frames/EY8x-fyQkbk_004680/images/000072.jpg",
      "accident_id": 0,
      "accident_name": "normal",
      "objects": []
    },
    {
      "frame_id": 73,
      "image_path": "frames/EY8x-fyQkbk_004680/images/000073.jpg",
      "accident_id": 0,
      "accident_name": "normal",
      "objects": []
    },
    {
      "frame_id": 74,
      "image_path": "frames/EY8x-fyQkbk_004680/images/000074.jpg",
      "accident_id": 0,
      "accident_name": "normal",
      "objects": []
    },
    {
      "frame_id": 75,
      "image_path": "frames/EY8x-fyQkbk_004680/images/000075.jpg",
      "accident_id": 0,
      "accident_name": "normal",
      "objects": []
    },
    {
      "frame_id": 76,
      "image_path": "frames/EY8x-fyQkbk_004680/images/000076.jpg",
      "accident_id": 0,
      "accident_name": "normal",
      "objects": []
    },
    {
      "frame_id": 77,
      "image_path": "frames/EY8x-fyQkbk_004680/images/000077.jpg",
      "accident_id": 0,
      "accident_name": "normal",
      "objects": []
    },
    {
      "frame_id": 78,
      "image_path": "frames/EY8x-fyQkbk_004680/images/000078.jpg",
      "accident_id": 0,
      "accident_name": "normal",
      "objects": []
    },
    {
      "frame_id": 79,
      "image_path": "frames/EY8x-fyQkbk_004680/images/000079.jpg",
      "accident_id": 0,
      "accident_name": "normal",
      "objects": []
    },
    {
      "frame_id": 80,
      "image_path": "frames/EY8x-fyQkbk_004680/images/000080.jpg",
      "accident_id": 0,
      "accident_name": "normal",
      "objects": []
    },
    {
      "frame_id": 81,
      "image_path": "frames/EY8x-fyQkbk_004680/images/000081.jpg",
      "accident_id": 0,
      "accident_name": "normal",
      "objects": []
    },
    {
      "frame_id": 82,
      "image_path": "frames/EY8x-fyQkbk_004680/images/000082.jpg",
      "accident_id": 0,
      "accident_name": "normal",
      "objects": []
    },
    {
      "frame_id": 83,
      "image_path": "frames/EY8x-fyQkbk_004680/images/000083.jpg",
      "accident_id": 0,
      "accident_name": "normal",
      "objects": []
    },
    {
      "frame_id": 84,
      "image_path": "frames/EY8x-fyQkbk_004680/images/000084.jpg",
      "accident_id": 0,
      "accident_name": "normal",
      "objects": []
    },
    {
      "frame_id": 85,
      "image_path": "frames/EY8x-fyQkbk_004680/images/000085.jpg",
      "accident_id": 0,
      "accident_name": "normal",
      "objects": []
    },
    {
      "frame_id": 86,
      "image_path": "frames/EY8x-fyQkbk_004680/images/000086.jpg",
      "accident_id": 0,
      "accident_name": "normal",
      "objects": []
    },
    {
      "frame_id": 87,
      "image_path": "frames/EY8x-fyQkbk_004680/images/000087.jpg",
      "accident_id": 0,
      "accident_name": "normal",
      "objects": []
    },
    {
      "frame_id": 88,
      "image_path": "frames/EY8x-fyQkbk_004680/images/000088.jpg",
      "accident_id": 0,
      "accident_name": "normal",
      "objects": []
    },
    {
      "frame_id": 89,
      "image_path": "frames/EY8x-fyQkbk_004680/images/000089.jpg",
      "accident_id": 0,
      "accident_name": "normal",
      "objects": []
    },
    {
      "frame_id": 90,
      "image_path": "frames/EY8x-fyQkbk_004680/images/000090.jpg",
      "accident_id": 0,
      "accident_name": "normal",
      "objects": []
    },
    {
      "frame_id": 91,
      "image_path": "frames/EY8x-fyQkbk_004680/images/000091.jpg",
      "accident_id": 0,
      "accident_name": "normal",
      "objects": []
    },
    {
      "frame_id": 92,
      "image_path": "frames/EY8x-fyQkbk_004680/images/000092.jpg",
      "accident_id": 0,
      "accident_name": "normal",
      "objects": []
    },
    {
      "frame_id": 93,
      "image_path": "frames/EY8x-fyQkbk_004680/images/000093.jpg",
      "accident_id": 0,
      "accident_name": "normal",
      "objects": []
    },
    {
      "frame_id": 94,
      "image_path": "frames/EY8x-fyQkbk_004680/images/000094.jpg",
      "accident_id": 0,
      "accident_name": "normal",
      "objects": []
    },
    {
      "frame_id": 95,
      "image_path": "frames/EY8x-fyQkbk_004680/images/000095.jpg",
      "accident_id": 0,
      "accident_name": "normal",
      "objects": []
    },
    {
      "frame_id": 96,
      "image_path": "frames/EY8x-fyQkbk_004680/images/000096.jpg",
      "accident_id": 0,
      "accident_name": "normal",
      "objects": []
    },
    {
      "frame_id": 97,
      "image_path": "frames/EY8x-fyQkbk_004680/images/000097.jpg",
      "accident_id": 0,
      "accident_name": "normal",
      "objects": []
    },
    {
      "frame_id": 98,
      "image_path": "frames/EY8x-fyQkbk_004680/images/000098.jpg",
      "accident_id": 0,
      "accident_name": "normal",
      "objects": []
    },
    {
      "frame_id": 99,
      "image_path": "frames/EY8x-fyQkbk_004680/images/000099.jpg",
      "accident_id": 0,
      "accident_name": "normal",
      "objects": []
    },
    {
      "frame_id": 100,
      "image_path": "frames/EY8x-fyQkbk_004680/images/000100.jpg",
      "accident_id": 0,
      "accident_name": "normal",
      "objects": []
    },
    {
      "frame_id": 101,
      "image_path": "frames/EY8x-fyQkbk_004680/images/000101.jpg",
      "accident_id": 0,
      "accident_name": "normal",
      "objects": []
    },
    {
      "frame_id": 102,
      "image_path": "frames/EY8x-fyQkbk_004680/images/000102.jpg",
      "accident_id": 0,
      "accident_name": "normal",
      "objects": []
    },
    {
      "frame_id": 103,
      "image_path": "frames/EY8x-fyQkbk_004680/images/000103.jpg",
      "accident_id": 0,
      "accident_name": "normal",
      "objects": []
    },
    {
      "frame_id": 104,
      "image_path": "frames/EY8x-fyQkbk_004680/images/000104.jpg",
      "accident_id": 0,
      "accident_name": "normal",
      "objects": []
    },
    {
      "frame_id": 105,
      "image_path": "frames/EY8x-fyQkbk_004680/images/000105.jpg",
      "accident_id": 0,
      "accident_name": "normal",
      "objects": []
    },
    {
      "frame_id": 106,
      "image_path": "frames/EY8x-fyQkbk_004680/images/000106.jpg",
      "accident_id": 0,
      "accident_name": "normal",
      "objects": []
    },
    {
      "frame_id": 107,
      "image_path": "frames/EY8x-fyQkbk_004680/images/000107.jpg",
      "accident_id": 0,
      "accident_name": "normal",
      "objects": []
    },
    {
      "frame_id": 108,
      "image_path": "frames/EY8x-fyQkbk_004680/images/000108.jpg",
      "accident_id": 0,
      "accident_name": "normal",
      "objects": []
    },
    {
      "frame_id": 109,
      "image_path": "frames/EY8x-fyQkbk_004680/images/000109.jpg",
      "accident_id": 0,
      "accident_name": "normal",
      "objects": []
    },
    {
      "frame_id": 110,
      "image_path": "frames/EY8x-fyQkbk_004680/images/000110.jpg",
      "accident_id": 0,
      "accident_name": "normal",
      "objects": []
    },
    {
      "frame_id": 111,
      "image_path": "frames/EY8x-fyQkbk_004680/images/000111.jpg",
      "accident_id": 0,
      "accident_name": "normal",
      "objects": []
    },
    {
      "frame_id": 112,
      "image_path": "frames/EY8x-fyQkbk_004680/images/000112.jpg",
      "accident_id": 0,
      "accident_name": "normal",
      "objects": []
    },
    {
      "frame_id": 113,
      "image_path": "frames/EY8x-fyQkbk_004680/images/000113.jpg",
      "accident_id": 0,
      "accident_name": "normal",
      "objects": []
    },
    {
      "frame_id": 114,
      "image_path": "frames/EY8x-fyQkbk_004680/images/000114.jpg",
      "accident_id": 0,
      "accident_name": "normal",
      "objects": []
    },
    {
      "frame_id": 115,
      "image_path": "frames/EY8x-fyQkbk_004680/images/000115.jpg",
      "accident_id": 0,
      "accident_name": "normal",
      "objects": []
    },
    {
      "frame_id": 116,
      "image_path": "frames/EY8x-fyQkbk_004680/images/000116.jpg",
      "accident_id": 0,
      "accident_name": "normal",
      "objects": []
    },
    {
      "frame_id": 117,
      "image_path": "frames/EY8x-fyQkbk_004680/images/000117.jpg",
      "accident_id": 0,
      "accident_name": "normal",
      "objects": []
    },
    {
      "frame_id": 118,
      "image_path": "frames/EY8x-fyQkbk_004680/images/000118.jpg",
      "accident_id": 0,
      "accident_name": "normal",
      "objects": []
    },
    {
      "frame_id": 119,
      "image_path": "frames/EY8x-fyQkbk_004680/images/000119.jpg",
      "accident_id": 0,
      "accident_name": "normal",
      "objects": []
    },
    {
      "frame_id": 120,
      "image_path": "frames/EY8x-fyQkbk_004680/images/000120.jpg",
      "accident_id": 0,
      "accident_name": "normal",
      "objects": []
    },
    {
      "frame_id": 121,
      "image_path": "frames/EY8x-fyQkbk_004680/images/000121.jpg",
      "accident_id": 0,
      "accident_name": "normal",
      "objects": []
    },
    {
      "frame_id": 122,
      "image_path": "frames/EY8x-fyQkbk_004680/images/000122.jpg",
      "accident_id": 0,
      "accident_name": "normal",
      "objects": []
    },
    {
      "frame_id": 123,
      "image_path": "frames/EY8x-fyQkbk_004680/images/000123.jpg",
      "accident_id": 0,
      "accident_name": "normal",
      "objects": []
    },
    {
      "frame_id": 124,
      "image_path": "frames/EY8x-fyQkbk_004680/images/000124.jpg",
      "accident_id": 0,
      "accident_name": "normal",
      "objects": []
    },
    {
      "frame_id": 125,
      "image_path": "frames/EY8x-fyQkbk_004680/images/000125.jpg",
      "accident_id": 0,
      "accident_name": "normal",
      "objects": []
    },
    {
      "frame_id": 126,
      "image_path": "frames/EY8x-fyQkbk_004680/images/000126.jpg",
      "accident_id": 0,
      "accident_name": "normal",
      "objects": []
    },
    {
      "frame_id": 127,
      "image_path": "frames/EY8x-fyQkbk_004680/images/000127.jpg",
      "accident_id": 0,
      "accident_name": "normal",
      "objects": []
    },
    {
      "frame_id": 128,
      "image_path": "frames/EY8x-fyQkbk_004680/images/000128.jpg",
      "accident_id": 0,
      "accident_name": "normal",
      "objects": []
    },
    {
      "frame_id": 129,
      "image_path": "frames/EY8x-fyQkbk_004680/images/000129.jpg",
      "accident_id": 0,
      "accident_name": "normal",
      "objects": []
    },
    {
      "frame_id": 130,
      "image_path": "frames/EY8x-fyQkbk_004680/images/000130.jpg",
      "accident_id": 0,
      "accident_name": "normal",
      "objects": []
    },
    {
      "frame_id": 131,
      "image_path": "frames/EY8x-fyQkbk_004680/images/000131.jpg",
      "accident_id": 0,
      "accident_name": "normal",
      "objects": []
    },
    {
      "frame_id": 132,
      "image_path": "frames/EY8x-fyQkbk_004680/images/000132.jpg",
      "accident_id": 0,
      "accident_name": "normal",
      "objects": []
    },
    {
      "frame_id": 133,
      "image_path": "frames/EY8x-fyQkbk_004680/images/000133.jpg",
      "accident_id": 0,
      "accident_name": "normal",
      "objects": []
    },
    {
      "frame_id": 134,
      "image_path": "frames/EY8x-fyQkbk_004680/images/000134.jpg",
      "accident_id": 0,
      "accident_name": "normal",
      "objects": []
    },
    {
      "frame_id": 135,
      "image_path": "frames/EY8x-fyQkbk_004680/images/000135.jpg",
      "accident_id": 0,
      "accident_name": "normal",
      "objects": []
    },
    {
      "frame_id": 136,
      "image_path": "frames/EY8x-fyQkbk_004680/images/000136.jpg",
      "accident_id": 0,
      "accident_name": "normal",
      "objects": []
    },
    {
      "frame_id": 137,
      "image_path": "frames/EY8x-fyQkbk_004680/images/000137.jpg",
      "accident_id": 0,
      "accident_name": "normal",
      "objects": []
    },
    {
      "frame_id": 138,
      "image_path": "frames/EY8x-fyQkbk_004680/images/000138.jpg",
      "accident_id": 0,
      "accident_name": "normal",
      "objects": []
    },
    {
      "frame_id": 139,
      "image_path": "frames/EY8x-fyQkbk_004680/images/000139.jpg",
      "accident_id": 0,
      "accident_name": "normal",
      "objects": []
    },
    {
      "frame_id": 140,
      "image_path": "frames/EY8x-fyQkbk_004680/images/000140.jpg",
      "accident_id": 0,
      "accident_name": "normal",
      "objects": []
    },
    {
      "frame_id": 141,
      "image_path": "frames/EY8x-fyQkbk_004680/images/000141.jpg",
      "accident_id": 0,
      "accident_name": "normal",
      "objects": []
    },
    {
      "frame_id": 142,
      "image_path": "frames/EY8x-fyQkbk_004680/images/000142.jpg",
      "accident_id": 0,
      "accident_name": "normal",
      "objects": []
    },
    {
      "frame_id": 143,
      "image_path": "frames/EY8x-fyQkbk_004680/images/000143.jpg",
      "accident_id": 0,
      "accident_name": "normal",
      "objects": []
    },
    {
      "frame_id": 144,
      "image_path": "frames/EY8x-fyQkbk_004680/images/000144.jpg",
      "accident_id": 0,
      "accident_name": "normal",
      "objects": []
    }
  ]
}