{
  "video_name": "fdvMUP8qvzw_001727",
  "channel": "CarCrashesTime",
  "num_frames": 109,
  "ignore": false,
  "ego_involve": true,
  "night": false,
  "anomaly_start": 36,
  "anomaly_end": 79,
  "video_start": 1727,
  "video_end": 1835,
  "accident_id": "2",
  "accident_name": "moving_ahead_or_waiting",
  "labels": [
    {
      "frame_id": 0,
      "image_path": "frames/fdvMUP8qvzw_001727/images/000000.jpg",
      "accident_id": 0,
      "accident_name": "normal",
      "objects": []
    },
    {
      "frame_id": 1,
      "image_path": "frames/fdvMUP8qvzw_001727/images/000001.jpg",
      "accident_id": 0,
      "accident_name": "normal",
      "objects": []
    },
    {
      "frame_id": 2,
      "image_path": "frames/fdvMUP8qvzw_001727/images/000002.jpg",
      "accident_id": 0,
      "accident_name": "normal",
      "objects": []
    },
    {
      "frame_id": 3,
      "image_path": "frames/fdvMUP8qvzw_001727/images/000003.jpg",
      "accident_id": 0,
      "accident_name": "normal",
      "objects": []
    },
    {
      "frame_id": 4,
      "image_path": "frames/fdvMUP8qvzw_001727/images/000004.jpg",
      "accident_id": 0,
      "accident_name": "normal",
      "objects": []
    },
    {
      "frame_id": 5,
      "image_path": "frames/fdvMUP8qvzw_001727/images/000005.jpg",
      "accident_id": 0,
      "accident_name": "normal",
      "objects": []
    },
    {
      "frame_id": 6,
      "image_path": "frames/fdvMUP8qvzw_001727/images/000006.jpg",
      "accident_id": 0,
      "accident_name": "normal",
      "objects": []
    },
    {
      "frame_id": 7,
      "image_path": "frames/fdvMUP8qvzw_001727/images/000007.jpg",
      "accident_id": 0,
      "accident_name": "normal",
      "objects": []
    },
    {
      "frame_id": 8,
      "image_path": "frames/fdvMUP8qvzw_001727/images/000008.jpg",
      "accident_id": 0,
      "accident_name": "normal",
      "objects": []
    },
    {
      "frame_id": 9,
      "image_path": "frames/fdvMUP8qvzw_001727/images/000009.jpg",
      "accident_id": 0,
      "accident_name": "normal",
      "objects": []
    },
    {
      "frame_id": 10,
      "image_path": "frames/fdvMUP8qvzw_001727/images/000010.jpg",
      "accident_id": 0,
      "accident_name": "normal",
      "objects": []
    },
    {
      "frame_id": 11,
      "image_path": "frames/fdvMUP8qvzw_001727/images/000011.jpg",
      "accident_id": 0,
      "accident_name": "normal",
      "objects": []
    },
    {
      "frame_id": 12,
      "image_path": "frames/fdvMUP8qvzw_001727/images/000012.jpg",
      "accident_id": 0,
      "accident_name": "normal",
      "objects": []
    },
    {
      "frame_id": 13,
      "image_path": "frames/fdvMUP8qvzw_001727/images/000013.jpg",
      "accident_id": 0,
      "accident_name": "normal",
      "objects": []
    },
    {
      "frame_id": 14,
      "image_path": "frames/fdvMUP8qvzw_001727/images/000014.jpg",
      "accident_id": 0,
      "accident_name": "normal",
      "objects": []
    },
    {
      "frame_id": 15,
      "image_path": "frames/fdvMUP8qvzw_001727/images/000015.jpg",
      "accident_id": 0,
      "accident_name": "normal",
      "objects": []
    },
    {
      "frame_id": 16,
      "image_path": "frames/fdvMUP8qvzw_001727/images/000016.jpg",
      "accident_id": 0,
      "accident_name": "normal",
      "objects": []
    },
    {
      "frame_id": 17,
      "image_path": "frames/fdvMUP8qvzw_001727/images/000017.jpg",
      "accident_id": 0,
      "accident_name": "normal",
      "objects": []
    },
    {
      "frame_id": 18,
      "image_path": "frames/fdvMUP8qvzw_001727/images/000018.jpg",
      "accident_id": 0,
      "accident_name": "normal",
      "objects": []
    },
    {
      "frame_id": 19,
      "image_path": "frames/fdvMUP8qvzw_001727/images/000019.jpg",
      "accident_id": 0,
      "accident_name": "normal",
      "objects": []
    },
    {
      "frame_id": 20,
      "image_path": "frames/fdvMUP8qvzw_001727/images/000020.jpg",
      "accident_id": 0,
      "accident_name": "normal",
      "objects": []
    },
    {
      "frame_id": 21,
      "image_path": "frames/fdvMUP8qvzw_001727/images/000021.jpg",
      "accident_id": 0,
      "accident_name": "normal",
      "objects": []
    },
    {
      "frame_id": 22,
      "image_path": "frames/fdvMUP8qvzw_001727/images/000022.jpg",
      "accident_id": 0,
      "accident_name": "normal",
      "objects": []
    },
    {
      "frame_id": 23,
      "image_path": "frames/fdvMUP8qvzw_001727/images/000023.jpg",
      "accident_id": 0,
      "accident_name": "normal",
      "objects": []
    },
    {
      "frame_id": 24,
      "image_path": "frames/fdvMUP8qvzw_001727/images/000024.jpg",
      "accident_id": 0,
      "accident_name": "normal",
      "objects": []
    },
    {
      "frame_id": 25,
      "image_path": "frames/fdvMUP8qvzw_001727/images/000025.jpg",
      "accident_id": 0,
      "accident_name": "normal",
      "objects": []
    },
    {
      "frame_id": 26,
      "image_path": "frames/fdvMUP8qvzw_001727/images/000026.jpg",
      "accident_id": 0,
      "accident_name": "normal",
      "objects": []
    },
    {
      "frame_id": 27,
      "image_path": "frames/fdvMUP8qvzw_001727/images/000027.jpg",
      "accident_id": 0,
      "accident_name": "normal",
      "objects": []
    },
    {
      "frame_id": 28,
      "image_path": "frames/fdvMUP8qvzw_001727/images/000028.jpg",
      "accident_id": 0,
      "accident_name": "normal",
      "objects": []
    },
    {
      "frame_id": 29,
      "image_path": "frames/fdvMUP8qvzw_001727/images/000029.jpg",
      "accident_id": 0,
      "accident_name": "normal",
      "objects": []
    },
    {
      "frame_id": 30,
      "image_path": "frames/fdvMUP8qvzw_001727/images/000030.jpg",
      "accident_id": 0,
      "accident_name": "normal",
      "objects": []
    },
    {
      "frame_id": 31,
      "image_path": "frames/fdvMUP8qvzw_001727/images/000031.jpg",
      "accident_id": 0,
      "accident_name": "normal",
      "objects": []
    },
    {
      "frame_id": 32,
      "image_path": "frames/fdvMUP8qvzw_001727/images/000032.jpg",
      "accident_id": 0,
      "accident_name": "normal",
      "objects": []
    },
    {
      "frame_id": 33,
      "image_path": "frames/fdvMUP8qvzw_001727/images/000033.jpg",
      "accident_id": 0,
      "accident_name": "normal",
      "objects": []
    },
    {
      "frame_id": 34,
      "image_path": "frames/fdvMUP8qvzw_001727/images/000034.jpg",
      "accident_id": 0,
      "accident_name": "normal",
      "objects": []
    },
    {
      "frame_id": 35,
      "image_path": "frames/fdvMUP8qvzw_001727/images/000035.jpg",
      "accident_id": 0,
      "accident_name": "normal",
      "objects": []
    },
    {
      "frame_id": 36,
      "image_path": "frames/fdvMUP8qvzw_001727/images/000036.jpg",
      "accident_id": 2,
      "accident_name": "moving_ahead_or_waiting",
      "objects": [
        {
          "obj_track_id": 0,
          "bbox": [
            710.8449548810501,
            427.0385561936013,
            782.904019688269,
            484.92206726825265
          ],
          "category": "car",
          "category ID": 3,
          "trunc": false
        },
        {
          "obj_track_id": 148,
          "bbox": [
            738.8591385331781,
            427.47380675203726,
            798.2608695652174,
            474.2904019688269
          ],
          "category": "car",
          "category ID": 3,
          "trunc": false
        }
      ]
    },
    {
      "frame_id": 37,
      "image_path": "frames/fdvMUP8qvzw_001727/images/000037.jpg",
      "accident_id": 2,
      "accident_name": "moving_ahead_or_waiting",
      "objects": [
        {
          "obj_track_id": 0,
          "bbox": [
            699.0319934372436,
            427.62920426579166,
            776.4068908941756,
            485.512715340443
          ],
          "category": "car",
          "category ID": 3,
          "trunc": false
        },
        {
          "obj_track_id": 148,
          "bbox": [
            743.0500582072177,
            429.4011484823626,
            795.3076292042658,
            477.24364232977854
          ],
          "category": "car",
          "category ID": 3,
          "trunc": false
        }
      ]
    },
    {
      "frame_id": 38,
      "image_path": "frames/fdvMUP8qvzw_001727/images/000038.jpg",
      "accident_id": 2,
      "accident_name": "moving_ahead_or_waiting",
      "objects": [
        {
          "obj_track_id": 0,
          "bbox": [
            683.6751435602953,
            424.0853158326497,
            764.5939294503692,
            486.1033634126333
          ],
          "category": "car",
          "category ID": 3,
          "trunc": false
        },
        {
          "obj_track_id": 148,
          "bbox": [
            736.3445867287544,
            429.4011484823626,
            793.5356849876948,
            477.8342904019688
          ],
          "category": "car",
          "category ID": 3,
          "trunc": false
        }
      ]
    },
    {
      "frame_id": 39,
      "image_path": "frames/fdvMUP8qvzw_001727/images/000039.jpg",
      "accident_id": 2,
      "accident_name": "moving_ahead_or_waiting",
      "objects": [
        {
          "obj_track_id": 0,
          "bbox": [
            663.0024610336342,
            421.1320754716981,
            741.5586546349467,
            486.69401148482365
          ],
          "category": "car",
          "category ID": 3,
          "trunc": false
        },
        {
          "obj_track_id": 148,
          "bbox": [
            727.1245634458674,
            423.4946677604594,
            800.6234618539787,
            474.88105004101726
          ],
          "category": "car",
          "category ID": 3,
          "trunc": false
        }
      ]
    },
    {
      "frame_id": 40,
      "image_path": "frames/fdvMUP8qvzw_001727/images/000040.jpg",
      "accident_id": 2,
      "accident_name": "moving_ahead_or_waiting",
      "objects": [
        {
          "obj_track_id": 0,
          "bbox": [
            632.2887612797375,
            415.8162428219852,
            714.388843314192,
            483.1501230516817
          ],
          "category": "car",
          "category ID": 3,
          "trunc": false
        },
        {
          "obj_track_id": 148,
          "bbox": [
            706.1197703035275,
            415.8162428219852,
            807.1205906480722,
            475.47169811320754
          ],
          "category": "car",
          "category ID": 3,
          "trunc": false
        }
      ]
    },
    {
      "frame_id": 41,
      "image_path": "frames/fdvMUP8qvzw_001727/images/000041.jpg",
      "accident_id": 2,
      "accident_name": "moving_ahead_or_waiting",
      "objects": [
        {
          "obj_track_id": 0,
          "bbox": [
            590.3527481542247,
            406.95652173913044,
            679.5406070549631,
            481.37817883511076
          ],
          "category": "car",
          "category ID": 3,
          "trunc": false
        },
        {
          "obj_track_id": 148,
          "bbox": [
            674.2247744052502,
            402.8219852337982,
            807.1205906480722,
            475.47169811320754
          ],
          "category": "car",
          "category ID": 3,
          "trunc": false
        }
      ]
    },
    {
      "frame_id": 42,
      "image_path": "frames/fdvMUP8qvzw_001727/images/000042.jpg",
      "accident_id": 2,
      "accident_name": "moving_ahead_or_waiting",
      "objects": [
        {
          "obj_track_id": 0,
          "bbox": [
            543.6915504511895,
            399.8687448728466,
            636.4232977850697,
            477.8342904019688
          ],
          "category": "car",
          "category ID": 3,
          "trunc": false
        },
        {
          "obj_track_id": 148,
          "bbox": [
            652.3707957342084,
            394.5529122231337,
            805.9392945036916,
            466.61197703035276
          ],
          "category": "car",
          "category ID": 3,
          "trunc": false
        }
      ]
    },
    {
      "frame_id": 43,
      "image_path": "frames/fdvMUP8qvzw_001727/images/000043.jpg",
      "accident_id": 2,
      "accident_name": "moving_ahead_or_waiting",
      "objects": [
        {
          "obj_track_id": 0,
          "bbox": [
            485.80803937653815,
            391.00902378999183,
            585.6275635767022,
            472.5184577522559
          ],
          "category": "car",
          "category ID": 3,
          "trunc": false
        },
        {
          "obj_track_id": 148,
          "bbox": [
            607.4815422477441,
            392.7809680065628,
            797.0795734208367,
            467.7932731747334
          ],
          "category": "car",
          "category ID": 3,
          "trunc": false
        }
      ]
    },
    {
      "frame_id": 44,
      "image_path": "frames/fdvMUP8qvzw_001727/images/000044.jpg",
      "accident_id": 2,
      "accident_name": "moving_ahead_or_waiting",
      "objects": [
        {
          "obj_track_id": 0,
          "bbox": [
            419.064807219032,
            392.19031993437244,
            525.3814602132896,
            473.6997538966366
          ],
          "category": "car",
          "category ID": 3,
          "trunc": false
        },
        {
          "obj_track_id": 148,
          "bbox": [
            573.8146021328959,
            385.69319114027894,
            776.9975389663659,
            471.3371616078753
          ],
          "category": "car",
          "category ID": 3,
          "trunc": false
        }
      ]
    },
    {
      "frame_id": 45,
      "image_path": "frames/fdvMUP8qvzw_001727/images/000045.jpg",
      "accident_id": 2,
      "accident_name": "moving_ahead_or_waiting",
      "objects": [
        {
          "obj_track_id": 0,
          "bbox": [
            344.64315012305167,
            391.5996718621821,
            451.5504511894996,
            479.0155865463495
          ],
          "category": "car",
          "category ID": 3,
          "trunc": false
        },
        {
          "obj_track_id": 148,
          "bbox": [
            532.4692370795734,
            374.47087776866283,
            755.7342083675144,
            472.5184577522559
          ],
          "category": "car",
          "category ID": 3,
          "trunc": false
        }
      ]
    },
    {
      "frame_id": 46,
      "image_path": "frames/fdvMUP8qvzw_001727/images/000046.jpg",
      "accident_id": 2,
      "accident_name": "moving_ahead_or_waiting",
      "objects": [
        {
          "obj_track_id": 0,
          "bbox": [
            268.4495488105004,
            383.92124692370794,
            383.0352748154225,
            470.15586546349465
          ],
          "category": "car",
          "category ID": 3,
          "trunc": false
        },
        {
          "obj_track_id": 148,
          "bbox": [
            475.7670221493027,
            361.4766201804758,
            723.839212469237,
            471.92780968006565
          ],
          "category": "car",
          "category ID": 3,
          "trunc": false
        },
        {
          "obj_track_id": 222,
          "bbox": [
            398.9827727645611,
            379.1960623461854,
            473.4044298605414,
            470.15586546349465
          ],
          "category": "car",
          "category ID": 3,
          "trunc": false
        }
      ]
    },
    {
      "frame_id": 47,
      "image_path": "frames/fdvMUP8qvzw_001727/images/000047.jpg",
      "accident_id": 2,
      "accident_name": "moving_ahead_or_waiting",
      "objects": [
        {
          "obj_track_id": 0,
          "bbox": [
            180.44298605414275,
            379.7867104183757,
            303.2977850697293,
            474.88105004101726
          ],
          "category": "car",
          "category ID": 3,
          "trunc": false
        },
        {
          "obj_track_id": 148,
          "bbox": [
            446.2346185397867,
            353.20754716981133,
            688.4003281378178,
            474.2904019688269
          ],
          "category": "car",
          "category ID": 3,
          "trunc": false
        },
        {
          "obj_track_id": 222,
          "bbox": [
            303.8884331419196,
            374.47087776866283,
            431.4684167350287,
            465.4306808859721
          ],
          "category": "car",
          "category ID": 3,
          "trunc": false
        }
      ]
    },
    {
      "frame_id": 48,
      "image_path": "frames/fdvMUP8qvzw_001727/images/000048.jpg",
      "accident_id": 2,
      "accident_name": "moving_ahead_or_waiting",
      "objects": [
        {
          "obj_track_id": 0,
          "bbox": [
            76.48892534864643,
            374.47087776866283,
            212.33798195242002,
            473.6997538966366
          ],
          "category": "car",
          "category ID": 3,
          "trunc": false
        },
        {
          "obj_track_id": 148,
          "bbox": [
            406.07054963084494,
            347.89171452009845,
            651.1894995898277,
            512.0918785890074
          ],
          "category": "car",
          "category ID": 3,
          "trunc": false
        },
        {
          "obj_track_id": 222,
          "bbox": [
            186.34946677604594,
            373.88022969647255,
            319.24528301886795,
            471.3371616078753
          ],
          "category": "car",
          "category ID": 3,
          "trunc": false
        }
      ]
    },
    {
      "frame_id": 49,
      "image_path": "frames/fdvMUP8qvzw_001727/images/000049.jpg",
      "accident_id": 2,
      "accident_name": "moving_ahead_or_waiting",
      "objects": [
        {
          "obj_track_id": 0,
          "bbox": [
            0,
            362.65791632485644,
            122.55947497949138,
            463.0680885972108
          ],
          "category": "car",
          "category ID": 3,
          "trunc": true
        },
        {
          "obj_track_id": 148,
          "bbox": [
            365.3158326497129,
            330.17227235438884,
            611.6160787530763,
            542.805578342904
          ],
          "category": "car",
          "category ID": 3,
          "trunc": false
        },
        {
          "obj_track_id": 222,
          "bbox": [
            59.95077932731748,
            366.2018047579984,
            222.9696472518458,
            483.1501230516817
          ],
          "category": "car",
          "category ID": 3,
          "trunc": false
        }
      ]
    },
    {
      "frame_id": 50,
      "image_path": "frames/fdvMUP8qvzw_001727/images/000050.jpg",
      "accident_id": 2,
      "accident_name": "moving_ahead_or_waiting",
      "objects": [
        {
          "obj_track_id": 148,
          "bbox": [
            315.1107465135357,
            314.22477440525023,
            585.6275635767022,
            584.1509433962265
          ],
          "category": "car",
          "category ID": 3,
          "trunc": false
        },
        {
          "obj_track_id": 222,
          "bbox": [
            0,
            359.70467596390483,
            121.96882690730106,
            506.77604593929453
          ],
          "category": "car",
          "category ID": 3,
          "trunc": true
        }
      ]
    },
    {
      "frame_id": 51,
      "image_path": "frames/fdvMUP8qvzw_001727/images/000051.jpg",
      "accident_id": 2,
      "accident_name": "moving_ahead_or_waiting",
      "objects": [
        {
          "obj_track_id": 148,
          "bbox": [
            237.14520098441346,
            291.18949958982773,
            600.9844134536505,
            647.0779976717113
          ],
          "category": "car",
          "category ID": 3,
          "trunc": false
        }
      ]
    },
    {
      "frame_id": 52,
      "image_path": "frames/fdvMUP8qvzw_001727/images/000052.jpg",
      "accident_id": 2,
      "accident_name": "moving_ahead_or_waiting",
      "objects": [
        {
          "obj_track_id": 148,
          "bbox": [
            155.6357670221493,
            265.79163248564396,
            622.2477440525021,
            688.1490104772992
          ],
          "category": "car",
          "category ID": 3,
          "trunc": false
        }
      ]
    },
    {
      "frame_id": 53,
      "image_path": "frames/fdvMUP8qvzw_001727/images/000053.jpg",
      "accident_id": 2,
      "accident_name": "moving_ahead_or_waiting",
      "objects": [
        {
          "obj_track_id": 148,
          "bbox": [
            0,
            245.11894995898277,
            601.5750615258409,
            687.3108265424913
          ],
          "category": "car",
          "category ID": 3,
          "trunc": true
        }
      ]
    },
    {
      "frame_id": 54,
      "image_path": "frames/fdvMUP8qvzw_001727/images/000054.jpg",
      "accident_id": 2,
      "accident_name": "moving_ahead_or_waiting",
      "objects": [
        {
          "obj_track_id": 148,
          "bbox": [
            0,
            220.90237899917966,
            436.19360131255127,
            682.2817229336438
          ],
          "category": "car",
          "category ID": 3,
          "trunc": true
        }
      ]
    },
    {
      "frame_id": 55,
      "image_path": "frames/fdvMUP8qvzw_001727/images/000055.jpg",
      "accident_id": 2,
      "accident_name": "moving_ahead_or_waiting",
      "objects": [
        {
          "obj_track_id": 148,
          "bbox": [
            0,
            402.8219852337982,
            120.1968826907301,
            618.408531583265
          ],
          "category": "car",
          "category ID": 3,
          "trunc": true
        }
      ]
    },
    {
      "frame_id": 56,
      "image_path": "frames/fdvMUP8qvzw_001727/images/000056.jpg",
      "accident_id": 2,
      "accident_name": "moving_ahead_or_waiting",
      "objects": []
    },
    {
      "frame_id": 57,
      "image_path": "frames/fdvMUP8qvzw_001727/images/000057.jpg",
      "accident_id": 2,
      "accident_name": "moving_ahead_or_waiting",
      "objects": []
    },
    {
      "frame_id": 58,
      "image_path": "frames/fdvMUP8qvzw_001727/images/000058.jpg",
      "accident_id": 2,
      "accident_name": "moving_ahead_or_waiting",
      "objects": []
    },
    {
      "frame_id": 59,
      "image_path": "frames/fdvMUP8qvzw_001727/images/000059.jpg",
      "accident_id": 2,
      "accident_name": "moving_ahead_or_waiting",
      "objects": []
    },
    {
      "frame_id": 60,
      "image_path": "frames/fdvMUP8qvzw_001727/images/000060.jpg",
      "accident_id": 2,
      "accident_name": "moving_ahead_or_waiting",
      "objects": []
    },
    {
      "frame_id": 61,
      "image_path": "frames/fdvMUP8qvzw_001727/images/000061.jpg",
      "accident_id": 2,
      "accident_name": "moving_ahead_or_waiting",
      "objects": []
    },
    {
      "frame_id": 62,
      "image_path": "frames/fdvMUP8qvzw_001727/images/000062.jpg",
      "accident_id": 2,
      "accident_name": "moving_ahead_or_waiting",
      "objects": []
    },
    {
      "frame_id": 63,
      "image_path": "frames/fdvMUP8qvzw_001727/images/000063.jpg",
      "accident_id": 2,
      "accident_name": "moving_ahead_or_waiting",
      "objects": []
    },
    {
      "frame_id": 64,
      "image_path": "frames/fdvMUP8qvzw_001727/images/000064.jpg",
      "accident_id": 2,
      "accident_name": "moving_ahead_or_waiting",
      "objects": []
    },
    {
      "frame_id": 65,
      "image_path": "frames/fdvMUP8qvzw_001727/images/000065.jpg",
      "accident_id": 2,
      "accident_name": "moving_ahead_or_waiting",
      "objects": []
    },
    {
      "frame_id": 66,
      "image_path": "frames/fdvMUP8qvzw_001727/images/000066.jpg",
      "accident_id": 2,
      "accident_name": "moving_ahead_or_waiting",
      "objects": []
    },
    {
      "frame_id": 67,
      "image_path": "frames/fdvMUP8qvzw_001727/images/000067.jpg",
      "accident_id": 2,
      "accident_name": "moving_ahead_or_waiting",
      "objects": []
    },
    {
      "frame_id": 68,
      "image_path": "frames/fdvMUP8qvzw_001727/images/000068.jpg",
      "accident_id": 2,
      "accident_name": "moving_ahead_or_waiting",
      "objects": []
    },
    {
      "frame_id": 69,
      "image_path": "frames/fdvMUP8qvzw_001727/images/000069.jpg",
      "accident_id": 2,
      "accident_name": "moving_ahead_or_waiting",
      "objects": []
    },
    {
      "frame_id": 70,
      "image_path": "frames/fdvMUP8qvzw_001727/images/000070.jpg",
      "accident_id": 2,
      "accident_name": "moving_ahead_or_waiting",
      "objects": []
    },
    {
      "frame_id": 71,
      "image_path": "frames/fdvMUP8qvzw_001727/images/000071.jpg",
      "accident_id": 2,
      "accident_name": "moving_ahead_or_waiting",
      "objects": []
    },
    {
      "frame_id": 72,
      "image_path": "frames/fdvMUP8qvzw_001727/images/000072.jpg",
      "accident_id": 2,
      "accident_name": "moving_ahead_or_waiting",
      "objects": []
    },
    {
      "frame_id": 73,
      "image_path": "frames/fdvMUP8qvzw_001727/images/000073.jpg",
      "accident_id": 2,
      "accident_name": "moving_ahead_or_waiting",
      "objects": []
    },
    {
      "frame_id": 74,
      "image_path": "frames/fdvMUP8qvzw_001727/images/000074.jpg",
      "accident_id": 2,
      "accident_name": "moving_ahead_or_waiting",
      "objects": []
    },
    {
      "frame_id": 75,
      "image_path": "frames/fdvMUP8qvzw_001727/images/000075.jpg",
      "accident_id": 2,
      "accident_name": "moving_ahead_or_waiting",
      "objects": []
    },
    {
      "frame_id": 76,
      "image_path": "frames/fdvMUP8qvzw_001727/images/000076.jpg",
      "accident_id": 2,
      "accident_name": "moving_ahead_or_waiting",
      "objects": []
    },
    {
      "frame_id": 77,
      "image_path": "frames/fdvMUP8qvzw_001727/images/000077.jpg",
      "accident_id": 2,
      "accident_name": "moving_ahead_or_waiting",
      "objects": []
    },
    {
      "frame_id": 78,
      "image_path": "frames/fdvMUP8qvzw_001727/images/000078.jpg",
      "accident_id": 2,
      "accident_name": "moving_ahead_or_waiting",
      "objects": []
    },
    {
      "frame_id": 79,
      "image_path": "frames/fdvMUP8qvzw_001727/images/000079.jpg",
      "accident_id": 0,
      "accident_name": "normal",
      "objects": []
    },
    {
      "frame_id": 80,
      "image_path": "frames/fdvMUP8qvzw_001727/images/000080.jpg",
      "accident_id": 0,
      "accident_name": "normal",
      "objects": []
    },
    {
      "frame_id": 81,
      "image_path": "frames/fdvMUP8qvzw_001727/images/000081.jpg",
      "accident_id": 0,
      "accident_name": "normal",
      "objects": []
    },
    {
      "frame_id": 82,
      "image_path": "frames/fdvMUP8qvzw_001727/images/000082.jpg",
      "accident_id": 0,
      "accident_name": "normal",
      "objects": []
    },
    {
      "frame_id": 83,
      "image_path": "frames/fdvMUP8qvzw_001727/images/000083.jpg",
      "accident_id": 0,
      "accident_name": "normal",
      "objects": []
    },
    {
      "frame_id": 84,
      "image_path": "frames/fdvMUP8qvzw_001727/images/000084.jpg",
      "accident_id": 0,
      "accident_name": "normal",
      "objects": []
    },
    {
      "frame_id": 85,
      "image_path": "frames/fdvMUP8qvzw_001727/images/000085.jpg",
      "accident_id": 0,
      "accident_name": "normal",
      "objects": []
    },
    {
      "frame_id": 86,
      "image_path": "frames/fdvMUP8qvzw_001727/images/000086.jpg",
      "accident_id": 0,
      "accident_name": "normal",
      "objects": []
    },
    {
      "frame_id": 87,
      "image_path": "frames/fdvMUP8qvzw_001727/images/000087.jpg",
      "accident_id": 0,
      "accident_name": "normal",
      "objects": []
    },
    {
      "frame_id": 88,
      "image_path": "frames/fdvMUP8qvzw_001727/images/000088.jpg",
      "accident_id": 0,
      "accident_name": "normal",
      "objects": []
    },
    {
      "frame_id": 89,
      "image_path": "frames/fdvMUP8qvzw_001727/images/000089.jpg",
      "accident_id": 0,
      "accident_name": "normal",
      "objects": []
    },
    {
      "frame_id": 90,
      "image_path": "frames/fdvMUP8qvzw_001727/images/000090.jpg",
      "accident_id": 0,
      "accident_name": "normal",
      "objects": []
    },
    {
      "frame_id": 91,
      "image_path": "frames/fdvMUP8qvzw_001727/images/000091.jpg",
      "accident_id": 0,
      "accident_name": "normal",
      "objects": []
    },
    {
      "frame_id": 92,
      "image_path": "frames/fdvMUP8qvzw_001727/images/000092.jpg",
      "accident_id": 0,
      "accident_name": "normal",
      "objects": []
    },
    {
      "frame_id": 93,
      "image_path": "frames/fdvMUP8qvzw_001727/images/000093.jpg",
      "accident_id": 0,
      "accident_name": "normal",
      "objects": []
    },
    {
      "frame_id": 94,
      "image_path": "frames/fdvMUP8qvzw_001727/images/000094.jpg",
      "accident_id": 0,
      "accident_name": "normal",
      "objects": []
    },
    {
      "frame_id": 95,
      "image_path": "frames/fdvMUP8qvzw_001727/images/000095.jpg",
      "accident_id": 0,
      "accident_name": "normal",
      "objects": []
    },
    {
      "frame_id": 96,
      "image_path": "frames/fdvMUP8qvzw_001727/images/000096.jpg",
      "accident_id": 0,
      "accident_name": "normal",
      "objects": []
    },
    {
      "frame_id": 97,
      "image_path": "frames/fdvMUP8qvzw_001727/images/000097.jpg",
      "accident_id": 0,
      "accident_name": "normal",
      "objects": []
    },
    {
      "frame_id": 98,
      "image_path": "frames/fdvMUP8qvzw_001727/images/000098.jpg",
      "accident_id": 0,
      "accident_name": "normal",
      "objects": []
    },
    {
      "frame_id": 99,
      "image_path": "frames/fdvMUP8qvzw_001727/images/000099.jpg",
      "accident_id": 0,
      "accident_name": "normal",
      "objects": []
    },
    {
      "frame_id": 100,
      "image_path": "frames/fdvMUP8qvzw_001727/images/000100.jpg",
      "accident_id": 0,
      "accident_name": "normal",
      "objects": []
    },
    {
      "frame_id": 101,
      "image_path": "frames/fdvMUP8qvzw_001727/images/000101.jpg",
      "accident_id": 0,
      "accident_name": "normal",
      "objects": []
    },
    {
      "frame_id": 102,
      "image_path": "frames/fdvMUP8qvzw_001727/images/000102.jpg",
      "accident_id": 0,
      "accident_name": "normal",
      "objects": []
    },
    {
      "frame_id": 103,
      "image_path": "frames/fdvMUP8qvzw_001727/images/000103.jpg",
      "accident_id": 0,
      "accident_name": "normal",
      "objects": []
    },
    {
      "frame_id": 104,
      "image_path": "frames/fdvMUP8qvzw_001727/images/000104.jpg",
      "accident_id": 0,
      "accident_name": "normal",
      "objects": []
    },
    {
      "frame_id": 105,
      "image_path": "frames/fdvMUP8qvzw_001727/images/000105.jpg",
      "accident_id": 0,
      "accident_name": "normal",
      "objects": []
    },
    {
      "frame_id": 106,
      "image_path": "frames/fdvMUP8qvzw_001727/images/000106.jpg",
      "accident_id": 0,
      "accident_name": "normal",
      "objects": []
    },
    {
      "frame_id": 107,
      "image_path": "frames/fdvMUP8qvzw_001727/images/000107.jpg",
      "accident_id": 0,
      "accident_name": "normal",
      "objects": []
    },
    {
      "frame_id": 108,
      "image_path": "frames/fdvMUP8qvzw_001727/images/000108.jpg",
      "accident_id": 0,
      "accident_name": "normal",
      "objects": []
    }
  ]
}