{
  "video_name": "HaC3LrJiTmQ_003639",
  "channel": "CarCrashesTime",
  "num_frames": 139,
  "ignore": false,
  "ego_involve": false,
  "night": false,
  "anomaly_start": 70,
  "anomaly_end": 138,
  "video_start": 3639,
  "video_end": 3777,
  "accident_id": "2",
  "accident_name": "moving_ahead_or_waiting",
  "labels": [
    {
      "frame_id": 0,
      "image_path": "frames/HaC3LrJiTmQ_003639/images/000000.jpg",
      "accident_id": 0,
      "accident_name": "normal",
      "objects": []
    },
    {
      "frame_id": 1,
      "image_path": "frames/HaC3LrJiTmQ_003639/images/000001.jpg",
      "accident_id": 0,
      "accident_name": "normal",
      "objects": []
    },
    {
      "frame_id": 2,
      "image_path": "frames/HaC3LrJiTmQ_003639/images/000002.jpg",
      "accident_id": 0,
      "accident_name": "normal",
      "objects": []
    },
    {
      "frame_id": 3,
      "image_path": "frames/HaC3LrJiTmQ_003639/images/000003.jpg",
      "accident_id": 0,
      "accident_name": "normal",
      "objects": []
    },
    {
      "frame_id": 4,
      "image_path": "frames/HaC3LrJiTmQ_003639/images/000004.jpg",
      "accident_id": 0,
      "accident_name": "normal",
      "objects": []
    },
    {
      "frame_id": 5,
      "image_path": "frames/HaC3LrJiTmQ_003639/images/000005.jpg",
      "accident_id": 0,
      "accident_name": "normal",
      "objects": []
    },
    {
      "frame_id": 6,
      "image_path": "frames/HaC3LrJiTmQ_003639/images/000006.jpg",
      "accident_id": 0,
      "accident_name": "normal",
      "objects": []
    },
    {
      "frame_id": 7,
      "image_path": "frames/HaC3LrJiTmQ_003639/images/000007.jpg",
      "accident_id": 0,
      "accident_name": "normal",
      "objects": []
    },
    {
      "frame_id": 8,
      "image_path": "frames/HaC3LrJiTmQ_003639/images/000008.jpg",
      "accident_id": 0,
      "accident_name": "normal",
      "objects": []
    },
    {
      "frame_id": 9,
      "image_path": "frames/HaC3LrJiTmQ_003639/images/000009.jpg",
      "accident_id": 0,
      "accident_name": "normal",
      "objects": []
    },
    {
      "frame_id": 10,
      "image_path": "frames/HaC3LrJiTmQ_003639/images/000010.jpg",
      "accident_id": 0,
      "accident_name": "normal",
      "objects": []
    },
    {
      "frame_id": 11,
      "image_path": "frames/HaC3LrJiTmQ_003639/images/000011.jpg",
      "accident_id": 0,
      "accident_name": "normal",
      "objects": []
    },
    {
      "frame_id": 12,
      "image_path": "frames/HaC3LrJiTmQ_003639/images/000012.jpg",
      "accident_id": 0,
      "accident_name": "normal",
      "objects": []
    },
    {
      "frame_id": 13,
      "image_path": "frames/HaC3LrJiTmQ_003639/images/000013.jpg",
      "accident_id": 0,
      "accident_name": "normal",
      "objects": []
    },
    {
      "frame_id": 14,
      "image_path": "frames/HaC3LrJiTmQ_003639/images/000014.jpg",
      "accident_id": 0,
      "accident_name": "normal",
      "objects": []
    },
    {
      "frame_id": 15,
      "image_path": "frames/HaC3LrJiTmQ_003639/images/000015.jpg",
      "accident_id": 0,
      "accident_name": "normal",
      "objects": []
    },
    {
      "frame_id": 16,
      "image_path": "frames/HaC3LrJiTmQ_003639/images/000016.jpg",
      "accident_id": 0,
      "accident_name": "normal",
      "objects": []
    },
    {
      "frame_id": 17,
      "image_path": "frames/HaC3LrJiTmQ_003639/images/000017.jpg",
      "accident_id": 0,
      "accident_name": "normal",
      "objects": []
    },
    {
      "frame_id": 18,
      "image_path": "frames/HaC3LrJiTmQ_003639/images/000018.jpg",
      "accident_id": 0,
      "accident_name": "normal",
      "objects": []
    },
    {
      "frame_id": 19,
      "image_path": "frames/HaC3LrJiTmQ_003639/images/000019.jpg",
      "accident_id": 0,
      "accident_name": "normal",
      "objects": []
    },
    {
      "frame_id": 20,
      "image_path": "frames/HaC3LrJiTmQ_003639/images/000020.jpg",
      "accident_id": 0,
      "accident_name": "normal",
      "objects": []
    },
    {
      "frame_id": 21,
      "image_path": "frames/HaC3LrJiTmQ_003639/images/000021.jpg",
      "accident_id": 0,
      "accident_name": "normal",
      "objects": []
    },
    {
      "frame_id": 22,
      "image_path": "frames/HaC3LrJiTmQ_003639/images/000022.jpg",
      "accident_id": 0,
      "accident_name": "normal",
      "objects": []
    },
    {
      "frame_id": 23,
      "image_path": "frames/HaC3LrJiTmQ_003639/images/000023.jpg",
      "accident_id": 0,
      "accident_name": "normal",
      "objects": []
    },
    {
      "frame_id": 24,
      "image_path": "frames/HaC3LrJiTmQ_003639/images/000024.jpg",
      "accident_id": 0,
      "accident_name": "normal",
      "objects": []
    },
    {
      "frame_id": 25,
      "image_path": "frames/HaC3LrJiTmQ_003639/images/000025.jpg",
      "accident_id": 0,
      "accident_name": "normal",
      "objects": []
    },
    {
      "frame_id": 26,
      "image_path": "frames/HaC3LrJiTmQ_003639/images/000026.jpg",
      "accident_id": 0,
      "accident_name": "normal",
      "objects": []
    },
    {
      "frame_id": 27,
      "image_path": "frames/HaC3LrJiTmQ_003639/images/000027.jpg",
      "accident_id": 0,
      "accident_name": "normal",
      "objects": []
    },
    {
      "frame_id": 28,
      "image_path": "frames/HaC3LrJiTmQ_003639/images/000028.jpg",
      "accident_id": 0,
      "accident_name": "normal",
      "objects": []
    },
    {
      "frame_id": 29,
      "image_path": "frames/HaC3LrJiTmQ_003639/images/000029.jpg",
      "accident_id": 0,
      "accident_name": "normal",
      "objects": []
    },
    {
      "frame_id": 30,
      "image_path": "frames/HaC3LrJiTmQ_003639/images/000030.jpg",
      "accident_id": 0,
      "accident_name": "normal",
      "objects": []
    },
    {
      "frame_id": 31,
      "image_path": "frames/HaC3LrJiTmQ_003639/images/000031.jpg",
      "accident_id": 0,
      "accident_name": "normal",
      "objects": []
    },
    {
      "frame_id": 32,
      "image_path": "frames/HaC3LrJiTmQ_003639/images/000032.jpg",
      "accident_id": 0,
      "accident_name": "normal",
      "objects": []
    },
    {
      "frame_id": 33,
      "image_path": "frames/HaC3LrJiTmQ_003639/images/000033.jpg",
      "accident_id": 0,
      "accident_name": "normal",
      "objects": []
    },
    {
      "frame_id": 34,
      "image_path": "frames/HaC3LrJiTmQ_003639/images/000034.jpg",
      "accident_id": 0,
      "accident_name": "normal",
      "objects": []
    },
    {
      "frame_id": 35,
      "image_path": "frames/HaC3LrJiTmQ_003639/images/000035.jpg",
      "accident_id": 0,
      "accident_name": "normal",
      "objects": []
    },
    {
      "frame_id": 36,
      "image_path": "frames/HaC3LrJiTmQ_003639/images/000036.jpg",
      "accident_id": 0,
      "accident_name": "normal",
      "objects": []
    },
    {
      "frame_id": 37,
      "image_path": "frames/HaC3LrJiTmQ_003639/images/000037.jpg",
      "accident_id": 0,
      "accident_name": "normal",
      "objects": []
    },
    {
      "frame_id": 38,
      "image_path": "frames/HaC3LrJiTmQ_003639/images/000038.jpg",
      "accident_id": 0,
      "accident_name": "normal",
      "objects": []
    },
    {
      "frame_id": 39,
      "image_path": "frames/HaC3LrJiTmQ_003639/images/000039.jpg",
      "accident_id": 0,
      "accident_name": "normal",
      "objects": []
    },
    {
      "frame_id": 40,
      "image_path": "frames/HaC3LrJiTmQ_003639/images/000040.jpg",
      "accident_id": 0,
      "accident_name": "normal",
      "objects": []
    },
    {
      "frame_id": 41,
      "image_path": "frames/HaC3LrJiTmQ_003639/images/000041.jpg",
      "accident_id": 0,
      "accident_name": "normal",
      "objects": []
    },
    {
      "frame_id": 42,
      "image_path": "frames/HaC3LrJiTmQ_003639/images/000042.jpg",
      "accident_id": 0,
      "accident_name": "normal",
      "objects": []
    },
    {
      "frame_id": 43,
      "image_path": "frames/HaC3LrJiTmQ_003639/images/000043.jpg",
      "accident_id": 0,
      "accident_name": "normal",
      "objects": []
    },
    {
      "frame_id": 44,
      "image_path": "frames/HaC3LrJiTmQ_003639/images/000044.jpg",
      "accident_id": 0,
      "accident_name": "normal",
      "objects": []
    },
    {
      "frame_id": 45,
      "image_path": "frames/HaC3LrJiTmQ_003639/images/000045.jpg",
      "accident_id": 0,
      "accident_name": "normal",
      "objects": []
    },
    {
      "frame_id": 46,
      "image_path": "frames/HaC3LrJiTmQ_003639/images/000046.jpg",
      "accident_id": 0,
      "accident_name": "normal",
      "objects": []
    },
    {
      "frame_id": 47,
      "image_path": "frames/HaC3LrJiTmQ_003639/images/000047.jpg",
      "accident_id": 0,
      "accident_name": "normal",
      "objects": []
    },
    {
      "frame_id": 48,
      "image_path": "frames/HaC3LrJiTmQ_003639/images/000048.jpg",
      "accident_id": 0,
      "accident_name": "normal",
      "objects": []
    },
    {
      "frame_id": 49,
      "image_path": "frames/HaC3LrJiTmQ_003639/images/000049.jpg",
      "accident_id": 0,
      "accident_name": "normal",
      "objects": []
    },
    {
      "frame_id": 50,
      "image_path": "frames/HaC3LrJiTmQ_003639/images/000050.jpg",
      "accident_id": 0,
      "accident_name": "normal",
      "objects": []
    },
    {
      "frame_id": 51,
      "image_path": "frames/HaC3LrJiTmQ_003639/images/000051.jpg",
      "accident_id": 0,
      "accident_name": "normal",
      "objects": []
    },
    {
      "frame_id": 52,
      "image_path": "frames/HaC3LrJiTmQ_003639/images/000052.jpg",
      "accident_id": 0,
      "accident_name": "normal",
      "objects": []
    },
    {
      "frame_id": 53,
      "image_path": "frames/HaC3LrJiTmQ_003639/images/000053.jpg",
      "accident_id": 0,
      "accident_name": "normal",
      "objects": []
    },
    {
      "frame_id": 54,
      "image_path": "frames/HaC3LrJiTmQ_003639/images/000054.jpg",
      "accident_id": 0,
      "accident_name": "normal",
      "objects": []
    },
    {
      "frame_id": 55,
      "image_path": "frames/HaC3LrJiTmQ_003639/images/000055.jpg",
      "accident_id": 0,
      "accident_name": "normal",
      "objects": []
    },
    {
      "frame_id": 56,
      "image_path": "frames/HaC3LrJiTmQ_003639/images/000056.jpg",
      "accident_id": 0,
      "accident_name": "normal",
      "objects": []
    },
    {
      "frame_id": 57,
      "image_path": "frames/HaC3LrJiTmQ_003639/images/000057.jpg",
      "accident_id": 0,
      "accident_name": "normal",
      "objects": []
    },
    {
      "frame_id": 58,
      "image_path": "frames/HaC3LrJiTmQ_003639/images/000058.jpg",
      "accident_id": 0,
      "accident_name": "normal",
      "objects": []
    },
    {
      "frame_id": 59,
      "image_path": "frames/HaC3LrJiTmQ_003639/images/000059.jpg",
      "accident_id": 0,
      "accident_name": "normal",
      "objects": []
    },
    {
      "frame_id": 60,
      "image_path": "frames/HaC3LrJiTmQ_003639/images/000060.jpg",
      "accident_id": 0,
      "accident_name": "normal",
      "objects": []
    },
    {
      "frame_id": 61,
      "image_path": "frames/HaC3LrJiTmQ_003639/images/000061.jpg",
      "accident_id": 0,
      "accident_name": "normal",
      "objects": []
    },
    {
      "frame_id": 62,
      "image_path": "frames/HaC3LrJiTmQ_003639/images/000062.jpg",
      "accident_id": 0,
      "accident_name": "normal",
      "objects": []
    },
    {
      "frame_id": 63,
      "image_path": "frames/HaC3LrJiTmQ_003639/images/000063.jpg",
      "accident_id": 0,
      "accident_name": "normal",
      "objects": []
    },
    {
      "frame_id": 64,
      "image_path": "frames/HaC3LrJiTmQ_003639/images/000064.jpg",
      "accident_id": 0,
      "accident_name": "normal",
      "objects": []
    },
    {
      "frame_id": 65,
      "image_path": "frames/HaC3LrJiTmQ_003639/images/000065.jpg",
      "accident_id": 0,
      "accident_name": "normal",
      "objects": []
    },
    {
      "frame_id": 66,
      "image_path": "frames/HaC3LrJiTmQ_003639/images/000066.jpg",
      "accident_id": 0,
      "accident_name": "normal",
      "objects": []
    },
    {
      "frame_id": 67,
      "image_path": "frames/HaC3LrJiTmQ_003639/images/000067.jpg",
      "accident_id": 0,
      "accident_name": "normal",
      "objects": []
    },
    {
      "frame_id": 68,
      "image_path": "frames/HaC3LrJiTmQ_003639/images/000068.jpg",
      "accident_id": 0,
      "accident_name": "normal",
      "objects": []
    },
    {
      "frame_id": 69,
      "image_path": "frames/HaC3LrJiTmQ_003639/images/000069.jpg",
      "accident_id": 0,
      "accident_name": "normal",
      "objects": []
    },
    {
      "frame_id": 70,
      "image_path": "frames/HaC3LrJiTmQ_003639/images/000070.jpg",
      "accident_id": 2,
      "accident_name": "moving_ahead_or_waiting",
      "objects": [
        {
          "obj_track_id": 307,
          "bbox": [
            208.07738814993957,
            320.3869407496977,
            498.863361547763,
            482.32164449818623
          ],
          "category": "car",
          "category ID": 3,
          "trunc": false
        }
      ]
    },
    {
      "frame_id": 71,
      "image_path": "frames/HaC3LrJiTmQ_003639/images/000071.jpg",
      "accident_id": 2,
      "accident_name": "moving_ahead_or_waiting",
      "objects": [
        {
          "obj_track_id": 307,
          "bbox": [
            159.32285368802903,
            319.5163240628779,
            482.3216444981862,
            495.38089480048365
          ],
          "category": "car",
          "category ID": 3,
          "trunc": false
        }
      ]
    },
    {
      "frame_id": 72,
      "image_path": "frames/HaC3LrJiTmQ_003639/images/000072.jpg",
      "accident_id": 2,
      "accident_name": "moving_ahead_or_waiting",
      "objects": [
        {
          "obj_track_id": 307,
          "bbox": [
            107.08585247883919,
            316.9044740024184,
            462.2974607013301,
            511.9226118500605
          ],
          "category": "car",
          "category ID": 3,
          "trunc": false
        },
        {
          "obj_track_id": 495,
          "bbox": [
            418.7666263603386,
            322.99879081015723,
            548.4885126964934,
            413.5429262394196
          ],
          "category": "car",
          "category ID": 3,
          "trunc": false
        }
      ]
    },
    {
      "frame_id": 73,
      "image_path": "frames/HaC3LrJiTmQ_003639/images/000073.jpg",
      "accident_id": 2,
      "accident_name": "moving_ahead_or_waiting",
      "objects": [
        {
          "obj_track_id": 307,
          "bbox": [
            47.013301088270865,
            318.64570737605806,
            444.0145102781137,
            529.3349455864571
          ],
          "category": "car",
          "category ID": 3,
          "trunc": false
        },
        {
          "obj_track_id": 495,
          "bbox": [
            399.61305925030234,
            320.3869407496977,
            541.5235792019347,
            420.50785973397825
          ],
          "category": "car",
          "category ID": 3,
          "trunc": false
        }
      ]
    },
    {
      "frame_id": 74,
      "image_path": "frames/HaC3LrJiTmQ_003639/images/000074.jpg",
      "accident_id": 2,
      "accident_name": "moving_ahead_or_waiting",
      "objects": [
        {
          "obj_track_id": 307,
          "bbox": [
            0.8706166868198366,
            321.2575574365176,
            423.99032648125757,
            555.4534461910521
          ],
          "category": "car",
          "category ID": 3,
          "trunc": true
        },
        {
          "obj_track_id": 495,
          "bbox": [
            384.8125755743652,
            321.2575574365176,
            534.5586457073761,
            424.8609431680774
          ],
          "category": "car",
          "category ID": 3,
          "trunc": false
        }
      ]
    },
    {
      "frame_id": 75,
      "image_path": "frames/HaC3LrJiTmQ_003639/images/000075.jpg",
      "accident_id": 2,
      "accident_name": "moving_ahead_or_waiting",
      "objects": [
        {
          "obj_track_id": 307,
          "bbox": [
            0.8706166868198366,
            321.2575574365176,
            399.61305925030234,
            584.1837968561065
          ],
          "category": "car",
          "category ID": 3,
          "trunc": true
        },
        {
          "obj_track_id": 495,
          "bbox": [
            365.6590084643289,
            322.1281741233374,
            524.981862152358,
            430.95525997581626
          ],
          "category": "car",
          "category ID": 3,
          "trunc": false
        }
      ]
    },
    {
      "frame_id": 76,
      "image_path": "frames/HaC3LrJiTmQ_003639/images/000076.jpg",
      "accident_id": 2,
      "accident_name": "moving_ahead_or_waiting",
      "objects": [
        {
          "obj_track_id": 307,
          "bbox": [
            0,
            322.9987908101573,
            374.3651753325272,
            609.4316807738816
          ],
          "category": "car",
          "category ID": 3,
          "trunc": true
        },
        {
          "obj_track_id": 495,
          "bbox": [
            344.764207980653,
            320.3869407496977,
            518.0169286577993,
            444.0145102781137
          ],
          "category": "car",
          "category ID": 3,
          "trunc": false
        }
      ]
    },
    {
      "frame_id": 77,
      "image_path": "frames/HaC3LrJiTmQ_003639/images/000077.jpg",
      "accident_id": 2,
      "accident_name": "moving_ahead_or_waiting",
      "objects": [
        {
          "obj_track_id": 307,
          "bbox": [
            0.8706166868198366,
            322.1281741233374,
            344.764207980653,
            613.7847642079807
          ],
          "category": "car",
          "category ID": 3,
          "trunc": true
        },
        {
          "obj_track_id": 495,
          "bbox": [
            304.7158403869408,
            320.3869407496977,
            506.6989117291415,
            450.1088270858525
          ],
          "category": "car",
          "category ID": 3,
          "trunc": false
        },
        {
          "obj_track_id": 726,
          "bbox": [
            476.22732769044745,
            312.5513905683192,
            578.0894800483676,
            386.55380894800487
          ],
          "category": "car",
          "category ID": 3,
          "trunc": false
        }
      ]
    },
    {
      "frame_id": 78,
      "image_path": "frames/HaC3LrJiTmQ_003639/images/000078.jpg",
      "accident_id": 2,
      "accident_name": "moving_ahead_or_waiting",
      "objects": [
        {
          "obj_track_id": 307,
          "bbox": [
            0.8706166868198366,
            322.1281741233374,
            325.6106408706167,
            649.4800483675938
          ],
          "category": "car",
          "category ID": 3,
          "trunc": true
        },
        {
          "obj_track_id": 495,
          "bbox": [
            274.2442563482467,
            320.3869407496977,
            492.76904474002424,
            460.55622732769046
          ],
          "category": "car",
          "category ID": 3,
          "trunc": false
        },
        {
          "obj_track_id": 726,
          "bbox": [
            465.7799274486095,
            313.4220072551391,
            567.6420798065296,
            387.42442563482473
          ],
          "category": "car",
          "category ID": 3,
          "trunc": false
        }
      ]
    },
    {
      "frame_id": 79,
      "image_path": "frames/HaC3LrJiTmQ_003639/images/000079.jpg",
      "accident_id": 2,
      "accident_name": "moving_ahead_or_waiting",
      "objects": [
        {
          "obj_track_id": 307,
          "bbox": [
            0.8706166868198366,
            318.64570737605806,
            311.6807738814994,
            660.7980652962516
          ],
          "category": "car",
          "category ID": 3,
          "trunc": true
        },
        {
          "obj_track_id": 495,
          "bbox": [
            236.80773881499397,
            320.3869407496977,
            478.8391777509069,
            471.0036275695285
          ],
          "category": "car",
          "category ID": 3,
          "trunc": false
        },
        {
          "obj_track_id": 726,
          "bbox": [
            453.59129383313183,
            309.9395405078597,
            560.677146311971,
            389.16565900846433
          ],
          "category": "car",
          "category ID": 3,
          "trunc": false
        }
      ]
    },
    {
      "frame_id": 80,
      "image_path": "frames/HaC3LrJiTmQ_003639/images/000080.jpg",
      "accident_id": 2,
      "accident_name": "moving_ahead_or_waiting",
      "objects": [
        {
          "obj_track_id": 307,
          "bbox": [
            0.8706166868198366,
            311.6807738814994,
            294.26844014510283,
            660.7980652962516
          ],
          "category": "car",
          "category ID": 3,
          "trunc": true
        },
        {
          "obj_track_id": 495,
          "bbox": [
            187.18258766626363,
            315.16324062877874,
            458.8149939540508,
            487.5453446191052
          ],
          "category": "car",
          "category ID": 3,
          "trunc": false
        },
        {
          "obj_track_id": 726,
          "bbox": [
            440.5320435308343,
            306.4570737605804,
            554.5828295042322,
            389.16565900846433
          ],
          "category": "car",
          "category ID": 3,
          "trunc": false
        }
      ]
    },
    {
      "frame_id": 81,
      "image_path": "frames/HaC3LrJiTmQ_003639/images/000081.jpg",
      "accident_id": 2,
      "accident_name": "moving_ahead_or_waiting",
      "objects": [
        {
          "obj_track_id": 307,
          "bbox": [
            0.8706166868198366,
            311.6807738814994,
            267.27932285368803,
            652.9625151148731
          ],
          "category": "car",
          "category ID": 3,
          "trunc": true
        },
        {
          "obj_track_id": 495,
          "bbox": [
            154.09915356711005,
            311.6807738814994,
            440.53204353083436,
            491.0278113663846
          ],
          "category": "car",
          "category ID": 3,
          "trunc": false
        },
        {
          "obj_track_id": 726,
          "bbox": [
            429.2140266021765,
            301.2333736396614,
            543.2648125755744,
            389.16565900846433
          ],
          "category": "car",
          "category ID": 3,
          "trunc": false
        }
      ]
    },
    {
      "frame_id": 82,
      "image_path": "frames/HaC3LrJiTmQ_003639/images/000082.jpg",
      "accident_id": 2,
      "accident_name": "moving_ahead_or_waiting",
      "objects": [
        {
          "obj_track_id": 307,
          "bbox": [
            0.8706166868198366,
            325.6106408706167,
            236.80773881499397,
            634.6795646916567
          ],
          "category": "car",
          "category ID": 3,
          "trunc": true
        },
        {
          "obj_track_id": 495,
          "bbox": [
            124.4981862152358,
            308.1983071342201,
            431.82587666263606,
            489.2865779927449
          ],
          "category": "car",
          "category ID": 3,
          "trunc": false
        },
        {
          "obj_track_id": 726,
          "bbox": [
            416.15477629987896,
            296.8802902055623,
            540.652962515115,
            388.29504232164453
          ],
          "category": "car",
          "category ID": 3,
          "trunc": false
        }
      ]
    },
    {
      "frame_id": 83,
      "image_path": "frames/HaC3LrJiTmQ_003639/images/000083.jpg",
      "accident_id": 2,
      "accident_name": "moving_ahead_or_waiting",
      "objects": [
        {
          "obj_track_id": 307,
          "bbox": [
            0.8706166868198366,
            341.2817412333737,
            201.1124546553809,
            590.2781136638453
          ],
          "category": "car",
          "category ID": 3,
          "trunc": true
        },
        {
          "obj_track_id": 495,
          "bbox": [
            107.95646916565902,
            300.3627569528416,
            421.3784764207981,
            489.2865779927449
          ],
          "category": "car",
          "category ID": 3,
          "trunc": false
        },
        {
          "obj_track_id": 726,
          "bbox": [
            403.09552599758155,
            292.5272067714631,
            532.8174123337365,
            385.683192261185
          ],
          "category": "car",
          "category ID": 3,
          "trunc": false
        }
      ]
    },
    {
      "frame_id": 84,
      "image_path": "frames/HaC3LrJiTmQ_003639/images/000084.jpg",
      "accident_id": 2,
      "accident_name": "moving_ahead_or_waiting",
      "objects": [
        {
          "obj_track_id": 307,
          "bbox": [
            0.8706166868198366,
            352.5997581620315,
            180.21765417170496,
            590.2781136638453
          ],
          "category": "car",
          "category ID": 3,
          "trunc": true
        },
        {
          "obj_track_id": 495,
          "bbox": [
            102.73276904474004,
            296.8802902055623,
            415.2841596130593,
            487.5453446191052
          ],
          "category": "car",
          "category ID": 3,
          "trunc": false
        },
        {
          "obj_track_id": 726,
          "bbox": [
            391.77750906892373,
            289.9153567110036,
            526.7230955259976,
            386.55380894800487
          ],
          "category": "car",
          "category ID": 3,
          "trunc": false
        }
      ]
    },
    {
      "frame_id": 85,
      "image_path": "frames/HaC3LrJiTmQ_003639/images/000085.jpg",
      "accident_id": 2,
      "accident_name": "moving_ahead_or_waiting",
      "objects": [
        {
          "obj_track_id": 307,
          "bbox": [
            0.8706166868198366,
            352.5997581620315,
            180.21765417170496,
            590.2781136638453
          ],
          "category": "car",
          "category ID": 3,
          "trunc": true
        },
        {
          "obj_track_id": 495,
          "bbox": [
            106.65054413542927,
            296.8802902055623,
            413.54292623941967,
            485.3688029020557
          ],
          "category": "car",
          "category ID": 3,
          "trunc": false
        },
        {
          "obj_track_id": 726,
          "bbox": [
            378.7182587666264,
            287.3035066505441,
            521.4993954050786,
            386.55380894800487
          ],
          "category": "car",
          "category ID": 3,
          "trunc": false
        }
      ]
    },
    {
      "frame_id": 86,
      "image_path": "frames/HaC3LrJiTmQ_003639/images/000086.jpg",
      "accident_id": 2,
      "accident_name": "moving_ahead_or_waiting",
      "objects": [
        {
          "obj_track_id": 307,
          "bbox": [
            0.8706166868198366,
            345.6348246674728,
            182.82950423216445,
            585.9250302297461
          ],
          "category": "car",
          "category ID": 3,
          "trunc": true
        },
        {
          "obj_track_id": 495,
          "bbox": [
            110.5683192261185,
            296.8802902055623,
            411.80169286577996,
            483.1922611850061
          ],
          "category": "car",
          "category ID": 3,
          "trunc": false
        },
        {
          "obj_track_id": 726,
          "bbox": [
            369.1414752116082,
            289.04474002418374,
            515.4050785973399,
            393.5187424425635
          ],
          "category": "car",
          "category ID": 3,
          "trunc": false
        }
      ]
    },
    {
      "frame_id": 87,
      "image_path": "frames/HaC3LrJiTmQ_003639/images/000087.jpg",
      "accident_id": 2,
      "accident_name": "moving_ahead_or_waiting",
      "objects": [
        {
          "obj_track_id": 307,
          "bbox": [
            0.8706166868198366,
            336.0580411124547,
            188.9238210399033,
            585.9250302297461
          ],
          "category": "car",
          "category ID": 3,
          "trunc": true
        },
        {
          "obj_track_id": 495,
          "bbox": [
            123.62756952841598,
            300.3627569528416,
            411.80169286577996,
            483.1922611850061
          ],
          "category": "car",
          "category ID": 3,
          "trunc": false
        },
        {
          "obj_track_id": 726,
          "bbox": [
            369.1414752116082,
            289.04474002418374,
            512.7932285368803,
            397.0012091898428
          ],
          "category": "car",
          "category ID": 3,
          "trunc": false
        }
      ]
    },
    {
      "frame_id": 88,
      "image_path": "frames/HaC3LrJiTmQ_003639/images/000088.jpg",
      "accident_id": 2,
      "accident_name": "moving_ahead_or_waiting",
      "objects": [
        {
          "obj_track_id": 307,
          "bbox": [
            0.8706166868198366,
            322.99879081015723,
            201.1124546553809,
            592.019347037485
          ],
          "category": "car",
          "category ID": 3,
          "trunc": true
        },
        {
          "obj_track_id": 495,
          "bbox": [
            141.9105199516324,
            301.23337363966147,
            418.7666263603386,
            471.8742442563483
          ],
          "category": "car",
          "category ID": 3,
          "trunc": false
        },
        {
          "obj_track_id": 726,
          "bbox": [
            365.6590084643289,
            289.04474002418374,
            512.7932285368803,
            397.0012091898428
          ],
          "category": "car",
          "category ID": 3,
          "trunc": false
        }
      ]
    },
    {
      "frame_id": 89,
      "image_path": "frames/HaC3LrJiTmQ_003639/images/000089.jpg",
      "accident_id": 2,
      "accident_name": "moving_ahead_or_waiting",
      "objects": [
        {
          "obj_track_id": 307,
          "bbox": [
            0.8706166868198366,
            317.77509068923825,
            222.87787182587667,
            604.2079806529625
          ],
          "category": "car",
          "category ID": 3,
          "trunc": true
        },
        {
          "obj_track_id": 495,
          "bbox": [
            167.15840386940752,
            301.23337363966147,
            423.9903264812575,
            464.90931076178964
          ],
          "category": "car",
          "category ID": 3,
          "trunc": false
        },
        {
          "obj_track_id": 726,
          "bbox": [
            362.1765417170496,
            293.39782345828297,
            509.310761789601,
            397.8718258766626
          ],
          "category": "car",
          "category ID": 3,
          "trunc": false
        }
      ]
    },
    {
      "frame_id": 90,
      "image_path": "frames/HaC3LrJiTmQ_003639/images/000090.jpg",
      "accident_id": 2,
      "accident_name": "moving_ahead_or_waiting",
      "objects": [
        {
          "obj_track_id": 307,
          "bbox": [
            0.8706166868198366,
            314.29262394195894,
            242.90205562273277,
            616.3966142684402
          ],
          "category": "car",
          "category ID": 3,
          "trunc": true
        },
        {
          "obj_track_id": 495,
          "bbox": [
            188.9238210399033,
            302.9746070133011,
            430.0846432889964,
            457.07376058041115
          ],
          "category": "car",
          "category ID": 3,
          "trunc": false
        },
        {
          "obj_track_id": 726,
          "bbox": [
            362.1765417170496,
            293.39782345828297,
            508.00483675937124,
            397.8718258766626
          ],
          "category": "car",
          "category ID": 3,
          "trunc": false
        }
      ]
    },
    {
      "frame_id": 91,
      "image_path": "frames/HaC3LrJiTmQ_003639/images/000091.jpg",
      "accident_id": 2,
      "accident_name": "moving_ahead_or_waiting",
      "objects": [
        {
          "obj_track_id": 307,
          "bbox": [
            0.8706166868198366,
            314.29262394195894,
            255.96130592503025,
            619.8790810157195
          ],
          "category": "car",
          "category ID": 3,
          "trunc": true
        },
        {
          "obj_track_id": 495,
          "bbox": [
            202.85368802902056,
            302.9746070133011,
            435.3083434099154,
            450.97944377267237
          ],
          "category": "car",
          "category ID": 3,
          "trunc": false
        },
        {
          "obj_track_id": 726,
          "bbox": [
            362.1765417170496,
            293.39782345828297,
            506.6989117291415,
            397.8718258766626
          ],
          "category": "car",
          "category ID": 3,
          "trunc": false
        }
      ]
    },
    {
      "frame_id": 92,
      "image_path": "frames/HaC3LrJiTmQ_003639/images/000092.jpg",
      "accident_id": 2,
      "accident_name": "moving_ahead_or_waiting",
      "objects": [
        {
          "obj_track_id": 307,
          "bbox": [
            0.8706166868198366,
            314.29262394195894,
            260.3143893591294,
            612.9141475211609
          ],
          "category": "car",
          "category ID": 3,
          "trunc": true
        },
        {
          "obj_track_id": 495,
          "bbox": [
            213.30108827085854,
            307.32769044740024,
            436.17896009673524,
            450.97944377267237
          ],
          "category": "car",
          "category ID": 3,
          "trunc": false
        },
        {
          "obj_track_id": 726,
          "bbox": [
            362.1765417170496,
            296.8802902055623,
            506.6989117291415,
            397.8718258766626
          ],
          "category": "car",
          "category ID": 3,
          "trunc": false
        }
      ]
    },
    {
      "frame_id": 93,
      "image_path": "frames/HaC3LrJiTmQ_003639/images/000093.jpg",
      "accident_id": 2,
      "accident_name": "moving_ahead_or_waiting",
      "objects": [
        {
          "obj_track_id": 307,
          "bbox": [
            0.8706166868198366,
            314.29262394195894,
            268.1499395405079,
            616.3966142684402
          ],
          "category": "car",
          "category ID": 3,
          "trunc": true
        },
        {
          "obj_track_id": 495,
          "bbox": [
            221.136638452237,
            307.32769044740024,
            436.17896009673524,
            445.75574365175333
          ],
          "category": "car",
          "category ID": 3,
          "trunc": false
        },
        {
          "obj_track_id": 726,
          "bbox": [
            362.1765417170496,
            296.8802902055623,
            502.34582829504234,
            397.8718258766626
          ],
          "category": "car",
          "category ID": 3,
          "trunc": false
        }
      ]
    },
    {
      "frame_id": 94,
      "image_path": "frames/HaC3LrJiTmQ_003639/images/000094.jpg",
      "accident_id": 2,
      "accident_name": "moving_ahead_or_waiting",
      "objects": [
        {
          "obj_track_id": 307,
          "bbox": [
            0.8706166868198366,
            314.29262394195894,
            268.1499395405079,
            603.3373639661427
          ],
          "category": "car",
          "category ID": 3,
          "trunc": true
        },
        {
          "obj_track_id": 495,
          "bbox": [
            224.61910519951633,
            308.19830713422004,
            439.66142684401456,
            446.62636033857314
          ],
          "category": "car",
          "category ID": 3,
          "trunc": false
        },
        {
          "obj_track_id": 726,
          "bbox": [
            364.29089652789776,
            296.8802902055623,
            503.0423216444982,
            397.8718258766626
          ],
          "category": "car",
          "category ID": 3,
          "trunc": false
        }
      ]
    },
    {
      "frame_id": 95,
      "image_path": "frames/HaC3LrJiTmQ_003639/images/000095.jpg",
      "accident_id": 2,
      "accident_name": "moving_ahead_or_waiting",
      "objects": [
        {
          "obj_track_id": 307,
          "bbox": [
            0.8706166868198366,
            316.0338573155986,
            266.9891172914148,
            603.3373639661427
          ],
          "category": "car",
          "category ID": 3,
          "trunc": true
        },
        {
          "obj_track_id": 495,
          "bbox": [
            224.61910519951633,
            308.19830713422004,
            439.66142684401456,
            446.62636033857314
          ],
          "category": "car",
          "category ID": 3,
          "trunc": false
        },
        {
          "obj_track_id": 726,
          "bbox": [
            366.4052513387459,
            296.8802902055623,
            503.73881499395407,
            397.8718258766626
          ],
          "category": "car",
          "category ID": 3,
          "trunc": false
        }
      ]
    },
    {
      "frame_id": 96,
      "image_path": "frames/HaC3LrJiTmQ_003639/images/000096.jpg",
      "accident_id": 2,
      "accident_name": "moving_ahead_or_waiting",
      "objects": [
        {
          "obj_track_id": 307,
          "bbox": [
            0.8706166868198366,
            317.77509068923825,
            265.82829504232166,
            603.3373639661427
          ],
          "category": "car",
          "category ID": 3,
          "trunc": true
        },
        {
          "obj_track_id": 495,
          "bbox": [
            224.61910519951633,
            308.19830713422004,
            439.66142684401456,
            446.62636033857314
          ],
          "category": "car",
          "category ID": 3,
          "trunc": false
        },
        {
          "obj_track_id": 726,
          "bbox": [
            368.51960614959404,
            296.8802902055623,
            504.43530834340993,
            397.8718258766626
          ],
          "category": "car",
          "category ID": 3,
          "trunc": false
        }
      ]
    },
    {
      "frame_id": 97,
      "image_path": "frames/HaC3LrJiTmQ_003639/images/000097.jpg",
      "accident_id": 2,
      "accident_name": "moving_ahead_or_waiting",
      "objects": [
        {
          "obj_track_id": 307,
          "bbox": [
            0.8706166868198366,
            317.77509068923825,
            264.66747279322857,
            603.3373639661427
          ],
          "category": "car",
          "category ID": 3,
          "trunc": true
        },
        {
          "obj_track_id": 495,
          "bbox": [
            224.61910519951633,
            308.19830713422004,
            439.66142684401456,
            446.62636033857314
          ],
          "category": "car",
          "category ID": 3,
          "trunc": false
        },
        {
          "obj_track_id": 726,
          "bbox": [
            370.6339609604422,
            296.8802902055623,
            505.1318016928658,
            397.8718258766626
          ],
          "category": "car",
          "category ID": 3,
          "trunc": false
        }
      ]
    },
    {
      "frame_id": 98,
      "image_path": "frames/HaC3LrJiTmQ_003639/images/000098.jpg",
      "accident_id": 2,
      "accident_name": "moving_ahead_or_waiting",
      "objects": [
        {
          "obj_track_id": 307,
          "bbox": [
            0.8706166868198366,
            317.77509068923825,
            264.66747279322857,
            603.3373639661427
          ],
          "category": "car",
          "category ID": 3,
          "trunc": true
        },
        {
          "obj_track_id": 495,
          "bbox": [
            224.61910519951633,
            308.19830713422004,
            439.66142684401456,
            446.62636033857314
          ],
          "category": "car",
          "category ID": 3,
          "trunc": false
        },
        {
          "obj_track_id": 726,
          "bbox": [
            372.7483157712904,
            296.8802902055623,
            505.82829504232166,
            397.8718258766626
          ],
          "category": "car",
          "category ID": 3,
          "trunc": false
        }
      ]
    },
    {
      "frame_id": 99,
      "image_path": "frames/HaC3LrJiTmQ_003639/images/000099.jpg",
      "accident_id": 2,
      "accident_name": "moving_ahead_or_waiting",
      "objects": [
        {
          "obj_track_id": 307,
          "bbox": [
            0.8706166868198366,
            317.77509068923825,
            264.66747279322857,
            603.3373639661427
          ],
          "category": "car",
          "category ID": 3,
          "trunc": true
        },
        {
          "obj_track_id": 495,
          "bbox": [
            224.61910519951633,
            308.19830713422004,
            439.66142684401456,
            446.62636033857314
          ],
          "category": "car",
          "category ID": 3,
          "trunc": false
        },
        {
          "obj_track_id": 726,
          "bbox": [
            374.86267058213855,
            296.8802902055623,
            505.82829504232166,
            397.8718258766626
          ],
          "category": "car",
          "category ID": 3,
          "trunc": false
        }
      ]
    },
    {
      "frame_id": 100,
      "image_path": "frames/HaC3LrJiTmQ_003639/images/000100.jpg",
      "accident_id": 2,
      "accident_name": "moving_ahead_or_waiting",
      "objects": [
        {
          "obj_track_id": 307,
          "bbox": [
            0.8706166868198366,
            317.77509068923825,
            264.66747279322857,
            603.3373639661427
          ],
          "category": "car",
          "category ID": 3,
          "trunc": true
        },
        {
          "obj_track_id": 495,
          "bbox": [
            224.61910519951633,
            308.19830713422004,
            439.66142684401456,
            446.62636033857314
          ],
          "category": "car",
          "category ID": 3,
          "trunc": false
        },
        {
          "obj_track_id": 726,
          "bbox": [
            376.9770253929867,
            296.8802902055623,
            505.82829504232166,
            397.8718258766626
          ],
          "category": "car",
          "category ID": 3,
          "trunc": false
        }
      ]
    },
    {
      "frame_id": 101,
      "image_path": "frames/HaC3LrJiTmQ_003639/images/000101.jpg",
      "accident_id": 2,
      "accident_name": "moving_ahead_or_waiting",
      "objects": [
        {
          "obj_track_id": 307,
          "bbox": [
            0.8706166868198366,
            317.77509068923825,
            264.66747279322857,
            603.3373639661427
          ],
          "category": "car",
          "category ID": 3,
          "trunc": true
        },
        {
          "obj_track_id": 495,
          "bbox": [
            224.61910519951633,
            308.19830713422004,
            439.66142684401456,
            446.62636033857314
          ],
          "category": "car",
          "category ID": 3,
          "trunc": false
        },
        {
          "obj_track_id": 726,
          "bbox": [
            376.9770253929867,
            296.8802902055623,
            505.82829504232166,
            395.25997581620317
          ],
          "category": "car",
          "category ID": 3,
          "trunc": false
        }
      ]
    },
    {
      "frame_id": 102,
      "image_path": "frames/HaC3LrJiTmQ_003639/images/000102.jpg",
      "accident_id": 2,
      "accident_name": "moving_ahead_or_waiting",
      "objects": [
        {
          "obj_track_id": 307,
          "bbox": [
            0.8706166868198366,
            317.77509068923825,
            264.66747279322857,
            603.3373639661427
          ],
          "category": "car",
          "category ID": 3,
          "trunc": true
        },
        {
          "obj_track_id": 495,
          "bbox": [
            224.61910519951633,
            308.19830713422004,
            439.66142684401456,
            446.62636033857314
          ],
          "category": "car",
          "category ID": 3,
          "trunc": false
        },
        {
          "obj_track_id": 726,
          "bbox": [
            385.683192261185,
            296.8802902055623,
            505.82829504232166,
            392.6481257557437
          ],
          "category": "car",
          "category ID": 3,
          "trunc": false
        }
      ]
    },
    {
      "frame_id": 103,
      "image_path": "frames/HaC3LrJiTmQ_003639/images/000103.jpg",
      "accident_id": 2,
      "accident_name": "moving_ahead_or_waiting",
      "objects": [
        {
          "obj_track_id": 307,
          "bbox": [
            0.8706166868198366,
            317.77509068923825,
            264.66747279322857,
            603.3373639661427
          ],
          "category": "car",
          "category ID": 3,
          "trunc": true
        },
        {
          "obj_track_id": 495,
          "bbox": [
            224.61910519951633,
            308.19830713422004,
            439.66142684401456,
            446.62636033857314
          ],
          "category": "car",
          "category ID": 3,
          "trunc": false
        },
        {
          "obj_track_id": 726,
          "bbox": [
            390.0362756952842,
            296.8802902055623,
            505.82829504232166,
            392.6481257557437
          ],
          "category": "car",
          "category ID": 3,
          "trunc": false
        }
      ]
    },
    {
      "frame_id": 104,
      "image_path": "frames/HaC3LrJiTmQ_003639/images/000104.jpg",
      "accident_id": 2,
      "accident_name": "moving_ahead_or_waiting",
      "objects": [
        {
          "obj_track_id": 307,
          "bbox": [
            0.8706166868198366,
            317.77509068923825,
            264.66747279322857,
            603.3373639661427
          ],
          "category": "car",
          "category ID": 3,
          "trunc": true
        },
        {
          "obj_track_id": 495,
          "bbox": [
            224.61910519951633,
            308.19830713422004,
            439.66142684401456,
            446.62636033857314
          ],
          "category": "car",
          "category ID": 3,
          "trunc": false
        },
        {
          "obj_track_id": 726,
          "bbox": [
            390.0362756952842,
            296.8802902055623,
            505.82829504232166,
            388.29504232164453
          ],
          "category": "car",
          "category ID": 3,
          "trunc": false
        }
      ]
    },
    {
      "frame_id": 105,
      "image_path": "frames/HaC3LrJiTmQ_003639/images/000105.jpg",
      "accident_id": 2,
      "accident_name": "moving_ahead_or_waiting",
      "objects": [
        {
          "obj_track_id": 307,
          "bbox": [
            0.8706166868198366,
            317.77509068923825,
            264.66747279322857,
            603.3373639661427
          ],
          "category": "car",
          "category ID": 3,
          "trunc": true
        },
        {
          "obj_track_id": 495,
          "bbox": [
            224.61910519951633,
            308.19830713422004,
            439.66142684401456,
            446.62636033857314
          ],
          "category": "car",
          "category ID": 3,
          "trunc": false
        },
        {
          "obj_track_id": 726,
          "bbox": [
            393.95405078597344,
            296.8802902055623,
            507.5695284159614,
            388.29504232164453
          ],
          "category": "car",
          "category ID": 3,
          "trunc": false
        }
      ]
    },
    {
      "frame_id": 106,
      "image_path": "frames/HaC3LrJiTmQ_003639/images/000106.jpg",
      "accident_id": 2,
      "accident_name": "moving_ahead_or_waiting",
      "objects": [
        {
          "obj_track_id": 307,
          "bbox": [
            0.8706166868198366,
            317.77509068923825,
            264.66747279322857,
            603.3373639661427
          ],
          "category": "car",
          "category ID": 3,
          "trunc": true
        },
        {
          "obj_track_id": 495,
          "bbox": [
            224.61910519951633,
            308.19830713422004,
            439.66142684401456,
            446.62636033857314
          ],
          "category": "car",
          "category ID": 3,
          "trunc": false
        },
        {
          "obj_track_id": 726,
          "bbox": [
            397.8718258766627,
            296.8802902055623,
            509.31076178960103,
            388.29504232164453
          ],
          "category": "car",
          "category ID": 3,
          "trunc": false
        }
      ]
    },
    {
      "frame_id": 107,
      "image_path": "frames/HaC3LrJiTmQ_003639/images/000107.jpg",
      "accident_id": 2,
      "accident_name": "moving_ahead_or_waiting",
      "objects": [
        {
          "obj_track_id": 307,
          "bbox": [
            0.8706166868198366,
            317.77509068923825,
            264.66747279322857,
            603.3373639661427
          ],
          "category": "car",
          "category ID": 3,
          "trunc": true
        },
        {
          "obj_track_id": 726,
          "bbox": [
            397.8718258766627,
            296.8802902055623,
            512.7932285368803,
            385.683192261185
          ],
          "category": "car",
          "category ID": 3,
          "trunc": false
        }
      ]
    },
    {
      "frame_id": 108,
      "image_path": "frames/HaC3LrJiTmQ_003639/images/000108.jpg",
      "accident_id": 2,
      "accident_name": "moving_ahead_or_waiting",
      "objects": [
        {
          "obj_track_id": 307,
          "bbox": [
            0.8706166868198366,
            317.77509068923825,
            264.66747279322857,
            603.3373639661427
          ],
          "category": "car",
          "category ID": 3,
          "trunc": true
        },
        {
          "obj_track_id": 726,
          "bbox": [
            397.8718258766627,
            296.8802902055623,
            512.7932285368803,
            382.2007255139057
          ],
          "category": "car",
          "category ID": 3,
          "trunc": false
        }
      ]
    },
    {
      "frame_id": 109,
      "image_path": "frames/HaC3LrJiTmQ_003639/images/000109.jpg",
      "accident_id": 2,
      "accident_name": "moving_ahead_or_waiting",
      "objects": [
        {
          "obj_track_id": 307,
          "bbox": [
            0.8706166868198366,
            317.77509068923825,
            264.66747279322857,
            603.3373639661427
          ],
          "category": "car",
          "category ID": 3,
          "trunc": true
        },
        {
          "obj_track_id": 726,
          "bbox": [
            403.09552599758166,
            296.8802902055623,
            512.7932285368803,
            382.2007255139057
          ],
          "category": "car",
          "category ID": 3,
          "trunc": false
        }
      ]
    },
    {
      "frame_id": 110,
      "image_path": "frames/HaC3LrJiTmQ_003639/images/000110.jpg",
      "accident_id": 2,
      "accident_name": "moving_ahead_or_waiting",
      "objects": [
        {
          "obj_track_id": 307,
          "bbox": [
            0.8706166868198366,
            317.77509068923825,
            264.66747279322857,
            603.3373639661427
          ],
          "category": "car",
          "category ID": 3,
          "trunc": true
        },
        {
          "obj_track_id": 726,
          "bbox": [
            405.7073760580411,
            296.8802902055623,
            512.7932285368803,
            382.2007255139057
          ],
          "category": "car",
          "category ID": 3,
          "trunc": false
        }
      ]
    },
    {
      "frame_id": 111,
      "image_path": "frames/HaC3LrJiTmQ_003639/images/000111.jpg",
      "accident_id": 2,
      "accident_name": "moving_ahead_or_waiting",
      "objects": [
        {
          "obj_track_id": 726,
          "bbox": [
            405.7073760580411,
            296.8802902055623,
            512.7932285368803,
            381.3301088270859
          ],
          "category": "car",
          "category ID": 3,
          "trunc": false
        }
      ]
    },
    {
      "frame_id": 112,
      "image_path": "frames/HaC3LrJiTmQ_003639/images/000112.jpg",
      "accident_id": 2,
      "accident_name": "moving_ahead_or_waiting",
      "objects": [
        {
          "obj_track_id": 726,
          "bbox": [
            405.8939367766454,
            296.8802902055623,
            512.9176023492831,
            381.3301088270859
          ],
          "category": "car",
          "category ID": 3,
          "trunc": false
        }
      ]
    },
    {
      "frame_id": 113,
      "image_path": "frames/HaC3LrJiTmQ_003639/images/000113.jpg",
      "accident_id": 2,
      "accident_name": "moving_ahead_or_waiting",
      "objects": [
        {
          "obj_track_id": 726,
          "bbox": [
            406.08049749524963,
            296.8802902055623,
            513.041976161686,
            381.3301088270859
          ],
          "category": "car",
          "category ID": 3,
          "trunc": false
        }
      ]
    },
    {
      "frame_id": 114,
      "image_path": "frames/HaC3LrJiTmQ_003639/images/000114.jpg",
      "accident_id": 2,
      "accident_name": "moving_ahead_or_waiting",
      "objects": [
        {
          "obj_track_id": 726,
          "bbox": [
            406.2670582138539,
            296.8802902055623,
            513.1663499740888,
            381.3301088270859
          ],
          "category": "car",
          "category ID": 3,
          "trunc": false
        }
      ]
    },
    {
      "frame_id": 115,
      "image_path": "frames/HaC3LrJiTmQ_003639/images/000115.jpg",
      "accident_id": 2,
      "accident_name": "moving_ahead_or_waiting",
      "objects": [
        {
          "obj_track_id": 726,
          "bbox": [
            406.45361893245814,
            296.8802902055623,
            513.2907237864916,
            381.3301088270859
          ],
          "category": "car",
          "category ID": 3,
          "trunc": false
        }
      ]
    },
    {
      "frame_id": 116,
      "image_path": "frames/HaC3LrJiTmQ_003639/images/000116.jpg",
      "accident_id": 2,
      "accident_name": "moving_ahead_or_waiting",
      "objects": [
        {
          "obj_track_id": 726,
          "bbox": [
            406.6401796510624,
            296.8802902055623,
            513.4150975988945,
            381.3301088270859
          ],
          "category": "car",
          "category ID": 3,
          "trunc": false
        }
      ]
    },
    {
      "frame_id": 117,
      "image_path": "frames/HaC3LrJiTmQ_003639/images/000117.jpg",
      "accident_id": 2,
      "accident_name": "moving_ahead_or_waiting",
      "objects": [
        {
          "obj_track_id": 726,
          "bbox": [
            406.82674036966665,
            296.8802902055623,
            513.5394714112973,
            381.3301088270859
          ],
          "category": "car",
          "category ID": 3,
          "trunc": false
        }
      ]
    },
    {
      "frame_id": 118,
      "image_path": "frames/HaC3LrJiTmQ_003639/images/000118.jpg",
      "accident_id": 2,
      "accident_name": "moving_ahead_or_waiting",
      "objects": [
        {
          "obj_track_id": 726,
          "bbox": [
            407.01330108827085,
            296.8802902055623,
            513.6638452237002,
            381.3301088270859
          ],
          "category": "car",
          "category ID": 3,
          "trunc": false
        }
      ]
    },
    {
      "frame_id": 119,
      "image_path": "frames/HaC3LrJiTmQ_003639/images/000119.jpg",
      "accident_id": 2,
      "accident_name": "moving_ahead_or_waiting",
      "objects": [
        {
          "obj_track_id": 726,
          "bbox": [
            407.1998618068751,
            296.8802902055623,
            513.788219036103,
            381.3301088270859
          ],
          "category": "car",
          "category ID": 3,
          "trunc": false
        }
      ]
    },
    {
      "frame_id": 120,
      "image_path": "frames/HaC3LrJiTmQ_003639/images/000120.jpg",
      "accident_id": 2,
      "accident_name": "moving_ahead_or_waiting",
      "objects": [
        {
          "obj_track_id": 726,
          "bbox": [
            407.38642252547936,
            296.8802902055623,
            513.9125928485058,
            381.3301088270859
          ],
          "category": "car",
          "category ID": 3,
          "trunc": false
        }
      ]
    },
    {
      "frame_id": 121,
      "image_path": "frames/HaC3LrJiTmQ_003639/images/000121.jpg",
      "accident_id": 2,
      "accident_name": "moving_ahead_or_waiting",
      "objects": [
        {
          "obj_track_id": 726,
          "bbox": [
            407.5729832440836,
            296.8802902055623,
            514.0369666609087,
            381.3301088270859
          ],
          "category": "car",
          "category ID": 3,
          "trunc": false
        }
      ]
    },
    {
      "frame_id": 122,
      "image_path": "frames/HaC3LrJiTmQ_003639/images/000122.jpg",
      "accident_id": 2,
      "accident_name": "moving_ahead_or_waiting",
      "objects": [
        {
          "obj_track_id": 726,
          "bbox": [
            407.75954396268787,
            296.8802902055623,
            514.1613404733115,
            381.3301088270859
          ],
          "category": "car",
          "category ID": 3,
          "trunc": false
        }
      ]
    },
    {
      "frame_id": 123,
      "image_path": "frames/HaC3LrJiTmQ_003639/images/000123.jpg",
      "accident_id": 2,
      "accident_name": "moving_ahead_or_waiting",
      "objects": [
        {
          "obj_track_id": 726,
          "bbox": [
            407.9461046812921,
            296.8802902055623,
            514.2857142857143,
            381.3301088270859
          ],
          "category": "car",
          "category ID": 3,
          "trunc": false
        }
      ]
    },
    {
      "frame_id": 124,
      "image_path": "frames/HaC3LrJiTmQ_003639/images/000124.jpg",
      "accident_id": 2,
      "accident_name": "moving_ahead_or_waiting",
      "objects": [
        {
          "obj_track_id": 726,
          "bbox": [
            408.1326653998964,
            296.8802902055623,
            514.4100880981172,
            381.3301088270859
          ],
          "category": "car",
          "category ID": 3,
          "trunc": false
        }
      ]
    },
    {
      "frame_id": 125,
      "image_path": "frames/HaC3LrJiTmQ_003639/images/000125.jpg",
      "accident_id": 2,
      "accident_name": "moving_ahead_or_waiting",
      "objects": [
        {
          "obj_track_id": 726,
          "bbox": [
            408.31922611850064,
            296.8802902055623,
            514.53446191052,
            381.3301088270859
          ],
          "category": "car",
          "category ID": 3,
          "trunc": false
        }
      ]
    },
    {
      "frame_id": 126,
      "image_path": "frames/HaC3LrJiTmQ_003639/images/000126.jpg",
      "accident_id": 2,
      "accident_name": "moving_ahead_or_waiting",
      "objects": [
        {
          "obj_track_id": 726,
          "bbox": [
            408.31922611850064,
            296.8802902055623,
            516.2756952841596,
            377.8476420798066
          ],
          "category": "car",
          "category ID": 3,
          "trunc": false
        }
      ]
    },
    {
      "frame_id": 127,
      "image_path": "frames/HaC3LrJiTmQ_003639/images/000127.jpg",
      "accident_id": 2,
      "accident_name": "moving_ahead_or_waiting",
      "objects": [
        {
          "obj_track_id": 726,
          "bbox": [
            408.31922611850064,
            298.62152357920195,
            516.2756952841596,
            377.8476420798066
          ],
          "category": "car",
          "category ID": 3,
          "trunc": false
        }
      ]
    },
    {
      "frame_id": 128,
      "image_path": "frames/HaC3LrJiTmQ_003639/images/000128.jpg",
      "accident_id": 2,
      "accident_name": "moving_ahead_or_waiting",
      "objects": [
        {
          "obj_track_id": 726,
          "bbox": [
            410.4957678355502,
            298.62152357920195,
            516.2756952841596,
            377.8476420798066
          ],
          "category": "car",
          "category ID": 3,
          "trunc": false
        }
      ]
    },
    {
      "frame_id": 129,
      "image_path": "frames/HaC3LrJiTmQ_003639/images/000129.jpg",
      "accident_id": 2,
      "accident_name": "moving_ahead_or_waiting",
      "objects": [
        {
          "obj_track_id": 726,
          "bbox": [
            412.6723095525998,
            298.62152357920195,
            516.2756952841596,
            377.8476420798066
          ],
          "category": "car",
          "category ID": 3,
          "trunc": false
        }
      ]
    },
    {
      "frame_id": 130,
      "image_path": "frames/HaC3LrJiTmQ_003639/images/000130.jpg",
      "accident_id": 2,
      "accident_name": "moving_ahead_or_waiting",
      "objects": [
        {
          "obj_track_id": 726,
          "bbox": [
            414.1958887545345,
            299.27448609431684,
            517.3639661426844,
            377.8476420798066
          ],
          "category": "car",
          "category ID": 3,
          "trunc": false
        }
      ]
    },
    {
      "frame_id": 131,
      "image_path": "frames/HaC3LrJiTmQ_003639/images/000131.jpg",
      "accident_id": 2,
      "accident_name": "moving_ahead_or_waiting",
      "objects": [
        {
          "obj_track_id": 726,
          "bbox": [
            415.7194679564692,
            299.92744860943174,
            518.4522370012091,
            377.84764207980663
          ],
          "category": "car",
          "category ID": 3,
          "trunc": false
        }
      ]
    },
    {
      "frame_id": 132,
      "image_path": "frames/HaC3LrJiTmQ_003639/images/000132.jpg",
      "accident_id": 2,
      "accident_name": "moving_ahead_or_waiting",
      "objects": [
        {
          "obj_track_id": 726,
          "bbox": [
            417.2430471584039,
            300.5804111245466,
            519.540507859734,
            377.8476420798066
          ],
          "category": "car",
          "category ID": 3,
          "trunc": false
        }
      ]
    },
    {
      "frame_id": 133,
      "image_path": "frames/HaC3LrJiTmQ_003639/images/000133.jpg",
      "accident_id": 2,
      "accident_name": "moving_ahead_or_waiting",
      "objects": [
        {
          "obj_track_id": 726,
          "bbox": [
            418.7666263603386,
            301.23337363966147,
            520.6287787182588,
            377.8476420798066
          ],
          "category": "car",
          "category ID": 3,
          "trunc": false
        }
      ]
    },
    {
      "frame_id": 134,
      "image_path": "frames/HaC3LrJiTmQ_003639/images/000134.jpg",
      "accident_id": 2,
      "accident_name": "moving_ahead_or_waiting",
      "objects": [
        {
          "obj_track_id": 726,
          "bbox": [
            418.7666263603386,
            301.23337363966147,
            520.6287787182588,
            377.8476420798066
          ],
          "category": "car",
          "category ID": 3,
          "trunc": false
        }
      ]
    },
    {
      "frame_id": 135,
      "image_path": "frames/HaC3LrJiTmQ_003639/images/000135.jpg",
      "accident_id": 2,
      "accident_name": "moving_ahead_or_waiting",
      "objects": [
        {
          "obj_track_id": 726,
          "bbox": [
            418.7666263603386,
            301.23337363966147,
            520.6287787182588,
            377.8476420798066
          ],
          "category": "car",
          "category ID": 3,
          "trunc": false
        }
      ]
    },
    {
      "frame_id": 136,
      "image_path": "frames/HaC3LrJiTmQ_003639/images/000136.jpg",
      "accident_id": 2,
      "accident_name": "moving_ahead_or_waiting",
      "objects": [
        {
          "obj_track_id": 726,
          "bbox": [
            420.9431680773882,
            301.23337363966147,
            520.6287787182588,
            377.41233373639665
          ],
          "category": "car",
          "category ID": 3,
          "trunc": false
        }
      ]
    },
    {
      "frame_id": 137,
      "image_path": "frames/HaC3LrJiTmQ_003639/images/000137.jpg",
      "accident_id": 2,
      "accident_name": "moving_ahead_or_waiting",
      "objects": [
        {
          "obj_track_id": 726,
          "bbox": [
            423.11970979443777,
            301.23337363966147,
            520.6287787182588,
            376.9770253929867
          ],
          "category": "car",
          "category ID": 3,
          "trunc": false
        }
      ]
    },
    {
      "frame_id": 138,
      "image_path": "frames/HaC3LrJiTmQ_003639/images/000138.jpg",
      "accident_id": 0,
      "accident_name": "normal",
      "objects": []
    }
  ]
}