{
  "video_name": "HeK6zbf8I9Y_001702",
  "channel": "AnAn",
  "num_frames": 79,
  "ignore": false,
  "ego_involve": true,
  "night": false,
  "anomaly_start": 24,
  "anomaly_end": 44,
  "video_start": 1702,
  "video_end": 1780,
  "accident_id": "5",
  "accident_name": "turning",
  "labels": [
    {
      "frame_id": 0,
      "image_path": "frames/HeK6zbf8I9Y_001702/images/000000.jpg",
      "accident_id": 0,
      "accident_name": "normal",
      "objects": []
    },
    {
      "frame_id": 1,
      "image_path": "frames/HeK6zbf8I9Y_001702/images/000001.jpg",
      "accident_id": 0,
      "accident_name": "normal",
      "objects": []
    },
    {
      "frame_id": 2,
      "image_path": "frames/HeK6zbf8I9Y_001702/images/000002.jpg",
      "accident_id": 0,
      "accident_name": "normal",
      "objects": []
    },
    {
      "frame_id": 3,
      "image_path": "frames/HeK6zbf8I9Y_001702/images/000003.jpg",
      "accident_id": 0,
      "accident_name": "normal",
      "objects": []
    },
    {
      "frame_id": 4,
      "image_path": "frames/HeK6zbf8I9Y_001702/images/000004.jpg",
      "accident_id": 0,
      "accident_name": "normal",
      "objects": []
    },
    {
      "frame_id": 5,
      "image_path": "frames/HeK6zbf8I9Y_001702/images/000005.jpg",
      "accident_id": 0,
      "accident_name": "normal",
      "objects": []
    },
    {
      "frame_id": 6,
      "image_path": "frames/HeK6zbf8I9Y_001702/images/000006.jpg",
      "accident_id": 0,
      "accident_name": "normal",
      "objects": []
    },
    {
      "frame_id": 7,
      "image_path": "frames/HeK6zbf8I9Y_001702/images/000007.jpg",
      "accident_id": 0,
      "accident_name": "normal",
      "objects": []
    },
    {
      "frame_id": 8,
      "image_path": "frames/HeK6zbf8I9Y_001702/images/000008.jpg",
      "accident_id": 0,
      "accident_name": "normal",
      "objects": []
    },
    {
      "frame_id": 9,
      "image_path": "frames/HeK6zbf8I9Y_001702/images/000009.jpg",
      "accident_id": 0,
      "accident_name": "normal",
      "objects": []
    },
    {
      "frame_id": 10,
      "image_path": "frames/HeK6zbf8I9Y_001702/images/000010.jpg",
      "accident_id": 0,
      "accident_name": "normal",
      "objects": []
    },
    {
      "frame_id": 11,
      "image_path": "frames/HeK6zbf8I9Y_001702/images/000011.jpg",
      "accident_id": 0,
      "accident_name": "normal",
      "objects": []
    },
    {
      "frame_id": 12,
      "image_path": "frames/HeK6zbf8I9Y_001702/images/000012.jpg",
      "accident_id": 0,
      "accident_name": "normal",
      "objects": []
    },
    {
      "frame_id": 13,
      "image_path": "frames/HeK6zbf8I9Y_001702/images/000013.jpg",
      "accident_id": 0,
      "accident_name": "normal",
      "objects": []
    },
    {
      "frame_id": 14,
      "image_path": "frames/HeK6zbf8I9Y_001702/images/000014.jpg",
      "accident_id": 0,
      "accident_name": "normal",
      "objects": []
    },
    {
      "frame_id": 15,
      "image_path": "frames/HeK6zbf8I9Y_001702/images/000015.jpg",
      "accident_id": 0,
      "accident_name": "normal",
      "objects": []
    },
    {
      "frame_id": 16,
      "image_path": "frames/HeK6zbf8I9Y_001702/images/000016.jpg",
      "accident_id": 0,
      "accident_name": "normal",
      "objects": []
    },
    {
      "frame_id": 17,
      "image_path": "frames/HeK6zbf8I9Y_001702/images/000017.jpg",
      "accident_id": 0,
      "accident_name": "normal",
      "objects": []
    },
    {
      "frame_id": 18,
      "image_path": "frames/HeK6zbf8I9Y_001702/images/000018.jpg",
      "accident_id": 0,
      "accident_name": "normal",
      "objects": []
    },
    {
      "frame_id": 19,
      "image_path": "frames/HeK6zbf8I9Y_001702/images/000019.jpg",
      "accident_id": 0,
      "accident_name": "normal",
      "objects": []
    },
    {
      "frame_id": 20,
      "image_path": "frames/HeK6zbf8I9Y_001702/images/000020.jpg",
      "accident_id": 0,
      "accident_name": "normal",
      "objects": []
    },
    {
      "frame_id": 21,
      "image_path": "frames/HeK6zbf8I9Y_001702/images/000021.jpg",
      "accident_id": 0,
      "accident_name": "normal",
      "objects": []
    },
    {
      "frame_id": 22,
      "image_path": "frames/HeK6zbf8I9Y_001702/images/000022.jpg",
      "accident_id": 0,
      "accident_name": "normal",
      "objects": []
    },
    {
      "frame_id": 23,
      "image_path": "frames/HeK6zbf8I9Y_001702/images/000023.jpg",
      "accident_id": 0,
      "accident_name": "normal",
      "objects": []
    },
    {
      "frame_id": 24,
      "image_path": "frames/HeK6zbf8I9Y_001702/images/000024.jpg",
      "accident_id": 5,
      "accident_name": "turning",
      "objects": [
        {
          "obj_track_id": 257,
          "bbox": [
            858.2178217821782,
            327.92079207920796,
            944.5544554455446,
            393.66336633663366
          ],
          "category": "motor",
          "category ID": 7,
          "trunc": false
        },
        {
          "obj_track_id": 56,
          "bbox": [
            883.5643564356436,
            318.41584158415844,
            922.3762376237624,
            381.7821782178218
          ],
          "category": "rider",
          "category ID": 2,
          "trunc": false
        }
      ]
    },
    {
      "frame_id": 25,
      "image_path": "frames/HeK6zbf8I9Y_001702/images/000025.jpg",
      "accident_id": 5,
      "accident_name": "turning",
      "objects": [
        {
          "obj_track_id": 257,
          "bbox": [
            846.6331658291457,
            332.2613065326633,
            939.8019801980198,
            385.3266331658291
          ],
          "category": "motor",
          "category ID": 7,
          "trunc": false
        },
        {
          "obj_track_id": 56,
          "bbox": [
            869.5477386934673,
            300.30150753768845,
            914.1708542713567,
            374.4723618090452
          ],
          "category": "rider",
          "category ID": 2,
          "trunc": false
        }
      ]
    },
    {
      "frame_id": 26,
      "image_path": "frames/HeK6zbf8I9Y_001702/images/000026.jpg",
      "accident_id": 5,
      "accident_name": "turning",
      "objects": [
        {
          "obj_track_id": 257,
          "bbox": [
            831.5577889447236,
            329.2462311557789,
            938.894472361809,
            394.97487437185924
          ],
          "category": "motor",
          "category ID": 7,
          "trunc": false
        },
        {
          "obj_track_id": 56,
          "bbox": [
            864.7236180904522,
            298.49246231155774,
            909.9497487437185,
            381.10552763819095
          ],
          "category": "rider",
          "category ID": 2,
          "trunc": false
        }
      ]
    },
    {
      "frame_id": 27,
      "image_path": "frames/HeK6zbf8I9Y_001702/images/000027.jpg",
      "accident_id": 5,
      "accident_name": "turning",
      "objects": [
        {
          "obj_track_id": 257,
          "bbox": [
            811.0552763819095,
            320.8040201005025,
            934.0703517587939,
            411.25628140703515
          ],
          "category": "motor",
          "category ID": 7,
          "trunc": false
        },
        {
          "obj_track_id": 56,
          "bbox": [
            842.4120603015075,
            297.286432160804,
            900.3015075376884,
            397.6814766903826
          ],
          "category": "rider",
          "category ID": 2,
          "trunc": false
        }
      ]
    },
    {
      "frame_id": 28,
      "image_path": "frames/HeK6zbf8I9Y_001702/images/000028.jpg",
      "accident_id": 5,
      "accident_name": "turning",
      "objects": [
        {
          "obj_track_id": 257,
          "bbox": [
            782.970297029703,
            338.21782178217825,
            925.5445544554456,
            430.0990099009901
          ],
          "category": "motor",
          "category ID": 7,
          "trunc": false
        },
        {
          "obj_track_id": 56,
          "bbox": [
            820.1980198019802,
            303.36633663366337,
            887.5247524752475,
            414.2574257425743
          ],
          "category": "rider",
          "category ID": 2,
          "trunc": false
        }
      ]
    },
    {
      "frame_id": 29,
      "image_path": "frames/HeK6zbf8I9Y_001702/images/000029.jpg",
      "accident_id": 5,
      "accident_name": "turning",
      "objects": [
        {
          "obj_track_id": 257,
          "bbox": [
            744.1206030150753,
            328.643216080402,
            912.8712871287129,
            450.6930693069307
          ],
          "category": "motor",
          "category ID": 7,
          "trunc": false
        },
        {
          "obj_track_id": 56,
          "bbox": [
            792.964824120603,
            300.30150753768845,
            868.3417085427135,
            432.4752475247525
          ],
          "category": "rider",
          "category ID": 2,
          "trunc": false
        }
      ]
    },
    {
      "frame_id": 30,
      "image_path": "frames/HeK6zbf8I9Y_001702/images/000030.jpg",
      "accident_id": 5,
      "accident_name": "turning",
      "objects": [
        {
          "obj_track_id": 257,
          "bbox": [
            693.4653465346535,
            327.92079207920796,
            900.1980198019802,
            471.2871287128713
          ],
          "category": "motor",
          "category ID": 7,
          "trunc": false
        },
        {
          "obj_track_id": 56,
          "bbox": [
            755.2475247524753,
            290.6930693069307,
            842.3762376237624,
            450.6930693069307
          ],
          "category": "rider",
          "category ID": 2,
          "trunc": false
        }
      ]
    },
    {
      "frame_id": 31,
      "image_path": "frames/HeK6zbf8I9Y_001702/images/000031.jpg",
      "accident_id": 5,
      "accident_name": "turning",
      "objects": [
        {
          "obj_track_id": 257,
          "bbox": [
            612.6633165829145,
            316.5829145728643,
            877.3869346733668,
            499.89949748743715
          ],
          "category": "motor",
          "category ID": 7,
          "trunc": false
        },
        {
          "obj_track_id": 56,
          "bbox": [
            669.7029702970298,
            268.5148514851485,
            806.7326732673267,
            474.4554455445545
          ],
          "category": "rider",
          "category ID": 2,
          "trunc": false
        }
      ]
    },
    {
      "frame_id": 32,
      "image_path": "frames/HeK6zbf8I9Y_001702/images/000032.jpg",
      "accident_id": 5,
      "accident_name": "turning",
      "objects": [
        {
          "obj_track_id": 257,
          "bbox": [
            494.6534653465347,
            302.5742574257426,
            845.5445544554456,
            534.6534653465346
          ],
          "category": "motor",
          "category ID": 7,
          "trunc": true
        },
        {
          "obj_track_id": 56,
          "bbox": [
            584.1584158415842,
            246.33663366336634,
            749.7029702970298,
            509.3069306930693
          ],
          "category": "rider",
          "category ID": 2,
          "trunc": false
        }
      ]
    },
    {
      "frame_id": 33,
      "image_path": "frames/HeK6zbf8I9Y_001702/images/000033.jpg",
      "accident_id": 5,
      "accident_name": "turning",
      "objects": [
        {
          "obj_track_id": 257,
          "bbox": [
            333.86138613861385,
            345.34653465346537,
            784.5544554455446,
            526.7326732673267
          ],
          "category": "motor",
          "category ID": 7,
          "trunc": true
        },
        {
          "obj_track_id": 56,
          "bbox": [
            404.3564356435644,
            218.6138613861386,
            649.90099009901,
            528.3168316831683
          ],
          "category": "rider",
          "category ID": 2,
          "trunc": true
        }
      ]
    },
    {
      "frame_id": 34,
      "image_path": "frames/HeK6zbf8I9Y_001702/images/000034.jpg",
      "accident_id": 5,
      "accident_name": "turning",
      "objects": [
        {
          "obj_track_id": 257,
          "bbox": [
            151.68316831683168,
            377.029702970297,
            674.4554455445543,
            530.6930693069307
          ],
          "category": "motor",
          "category ID": 7,
          "trunc": true
        },
        {
          "obj_track_id": 56,
          "bbox": [
            203.96039603960398,
            194.05940594059408,
            455.0495049504951,
            528.3168316831683
          ],
          "category": "rider",
          "category ID": 2,
          "trunc": true
        }
      ]
    },
    {
      "frame_id": 35,
      "image_path": "frames/HeK6zbf8I9Y_001702/images/000035.jpg",
      "accident_id": 5,
      "accident_name": "turning",
      "objects": [
        {
          "obj_track_id": 257,
          "bbox": [
            342.5742574257426,
            425.34653465346537,
            535.049504950495,
            527.5247524752475
          ],
          "category": "motor",
          "category ID": 7,
          "trunc": true
        },
        {
          "obj_track_id": 56,
          "bbox": [
            0,
            115.64356435643565,
            171.25628140703517,
            543.3165829145728
          ],
          "category": "rider",
          "category ID": 2,
          "trunc": true
        }
      ]
    },
    {
      "frame_id": 36,
      "image_path": "frames/HeK6zbf8I9Y_001702/images/000036.jpg",
      "accident_id": 5,
      "accident_name": "turning",
      "objects": [
        {
          "obj_track_id": 257,
          "bbox": [
            343.1155778894472,
            404.6231155778894,
            432.3618090452261,
            525.8291457286432
          ],
          "category": "motor",
          "category ID": 7,
          "trunc": true
        },
        {
          "obj_track_id": 56,
          "bbox": [
            0,
            416.6834170854271,
            47.63819095477387,
            544.5226130653266
          ],
          "category": "rider",
          "category ID": 2,
          "trunc": true
        }
      ]
    },
    {
      "frame_id": 37,
      "image_path": "frames/HeK6zbf8I9Y_001702/images/000037.jpg",
      "accident_id": 5,
      "accident_name": "turning",
      "objects": []
    },
    {
      "frame_id": 38,
      "image_path": "frames/HeK6zbf8I9Y_001702/images/000038.jpg",
      "accident_id": 5,
      "accident_name": "turning",
      "objects": []
    },
    {
      "frame_id": 39,
      "image_path": "frames/HeK6zbf8I9Y_001702/images/000039.jpg",
      "accident_id": 5,
      "accident_name": "turning",
      "objects": [
        {
          "obj_track_id": 257,
          "bbox": [
            0,
            492.66331658291455,
            31.95979899497487,
            543.9195979899497
          ],
          "category": "motor",
          "category ID": 7,
          "trunc": true
        }
      ]
    },
    {
      "frame_id": 40,
      "image_path": "frames/HeK6zbf8I9Y_001702/images/000040.jpg",
      "accident_id": 5,
      "accident_name": "turning",
      "objects": [
        {
          "obj_track_id": 257,
          "bbox": [
            0,
            496.88442211055275,
            65.7286432160804,
            543.9195979899497
          ],
          "category": "motor",
          "category ID": 7,
          "trunc": true
        }
      ]
    },
    {
      "frame_id": 41,
      "image_path": "frames/HeK6zbf8I9Y_001702/images/000041.jpg",
      "accident_id": 5,
      "accident_name": "turning",
      "objects": [
        {
          "obj_track_id": 257,
          "bbox": [
            0,
            501.10552763819095,
            119.39698492462311,
            543.9195979899497
          ],
          "category": "motor",
          "category ID": 7,
          "trunc": true
        }
      ]
    },
    {
      "frame_id": 42,
      "image_path": "frames/HeK6zbf8I9Y_001702/images/000042.jpg",
      "accident_id": 5,
      "accident_name": "turning",
      "objects": [
        {
          "obj_track_id": 257,
          "bbox": [
            0,
            457.08542713567834,
            132.66331658291458,
            543.9195979899497
          ],
          "category": "motor",
          "category ID": 7,
          "trunc": true
        }
      ]
    },
    {
      "frame_id": 43,
      "image_path": "frames/HeK6zbf8I9Y_001702/images/000043.jpg",
      "accident_id": 5,
      "accident_name": "turning",
      "objects": [
        {
          "obj_track_id": 257,
          "bbox": [
            0,
            413.0653266331658,
            118.79396984924622,
            543.9195979899497
          ],
          "category": "motor",
          "category ID": 7,
          "trunc": true
        }
      ]
    },
    {
      "frame_id": 44,
      "image_path": "frames/HeK6zbf8I9Y_001702/images/000044.jpg",
      "accident_id": 0,
      "accident_name": "normal",
      "objects": []
    },
    {
      "frame_id": 45,
      "image_path": "frames/HeK6zbf8I9Y_001702/images/000045.jpg",
      "accident_id": 0,
      "accident_name": "normal",
      "objects": []
    },
    {
      "frame_id": 46,
      "image_path": "frames/HeK6zbf8I9Y_001702/images/000046.jpg",
      "accident_id": 0,
      "accident_name": "normal",
      "objects": []
    },
    {
      "frame_id": 47,
      "image_path": "frames/HeK6zbf8I9Y_001702/images/000047.jpg",
      "accident_id": 0,
      "accident_name": "normal",
      "objects": []
    },
    {
      "frame_id": 48,
      "image_path": "frames/HeK6zbf8I9Y_001702/images/000048.jpg",
      "accident_id": 0,
      "accident_name": "normal",
      "objects": []
    },
    {
      "frame_id": 49,
      "image_path": "frames/HeK6zbf8I9Y_001702/images/000049.jpg",
      "accident_id": 0,
      "accident_name": "normal",
      "objects": []
    },
    {
      "frame_id": 50,
      "image_path": "frames/HeK6zbf8I9Y_001702/images/000050.jpg",
      "accident_id": 0,
      "accident_name": "normal",
      "objects": []
    },
    {
      "frame_id": 51,
      "image_path": "frames/HeK6zbf8I9Y_001702/images/000051.jpg",
      "accident_id": 0,
      "accident_name": "normal",
      "objects": []
    },
    {
      "frame_id": 52,
      "image_path": "frames/HeK6zbf8I9Y_001702/images/000052.jpg",
      "accident_id": 0,
      "accident_name": "normal",
      "objects": []
    },
    {
      "frame_id": 53,
      "image_path": "frames/HeK6zbf8I9Y_001702/images/000053.jpg",
      "accident_id": 0,
      "accident_name": "normal",
      "objects": []
    },
    {
      "frame_id": 54,
      "image_path": "frames/HeK6zbf8I9Y_001702/images/000054.jpg",
      "accident_id": 0,
      "accident_name": "normal",
      "objects": []
    },
    {
      "frame_id": 55,
      "image_path": "frames/HeK6zbf8I9Y_001702/images/000055.jpg",
      "accident_id": 0,
      "accident_name": "normal",
      "objects": []
    },
    {
      "frame_id": 56,
      "image_path": "frames/HeK6zbf8I9Y_001702/images/000056.jpg",
      "accident_id": 0,
      "accident_name": "normal",
      "objects": []
    },
    {
      "frame_id": 57,
      "image_path": "frames/HeK6zbf8I9Y_001702/images/000057.jpg",
      "accident_id": 0,
      "accident_name": "normal",
      "objects": []
    },
    {
      "frame_id": 58,
      "image_path": "frames/HeK6zbf8I9Y_001702/images/000058.jpg",
      "accident_id": 0,
      "accident_name": "normal",
      "objects": []
    },
    {
      "frame_id": 59,
      "image_path": "frames/HeK6zbf8I9Y_001702/images/000059.jpg",
      "accident_id": 0,
      "accident_name": "normal",
      "objects": []
    },
    {
      "frame_id": 60,
      "image_path": "frames/HeK6zbf8I9Y_001702/images/000060.jpg",
      "accident_id": 0,
      "accident_name": "normal",
      "objects": []
    },
    {
      "frame_id": 61,
      "image_path": "frames/HeK6zbf8I9Y_001702/images/000061.jpg",
      "accident_id": 0,
      "accident_name": "normal",
      "objects": []
    },
    {
      "frame_id": 62,
      "image_path": "frames/HeK6zbf8I9Y_001702/images/000062.jpg",
      "accident_id": 0,
      "accident_name": "normal",
      "objects": []
    },
    {
      "frame_id": 63,
      "image_path": "frames/HeK6zbf8I9Y_001702/images/000063.jpg",
      "accident_id": 0,
      "accident_name": "normal",
      "objects": []
    },
    {
      "frame_id": 64,
      "image_path": "frames/HeK6zbf8I9Y_001702/images/000064.jpg",
      "accident_id": 0,
      "accident_name": "normal",
      "objects": []
    },
    {
      "frame_id": 65,
      "image_path": "frames/HeK6zbf8I9Y_001702/images/000065.jpg",
      "accident_id": 0,
      "accident_name": "normal",
      "objects": []
    },
    {
      "frame_id": 66,
      "image_path": "frames/HeK6zbf8I9Y_001702/images/000066.jpg",
      "accident_id": 0,
      "accident_name": "normal",
      "objects": []
    },
    {
      "frame_id": 67,
      "image_path": "frames/HeK6zbf8I9Y_001702/images/000067.jpg",
      "accident_id": 0,
      "accident_name": "normal",
      "objects": []
    },
    {
      "frame_id": 68,
      "image_path": "frames/HeK6zbf8I9Y_001702/images/000068.jpg",
      "accident_id": 0,
      "accident_name": "normal",
      "objects": []
    },
    {
      "frame_id": 69,
      "image_path": "frames/HeK6zbf8I9Y_001702/images/000069.jpg",
      "accident_id": 0,
      "accident_name": "normal",
      "objects": []
    },
    {
      "frame_id": 70,
      "image_path": "frames/HeK6zbf8I9Y_001702/images/000070.jpg",
      "accident_id": 0,
      "accident_name": "normal",
      "objects": []
    },
    {
      "frame_id": 71,
      "image_path": "frames/HeK6zbf8I9Y_001702/images/000071.jpg",
      "accident_id": 0,
      "accident_name": "normal",
      "objects": []
    },
    {
      "frame_id": 72,
      "image_path": "frames/HeK6zbf8I9Y_001702/images/000072.jpg",
      "accident_id": 0,
      "accident_name": "normal",
      "objects": []
    },
    {
      "frame_id": 73,
      "image_path": "frames/HeK6zbf8I9Y_001702/images/000073.jpg",
      "accident_id": 0,
      "accident_name": "normal",
      "objects": []
    },
    {
      "frame_id": 74,
      "image_path": "frames/HeK6zbf8I9Y_001702/images/000074.jpg",
      "accident_id": 0,
      "accident_name": "normal",
      "objects": []
    },
    {
      "frame_id": 75,
      "image_path": "frames/HeK6zbf8I9Y_001702/images/000075.jpg",
      "accident_id": 0,
      "accident_name": "normal",
      "objects": []
    },
    {
      "frame_id": 76,
      "image_path": "frames/HeK6zbf8I9Y_001702/images/000076.jpg",
      "accident_id": 0,
      "accident_name": "normal",
      "objects": []
    },
    {
      "frame_id": 77,
      "image_path": "frames/HeK6zbf8I9Y_001702/images/000077.jpg",
      "accident_id": 0,
      "accident_name": "normal",
      "objects": []
    },
    {
      "frame_id": 78,
      "image_path": "frames/HeK6zbf8I9Y_001702/images/000078.jpg",
      "accident_id": 0,
      "accident_name": "normal",
      "objects": []
    }
  ]
}