{
  "video_name": "IQwS7BEjUxM_001295",
  "channel": "CarCrashesTime",
  "num_frames": 48,
  "ignore": false,
  "ego_involve": true,
  "night": false,
  "anomaly_start": 40,
  "anomaly_end": 48,
  "video_start": 1295,
  "video_end": 1342,
  "accident_id": "4",
  "accident_name": "oncoming",
  "labels": [
    {
      "frame_id": 0,
      "image_path": "frames/IQwS7BEjUxM_001295/images/000000.jpg",
      "accident_id": 0,
      "accident_name": "normal",
      "objects": []
    },
    {
      "frame_id": 1,
      "image_path": "frames/IQwS7BEjUxM_001295/images/000001.jpg",
      "accident_id": 0,
      "accident_name": "normal",
      "objects": []
    },
    {
      "frame_id": 2,
      "image_path": "frames/IQwS7BEjUxM_001295/images/000002.jpg",
      "accident_id": 0,
      "accident_name": "normal",
      "objects": []
    },
    {
      "frame_id": 3,
      "image_path": "frames/IQwS7BEjUxM_001295/images/000003.jpg",
      "accident_id": 0,
      "accident_name": "normal",
      "objects": []
    },
    {
      "frame_id": 4,
      "image_path": "frames/IQwS7BEjUxM_001295/images/000004.jpg",
      "accident_id": 0,
      "accident_name": "normal",
      "objects": []
    },
    {
      "frame_id": 5,
      "image_path": "frames/IQwS7BEjUxM_001295/images/000005.jpg",
      "accident_id": 0,
      "accident_name": "normal",
      "objects": []
    },
    {
      "frame_id": 6,
      "image_path": "frames/IQwS7BEjUxM_001295/images/000006.jpg",
      "accident_id": 0,
      "accident_name": "normal",
      "objects": []
    },
    {
      "frame_id": 7,
      "image_path": "frames/IQwS7BEjUxM_001295/images/000007.jpg",
      "accident_id": 0,
      "accident_name": "normal",
      "objects": []
    },
    {
      "frame_id": 8,
      "image_path": "frames/IQwS7BEjUxM_001295/images/000008.jpg",
      "accident_id": 0,
      "accident_name": "normal",
      "objects": []
    },
    {
      "frame_id": 9,
      "image_path": "frames/IQwS7BEjUxM_001295/images/000009.jpg",
      "accident_id": 0,
      "accident_name": "normal",
      "objects": []
    },
    {
      "frame_id": 10,
      "image_path": "frames/IQwS7BEjUxM_001295/images/000010.jpg",
      "accident_id": 0,
      "accident_name": "normal",
      "objects": []
    },
    {
      "frame_id": 11,
      "image_path": "frames/IQwS7BEjUxM_001295/images/000011.jpg",
      "accident_id": 0,
      "accident_name": "normal",
      "objects": []
    },
    {
      "frame_id": 12,
      "image_path": "frames/IQwS7BEjUxM_001295/images/000012.jpg",
      "accident_id": 0,
      "accident_name": "normal",
      "objects": []
    },
    {
      "frame_id": 13,
      "image_path": "frames/IQwS7BEjUxM_001295/images/000013.jpg",
      "accident_id": 0,
      "accident_name": "normal",
      "objects": []
    },
    {
      "frame_id": 14,
      "image_path": "frames/IQwS7BEjUxM_001295/images/000014.jpg",
      "accident_id": 0,
      "accident_name": "normal",
      "objects": []
    },
    {
      "frame_id": 15,
      "image_path": "frames/IQwS7BEjUxM_001295/images/000015.jpg",
      "accident_id": 0,
      "accident_name": "normal",
      "objects": []
    },
    {
      "frame_id": 16,
      "image_path": "frames/IQwS7BEjUxM_001295/images/000016.jpg",
      "accident_id": 0,
      "accident_name": "normal",
      "objects": []
    },
    {
      "frame_id": 17,
      "image_path": "frames/IQwS7BEjUxM_001295/images/000017.jpg",
      "accident_id": 0,
      "accident_name": "normal",
      "objects": []
    },
    {
      "frame_id": 18,
      "image_path": "frames/IQwS7BEjUxM_001295/images/000018.jpg",
      "accident_id": 0,
      "accident_name": "normal",
      "objects": []
    },
    {
      "frame_id": 19,
      "image_path": "frames/IQwS7BEjUxM_001295/images/000019.jpg",
      "accident_id": 0,
      "accident_name": "normal",
      "objects": []
    },
    {
      "frame_id": 20,
      "image_path": "frames/IQwS7BEjUxM_001295/images/000020.jpg",
      "accident_id": 0,
      "accident_name": "normal",
      "objects": []
    },
    {
      "frame_id": 21,
      "image_path": "frames/IQwS7BEjUxM_001295/images/000021.jpg",
      "accident_id": 0,
      "accident_name": "normal",
      "objects": []
    },
    {
      "frame_id": 22,
      "image_path": "frames/IQwS7BEjUxM_001295/images/000022.jpg",
      "accident_id": 0,
      "accident_name": "normal",
      "objects": []
    },
    {
      "frame_id": 23,
      "image_path": "frames/IQwS7BEjUxM_001295/images/000023.jpg",
      "accident_id": 0,
      "accident_name": "normal",
      "objects": []
    },
    {
      "frame_id": 24,
      "image_path": "frames/IQwS7BEjUxM_001295/images/000024.jpg",
      "accident_id": 0,
      "accident_name": "normal",
      "objects": []
    },
    {
      "frame_id": 25,
      "image_path": "frames/IQwS7BEjUxM_001295/images/000025.jpg",
      "accident_id": 0,
      "accident_name": "normal",
      "objects": []
    },
    {
      "frame_id": 26,
      "image_path": "frames/IQwS7BEjUxM_001295/images/000026.jpg",
      "accident_id": 0,
      "accident_name": "normal",
      "objects": []
    },
    {
      "frame_id": 27,
      "image_path": "frames/IQwS7BEjUxM_001295/images/000027.jpg",
      "accident_id": 0,
      "accident_name": "normal",
      "objects": []
    },
    {
      "frame_id": 28,
      "image_path": "frames/IQwS7BEjUxM_001295/images/000028.jpg",
      "accident_id": 0,
      "accident_name": "normal",
      "objects": []
    },
    {
      "frame_id": 29,
      "image_path": "frames/IQwS7BEjUxM_001295/images/000029.jpg",
      "accident_id": 0,
      "accident_name": "normal",
      "objects": []
    },
    {
      "frame_id": 30,
      "image_path": "frames/IQwS7BEjUxM_001295/images/000030.jpg",
      "accident_id": 0,
      "accident_name": "normal",
      "objects": []
    },
    {
      "frame_id": 31,
      "image_path": "frames/IQwS7BEjUxM_001295/images/000031.jpg",
      "accident_id": 0,
      "accident_name": "normal",
      "objects": []
    },
    {
      "frame_id": 32,
      "image_path": "frames/IQwS7BEjUxM_001295/images/000032.jpg",
      "accident_id": 0,
      "accident_name": "normal",
      "objects": []
    },
    {
      "frame_id": 33,
      "image_path": "frames/IQwS7BEjUxM_001295/images/000033.jpg",
      "accident_id": 0,
      "accident_name": "normal",
      "objects": []
    },
    {
      "frame_id": 34,
      "image_path": "frames/IQwS7BEjUxM_001295/images/000034.jpg",
      "accident_id": 0,
      "accident_name": "normal",
      "objects": []
    },
    {
      "frame_id": 35,
      "image_path": "frames/IQwS7BEjUxM_001295/images/000035.jpg",
      "accident_id": 0,
      "accident_name": "normal",
      "objects": []
    },
    {
      "frame_id": 36,
      "image_path": "frames/IQwS7BEjUxM_001295/images/000036.jpg",
      "accident_id": 0,
      "accident_name": "normal",
      "objects": []
    },
    {
      "frame_id": 37,
      "image_path": "frames/IQwS7BEjUxM_001295/images/000037.jpg",
      "accident_id": 0,
      "accident_name": "normal",
      "objects": []
    },
    {
      "frame_id": 38,
      "image_path": "frames/IQwS7BEjUxM_001295/images/000038.jpg",
      "accident_id": 0,
      "accident_name": "normal",
      "objects": []
    },
    {
      "frame_id": 39,
      "image_path": "frames/IQwS7BEjUxM_001295/images/000039.jpg",
      "accident_id": 0,
      "accident_name": "normal",
      "objects": []
    },
    {
      "frame_id": 40,
      "image_path": "frames/IQwS7BEjUxM_001295/images/000040.jpg",
      "accident_id": 4,
      "accident_name": "oncoming",
      "objects": [
        {
          "obj_track_id": 8,
          "bbox": [
            0,
            93.87660069848661,
            573.7369033760186,
            509.61583236321303
          ],
          "category": "truck",
          "category ID": 5,
          "trunc": true
        }
      ]
    },
    {
      "frame_id": 41,
      "image_path": "frames/IQwS7BEjUxM_001295/images/000041.jpg",
      "accident_id": 4,
      "accident_name": "oncoming",
      "objects": [
        {
          "obj_track_id": 8,
          "bbox": [
            0,
            66.21653084982538,
            591.3387660069849,
            539.790454016298
          ],
          "category": "truck",
          "category ID": 5,
          "trunc": true
        }
      ]
    },
    {
      "frame_id": 42,
      "image_path": "frames/IQwS7BEjUxM_001295/images/000042.jpg",
      "accident_id": 4,
      "accident_name": "oncoming",
      "objects": [
        {
          "obj_track_id": 8,
          "bbox": [
            0,
            44.42374854481956,
            614.8079161816065,
            568.2887077997672
          ],
          "category": "truck",
          "category ID": 5,
          "trunc": true
        }
      ]
    },
    {
      "frame_id": 43,
      "image_path": "frames/IQwS7BEjUxM_001295/images/000043.jpg",
      "accident_id": 4,
      "accident_name": "oncoming",
      "objects": [
        {
          "obj_track_id": 8,
          "bbox": [
            0,
            0,
            632.4097788125728,
            589.2433061699651
          ],
          "category": "truck",
          "category ID": 5,
          "trunc": true
        }
      ]
    },
    {
      "frame_id": 44,
      "image_path": "frames/IQwS7BEjUxM_001295/images/000044.jpg",
      "accident_id": 4,
      "accident_name": "oncoming",
      "objects": [
        {
          "obj_track_id": 8,
          "bbox": [
            0,
            175.1804423748545,
            633.2479627473807,
            646.2398137369034
          ],
          "category": "truck",
          "category ID": 5,
          "trunc": true
        }
      ]
    },
    {
      "frame_id": 45,
      "image_path": "frames/IQwS7BEjUxM_001295/images/000045.jpg",
      "accident_id": 4,
      "accident_name": "oncoming",
      "objects": [
        {
          "obj_track_id": 8,
          "bbox": [
            0,
            273.24796274738065,
            633.2479627473807,
            720.0
          ],
          "category": "truck",
          "category ID": 5,
          "trunc": true
        }
      ]
    },
    {
      "frame_id": 46,
      "image_path": "frames/IQwS7BEjUxM_001295/images/000046.jpg",
      "accident_id": 4,
      "accident_name": "oncoming",
      "objects": [
        {
          "obj_track_id": 8,
          "bbox": [
            0,
            273.24796274738065,
            578.7660069848662,
            720.0
          ],
          "category": "truck",
          "category ID": 5,
          "trunc": true
        }
      ]
    },
    {
      "frame_id": 47,
      "image_path": "frames/IQwS7BEjUxM_001295/images/000047.jpg",
      "accident_id": 4,
      "accident_name": "oncoming",
      "objects": [
        {
          "obj_track_id": 8,
          "bbox": [
            0,
            263.18975552968567,
            471.47846332945284,
            720.0
          ],
          "category": "truck",
          "category ID": 5,
          "trunc": true
        }
      ]
    }
  ]
}