{
  "video_name": "JkYzYrJpSoQ_000073",
  "channel": "CarCrashesTime",
  "num_frames": 137,
  "ignore": false,
  "ego_involve": true,
  "night": false,
  "anomaly_start": 39,
  "anomaly_end": 118,
  "video_start": 73,
  "video_end": 209,
  "accident_id": "7",
  "accident_name": "obstacle",
  "labels": [
    {
      "frame_id": 0,
      "image_path": "frames/JkYzYrJpSoQ_000073/images/000000.jpg",
      "accident_id": 0,
      "accident_name": "normal",
      "objects": []
    },
    {
      "frame_id": 1,
      "image_path": "frames/JkYzYrJpSoQ_000073/images/000001.jpg",
      "accident_id": 0,
      "accident_name": "normal",
      "objects": []
    },
    {
      "frame_id": 2,
      "image_path": "frames/JkYzYrJpSoQ_000073/images/000002.jpg",
      "accident_id": 0,
      "accident_name": "normal",
      "objects": []
    },
    {
      "frame_id": 3,
      "image_path": "frames/JkYzYrJpSoQ_000073/images/000003.jpg",
      "accident_id": 0,
      "accident_name": "normal",
      "objects": []
    },
    {
      "frame_id": 4,
      "image_path": "frames/JkYzYrJpSoQ_000073/images/000004.jpg",
      "accident_id": 0,
      "accident_name": "normal",
      "objects": []
    },
    {
      "frame_id": 5,
      "image_path": "frames/JkYzYrJpSoQ_000073/images/000005.jpg",
      "accident_id": 0,
      "accident_name": "normal",
      "objects": []
    },
    {
      "frame_id": 6,
      "image_path": "frames/JkYzYrJpSoQ_000073/images/000006.jpg",
      "accident_id": 0,
      "accident_name": "normal",
      "objects": []
    },
    {
      "frame_id": 7,
      "image_path": "frames/JkYzYrJpSoQ_000073/images/000007.jpg",
      "accident_id": 0,
      "accident_name": "normal",
      "objects": []
    },
    {
      "frame_id": 8,
      "image_path": "frames/JkYzYrJpSoQ_000073/images/000008.jpg",
      "accident_id": 0,
      "accident_name": "normal",
      "objects": []
    },
    {
      "frame_id": 9,
      "image_path": "frames/JkYzYrJpSoQ_000073/images/000009.jpg",
      "accident_id": 0,
      "accident_name": "normal",
      "objects": []
    },
    {
      "frame_id": 10,
      "image_path": "frames/JkYzYrJpSoQ_000073/images/000010.jpg",
      "accident_id": 0,
      "accident_name": "normal",
      "objects": []
    },
    {
      "frame_id": 11,
      "image_path": "frames/JkYzYrJpSoQ_000073/images/000011.jpg",
      "accident_id": 0,
      "accident_name": "normal",
      "objects": []
    },
    {
      "frame_id": 12,
      "image_path": "frames/JkYzYrJpSoQ_000073/images/000012.jpg",
      "accident_id": 0,
      "accident_name": "normal",
      "objects": []
    },
    {
      "frame_id": 13,
      "image_path": "frames/JkYzYrJpSoQ_000073/images/000013.jpg",
      "accident_id": 0,
      "accident_name": "normal",
      "objects": []
    },
    {
      "frame_id": 14,
      "image_path": "frames/JkYzYrJpSoQ_000073/images/000014.jpg",
      "accident_id": 0,
      "accident_name": "normal",
      "objects": []
    },
    {
      "frame_id": 15,
      "image_path": "frames/JkYzYrJpSoQ_000073/images/000015.jpg",
      "accident_id": 0,
      "accident_name": "normal",
      "objects": []
    },
    {
      "frame_id": 16,
      "image_path": "frames/JkYzYrJpSoQ_000073/images/000016.jpg",
      "accident_id": 0,
      "accident_name": "normal",
      "objects": []
    },
    {
      "frame_id": 17,
      "image_path": "frames/JkYzYrJpSoQ_000073/images/000017.jpg",
      "accident_id": 0,
      "accident_name": "normal",
      "objects": []
    },
    {
      "frame_id": 18,
      "image_path": "frames/JkYzYrJpSoQ_000073/images/000018.jpg",
      "accident_id": 0,
      "accident_name": "normal",
      "objects": []
    },
    {
      "frame_id": 19,
      "image_path": "frames/JkYzYrJpSoQ_000073/images/000019.jpg",
      "accident_id": 0,
      "accident_name": "normal",
      "objects": []
    },
    {
      "frame_id": 20,
      "image_path": "frames/JkYzYrJpSoQ_000073/images/000020.jpg",
      "accident_id": 0,
      "accident_name": "normal",
      "objects": []
    },
    {
      "frame_id": 21,
      "image_path": "frames/JkYzYrJpSoQ_000073/images/000021.jpg",
      "accident_id": 0,
      "accident_name": "normal",
      "objects": []
    },
    {
      "frame_id": 22,
      "image_path": "frames/JkYzYrJpSoQ_000073/images/000022.jpg",
      "accident_id": 0,
      "accident_name": "normal",
      "objects": []
    },
    {
      "frame_id": 23,
      "image_path": "frames/JkYzYrJpSoQ_000073/images/000023.jpg",
      "accident_id": 0,
      "accident_name": "normal",
      "objects": []
    },
    {
      "frame_id": 24,
      "image_path": "frames/JkYzYrJpSoQ_000073/images/000024.jpg",
      "accident_id": 0,
      "accident_name": "normal",
      "objects": []
    },
    {
      "frame_id": 25,
      "image_path": "frames/JkYzYrJpSoQ_000073/images/000025.jpg",
      "accident_id": 0,
      "accident_name": "normal",
      "objects": []
    },
    {
      "frame_id": 26,
      "image_path": "frames/JkYzYrJpSoQ_000073/images/000026.jpg",
      "accident_id": 0,
      "accident_name": "normal",
      "objects": []
    },
    {
      "frame_id": 27,
      "image_path": "frames/JkYzYrJpSoQ_000073/images/000027.jpg",
      "accident_id": 0,
      "accident_name": "normal",
      "objects": []
    },
    {
      "frame_id": 28,
      "image_path": "frames/JkYzYrJpSoQ_000073/images/000028.jpg",
      "accident_id": 0,
      "accident_name": "normal",
      "objects": []
    },
    {
      "frame_id": 29,
      "image_path": "frames/JkYzYrJpSoQ_000073/images/000029.jpg",
      "accident_id": 0,
      "accident_name": "normal",
      "objects": []
    },
    {
      "frame_id": 30,
      "image_path": "frames/JkYzYrJpSoQ_000073/images/000030.jpg",
      "accident_id": 0,
      "accident_name": "normal",
      "objects": []
    },
    {
      "frame_id": 31,
      "image_path": "frames/JkYzYrJpSoQ_000073/images/000031.jpg",
      "accident_id": 0,
      "accident_name": "normal",
      "objects": []
    },
    {
      "frame_id": 32,
      "image_path": "frames/JkYzYrJpSoQ_000073/images/000032.jpg",
      "accident_id": 0,
      "accident_name": "normal",
      "objects": []
    },
    {
      "frame_id": 33,
      "image_path": "frames/JkYzYrJpSoQ_000073/images/000033.jpg",
      "accident_id": 0,
      "accident_name": "normal",
      "objects": []
    },
    {
      "frame_id": 34,
      "image_path": "frames/JkYzYrJpSoQ_000073/images/000034.jpg",
      "accident_id": 0,
      "accident_name": "normal",
      "objects": []
    },
    {
      "frame_id": 35,
      "image_path": "frames/JkYzYrJpSoQ_000073/images/000035.jpg",
      "accident_id": 0,
      "accident_name": "normal",
      "objects": []
    },
    {
      "frame_id": 36,
      "image_path": "frames/JkYzYrJpSoQ_000073/images/000036.jpg",
      "accident_id": 0,
      "accident_name": "normal",
      "objects": []
    },
    {
      "frame_id": 37,
      "image_path": "frames/JkYzYrJpSoQ_000073/images/000037.jpg",
      "accident_id": 0,
      "accident_name": "normal",
      "objects": []
    },
    {
      "frame_id": 38,
      "image_path": "frames/JkYzYrJpSoQ_000073/images/000038.jpg",
      "accident_id": 0,
      "accident_name": "normal",
      "objects": []
    },
    {
      "frame_id": 39,
      "image_path": "frames/JkYzYrJpSoQ_000073/images/000039.jpg",
      "accident_id": 7,
      "accident_name": "obstacle",
      "objects": [
        {
          "obj_track_id": 191,
          "bbox": [
            410.5372616984402,
            363.11958405545926,
            591.4731369150779,
            489.15077989601383
          ],
          "category": "car",
          "category ID": 3,
          "trunc": false
        }
      ]
    },
    {
      "frame_id": 40,
      "image_path": "frames/JkYzYrJpSoQ_000073/images/000040.jpg",
      "accident_id": 7,
      "accident_name": "obstacle",
      "objects": [
        {
          "obj_track_id": 191,
          "bbox": [
            428.0069324090121,
            365.6152512998267,
            591.4731369150779,
            489.15077989601383
          ],
          "category": "car",
          "category ID": 3,
          "trunc": false
        }
      ]
    },
    {
      "frame_id": 41,
      "image_path": "frames/JkYzYrJpSoQ_000073/images/000041.jpg",
      "accident_id": 7,
      "accident_name": "obstacle",
      "objects": [
        {
          "obj_track_id": 191,
          "bbox": [
            447.97227036395145,
            363.11958405545926,
            603.9514731369151,
            489.15077989601383
          ],
          "category": "car",
          "category ID": 3,
          "trunc": false
        }
      ]
    },
    {
      "frame_id": 42,
      "image_path": "frames/JkYzYrJpSoQ_000073/images/000042.jpg",
      "accident_id": 7,
      "accident_name": "obstacle",
      "objects": [
        {
          "obj_track_id": 191,
          "bbox": [
            451.7157712305026,
            364.36741767764295,
            616.4298093587521,
            489.15077989601383
          ],
          "category": "car",
          "category ID": 3,
          "trunc": false
        }
      ]
    },
    {
      "frame_id": 43,
      "image_path": "frames/JkYzYrJpSoQ_000073/images/000043.jpg",
      "accident_id": 7,
      "accident_name": "obstacle",
      "objects": [
        {
          "obj_track_id": 191,
          "bbox": [
            455.4592720970537,
            368.1109185441941,
            625.1646447140381,
            489.15077989601383
          ],
          "category": "car",
          "category ID": 3,
          "trunc": false
        }
      ]
    },
    {
      "frame_id": 44,
      "image_path": "frames/JkYzYrJpSoQ_000073/images/000044.jpg",
      "accident_id": 7,
      "accident_name": "obstacle",
      "objects": [
        {
          "obj_track_id": 191,
          "bbox": [
            460.45060658578853,
            369.3587521663778,
            632.6516464471404,
            484.159445407279
          ],
          "category": "car",
          "category ID": 3,
          "trunc": false
        }
      ]
    },
    {
      "frame_id": 45,
      "image_path": "frames/JkYzYrJpSoQ_000073/images/000045.jpg",
      "accident_id": 7,
      "accident_name": "obstacle",
      "objects": [
        {
          "obj_track_id": 191,
          "bbox": [
            460.45060658578853,
            375.59792027729634,
            630.155979202773,
            484.159445407279
          ],
          "category": "car",
          "category ID": 3,
          "trunc": false
        }
      ]
    },
    {
      "frame_id": 46,
      "image_path": "frames/JkYzYrJpSoQ_000073/images/000046.jpg",
      "accident_id": 7,
      "accident_name": "obstacle",
      "objects": []
    },
    {
      "frame_id": 47,
      "image_path": "frames/JkYzYrJpSoQ_000073/images/000047.jpg",
      "accident_id": 7,
      "accident_name": "obstacle",
      "objects": []
    },
    {
      "frame_id": 48,
      "image_path": "frames/JkYzYrJpSoQ_000073/images/000048.jpg",
      "accident_id": 7,
      "accident_name": "obstacle",
      "objects": []
    },
    {
      "frame_id": 49,
      "image_path": "frames/JkYzYrJpSoQ_000073/images/000049.jpg",
      "accident_id": 7,
      "accident_name": "obstacle",
      "objects": [
        {
          "obj_track_id": 191,
          "bbox": [
            378.0935875216638,
            368.1109185441941,
            578.9948006932409,
            476.67244367417675
          ],
          "category": "car",
          "category ID": 3,
          "trunc": false
        }
      ]
    },
    {
      "frame_id": 50,
      "image_path": "frames/JkYzYrJpSoQ_000073/images/000050.jpg",
      "accident_id": 7,
      "accident_name": "obstacle",
      "objects": [
        {
          "obj_track_id": 191,
          "bbox": [
            355.63258232235705,
            366.2391681109185,
            558.4055459272097,
            472.9289428076256
          ],
          "category": "car",
          "category ID": 3,
          "trunc": false
        }
      ]
    },
    {
      "frame_id": 51,
      "image_path": "frames/JkYzYrJpSoQ_000073/images/000051.jpg",
      "accident_id": 7,
      "accident_name": "obstacle",
      "objects": [
        {
          "obj_track_id": 191,
          "bbox": [
            333.17157712305027,
            364.36741767764295,
            537.8162911611785,
            469.1854419410745
          ],
          "category": "car",
          "category ID": 3,
          "trunc": false
        }
      ]
    },
    {
      "frame_id": 52,
      "image_path": "frames/JkYzYrJpSoQ_000073/images/000052.jpg",
      "accident_id": 7,
      "accident_name": "obstacle",
      "objects": [
        {
          "obj_track_id": 191,
          "bbox": [
            305.71923743500867,
            363.11958405545926,
            520.3466204506066,
            466.6897746967071
          ],
          "category": "car",
          "category ID": 3,
          "trunc": false
        }
      ]
    },
    {
      "frame_id": 53,
      "image_path": "frames/JkYzYrJpSoQ_000073/images/000053.jpg",
      "accident_id": 7,
      "accident_name": "obstacle",
      "objects": [
        {
          "obj_track_id": 191,
          "bbox": [
            289.49740034662045,
            363.11958405545926,
            502.87694974003466,
            467.9376083188908
          ],
          "category": "car",
          "category ID": 3,
          "trunc": false
        }
      ]
    },
    {
      "frame_id": 54,
      "image_path": "frames/JkYzYrJpSoQ_000073/images/000054.jpg",
      "accident_id": 7,
      "accident_name": "obstacle",
      "objects": [
        {
          "obj_track_id": 191,
          "bbox": [
            269.5320623916811,
            365.6152512998267,
            481.66377816291157,
            467.9376083188908
          ],
          "category": "car",
          "category ID": 3,
          "trunc": false
        }
      ]
    },
    {
      "frame_id": 55,
      "image_path": "frames/JkYzYrJpSoQ_000073/images/000055.jpg",
      "accident_id": 7,
      "accident_name": "obstacle",
      "objects": [
        {
          "obj_track_id": 191,
          "bbox": [
            262.04506065857885,
            365.6152512998267,
            464.19410745233967,
            465.44194107452336
          ],
          "category": "car",
          "category ID": 3,
          "trunc": false
        }
      ]
    },
    {
      "frame_id": 56,
      "image_path": "frames/JkYzYrJpSoQ_000073/images/000056.jpg",
      "accident_id": 7,
      "accident_name": "obstacle",
      "objects": [
        {
          "obj_track_id": 191,
          "bbox": [
            246.44714038128248,
            365.6152512998267,
            449.2201039861352,
            464.81802426343154
          ],
          "category": "car",
          "category ID": 3,
          "trunc": false
        }
      ]
    },
    {
      "frame_id": 57,
      "image_path": "frames/JkYzYrJpSoQ_000073/images/000057.jpg",
      "accident_id": 7,
      "accident_name": "obstacle",
      "objects": [
        {
          "obj_track_id": 191,
          "bbox": [
            230.8492201039861,
            365.6152512998267,
            434.2461005199307,
            464.19410745233967
          ],
          "category": "car",
          "category ID": 3,
          "trunc": false
        }
      ]
    },
    {
      "frame_id": 58,
      "image_path": "frames/JkYzYrJpSoQ_000073/images/000058.jpg",
      "accident_id": 7,
      "accident_name": "obstacle",
      "objects": [
        {
          "obj_track_id": 191,
          "bbox": [
            212.1317157712305,
            363.11958405545926,
            437.9896013864818,
            462.946273830156
          ],
          "category": "car",
          "category ID": 3,
          "trunc": false
        }
      ]
    },
    {
      "frame_id": 59,
      "image_path": "frames/JkYzYrJpSoQ_000073/images/000059.jpg",
      "accident_id": 7,
      "accident_name": "obstacle",
      "objects": [
        {
          "obj_track_id": 191,
          "bbox": [
            212.1317157712305,
            368.1109185441941,
            447.97227036395145,
            462.946273830156
          ],
          "category": "car",
          "category ID": 3,
          "trunc": false
        }
      ]
    },
    {
      "frame_id": 60,
      "image_path": "frames/JkYzYrJpSoQ_000073/images/000060.jpg",
      "accident_id": 7,
      "accident_name": "obstacle",
      "objects": [
        {
          "obj_track_id": 191,
          "bbox": [
            212.1317157712305,
            368.1109185441941,
            444.85268630849214,
            462.946273830156
          ],
          "category": "car",
          "category ID": 3,
          "trunc": false
        }
      ]
    },
    {
      "frame_id": 61,
      "image_path": "frames/JkYzYrJpSoQ_000073/images/000061.jpg",
      "accident_id": 7,
      "accident_name": "obstacle",
      "objects": [
        {
          "obj_track_id": 191,
          "bbox": [
            212.1317157712305,
            368.1109185441941,
            441.7331022530329,
            462.946273830156
          ],
          "category": "car",
          "category ID": 3,
          "trunc": false
        }
      ]
    },
    {
      "frame_id": 62,
      "image_path": "frames/JkYzYrJpSoQ_000073/images/000062.jpg",
      "accident_id": 7,
      "accident_name": "obstacle",
      "objects": [
        {
          "obj_track_id": 191,
          "bbox": [
            212.1317157712305,
            366.8630849220104,
            449.22010398613514,
            462.946273830156
          ],
          "category": "car",
          "category ID": 3,
          "trunc": false
        }
      ]
    },
    {
      "frame_id": 63,
      "image_path": "frames/JkYzYrJpSoQ_000073/images/000063.jpg",
      "accident_id": 7,
      "accident_name": "obstacle",
      "objects": [
        {
          "obj_track_id": 191,
          "bbox": [
            212.1317157712305,
            365.6152512998267,
            456.7071057192374,
            462.946273830156
          ],
          "category": "car",
          "category ID": 3,
          "trunc": false
        }
      ]
    },
    {
      "frame_id": 64,
      "image_path": "frames/JkYzYrJpSoQ_000073/images/000064.jpg",
      "accident_id": 7,
      "accident_name": "obstacle",
      "objects": [
        {
          "obj_track_id": 191,
          "bbox": [
            213.3795493934142,
            364.36741767764295,
            461.0745233968804,
            461.6984402079722
          ],
          "category": "car",
          "category ID": 3,
          "trunc": false
        }
      ]
    },
    {
      "frame_id": 65,
      "image_path": "frames/JkYzYrJpSoQ_000073/images/000065.jpg",
      "accident_id": 7,
      "accident_name": "obstacle",
      "objects": [
        {
          "obj_track_id": 191,
          "bbox": [
            214.6273830155979,
            363.11958405545926,
            465.44194107452336,
            460.45060658578853
          ],
          "category": "car",
          "category ID": 3,
          "trunc": false
        }
      ]
    },
    {
      "frame_id": 66,
      "image_path": "frames/JkYzYrJpSoQ_000073/images/000066.jpg",
      "accident_id": 7,
      "accident_name": "obstacle",
      "objects": [
        {
          "obj_track_id": 191,
          "bbox": [
            214.6273830155979,
            364.9913344887348,
            464.81802426343154,
            460.45060658578853
          ],
          "category": "car",
          "category ID": 3,
          "trunc": false
        }
      ]
    },
    {
      "frame_id": 67,
      "image_path": "frames/JkYzYrJpSoQ_000073/images/000067.jpg",
      "accident_id": 7,
      "accident_name": "obstacle",
      "objects": [
        {
          "obj_track_id": 191,
          "bbox": [
            214.6273830155979,
            366.8630849220104,
            464.19410745233967,
            460.45060658578853
          ],
          "category": "car",
          "category ID": 3,
          "trunc": false
        }
      ]
    },
    {
      "frame_id": 68,
      "image_path": "frames/JkYzYrJpSoQ_000073/images/000068.jpg",
      "accident_id": 7,
      "accident_name": "obstacle",
      "objects": [
        {
          "obj_track_id": 191,
          "bbox": [
            214.6273830155979,
            368.73483535528595,
            457.3310225303293,
            460.45060658578853
          ],
          "category": "car",
          "category ID": 3,
          "trunc": false
        }
      ]
    },
    {
      "frame_id": 69,
      "image_path": "frames/JkYzYrJpSoQ_000073/images/000069.jpg",
      "accident_id": 7,
      "accident_name": "obstacle",
      "objects": [
        {
          "obj_track_id": 191,
          "bbox": [
            214.6273830155979,
            370.6065857885615,
            450.4679376083189,
            460.45060658578853
          ],
          "category": "car",
          "category ID": 3,
          "trunc": false
        }
      ]
    },
    {
      "frame_id": 70,
      "image_path": "frames/JkYzYrJpSoQ_000073/images/000070.jpg",
      "accident_id": 7,
      "accident_name": "obstacle",
      "objects": [
        {
          "obj_track_id": 191,
          "bbox": [
            214.6273830155979,
            370.6065857885615,
            430.50259965337955,
            460.45060658578853
          ],
          "category": "car",
          "category ID": 3,
          "trunc": false
        }
      ]
    },
    {
      "frame_id": 71,
      "image_path": "frames/JkYzYrJpSoQ_000073/images/000071.jpg",
      "accident_id": 7,
      "accident_name": "obstacle",
      "objects": [
        {
          "obj_track_id": 191,
          "bbox": [
            214.6273830155979,
            370.6065857885615,
            410.5372616984402,
            460.45060658578853
          ],
          "category": "car",
          "category ID": 3,
          "trunc": false
        }
      ]
    },
    {
      "frame_id": 72,
      "image_path": "frames/JkYzYrJpSoQ_000073/images/000072.jpg",
      "accident_id": 7,
      "accident_name": "obstacle",
      "objects": [
        {
          "obj_track_id": 191,
          "bbox": [
            215.25129982668977,
            369.3587521663778,
            403.6741767764298,
            460.4506065857886
          ],
          "category": "car",
          "category ID": 3,
          "trunc": false
        }
      ]
    },
    {
      "frame_id": 73,
      "image_path": "frames/JkYzYrJpSoQ_000073/images/000073.jpg",
      "accident_id": 7,
      "accident_name": "obstacle",
      "objects": [
        {
          "obj_track_id": 191,
          "bbox": [
            215.87521663778162,
            368.1109185441941,
            396.8110918544194,
            460.45060658578853
          ],
          "category": "car",
          "category ID": 3,
          "trunc": false
        }
      ]
    },
    {
      "frame_id": 74,
      "image_path": "frames/JkYzYrJpSoQ_000073/images/000074.jpg",
      "accident_id": 7,
      "accident_name": "obstacle",
      "objects": [
        {
          "obj_track_id": 191,
          "bbox": [
            236.4644714038128,
            367.48700173310226,
            406.793760831889,
            461.0745233968804
          ],
          "category": "car",
          "category ID": 3,
          "trunc": false
        }
      ]
    },
    {
      "frame_id": 75,
      "image_path": "frames/JkYzYrJpSoQ_000073/images/000075.jpg",
      "accident_id": 7,
      "accident_name": "obstacle",
      "objects": [
        {
          "obj_track_id": 191,
          "bbox": [
            257.053726169844,
            366.8630849220104,
            416.7764298093587,
            461.6984402079722
          ],
          "category": "car",
          "category ID": 3,
          "trunc": false
        }
      ]
    },
    {
      "frame_id": 76,
      "image_path": "frames/JkYzYrJpSoQ_000073/images/000076.jpg",
      "accident_id": 7,
      "accident_name": "obstacle",
      "objects": [
        {
          "obj_track_id": 191,
          "bbox": [
            283.25823223570194,
            366.8630849220104,
            422.39168110918547,
            461.6984402079722
          ],
          "category": "car",
          "category ID": 3,
          "trunc": false
        }
      ]
    },
    {
      "frame_id": 77,
      "image_path": "frames/JkYzYrJpSoQ_000073/images/000077.jpg",
      "accident_id": 7,
      "accident_name": "obstacle",
      "objects": [
        {
          "obj_track_id": 191,
          "bbox": [
            309.4627383015598,
            366.8630849220104,
            428.0069324090121,
            461.6984402079722
          ],
          "category": "car",
          "category ID": 3,
          "trunc": false
        }
      ]
    },
    {
      "frame_id": 78,
      "image_path": "frames/JkYzYrJpSoQ_000073/images/000078.jpg",
      "accident_id": 7,
      "accident_name": "obstacle",
      "objects": [
        {
          "obj_track_id": 191,
          "bbox": [
            309.4627383015598,
            366.8630849220104,
            456.7071057192374,
            461.6984402079722
          ],
          "category": "car",
          "category ID": 3,
          "trunc": false
        }
      ]
    },
    {
      "frame_id": 79,
      "image_path": "frames/JkYzYrJpSoQ_000073/images/000079.jpg",
      "accident_id": 7,
      "accident_name": "obstacle",
      "objects": [
        {
          "obj_track_id": 191,
          "bbox": [
            309.4627383015598,
            366.8630849220104,
            485.4072790294627,
            461.6984402079722
          ],
          "category": "car",
          "category ID": 3,
          "trunc": false
        }
      ]
    },
    {
      "frame_id": 80,
      "image_path": "frames/JkYzYrJpSoQ_000073/images/000080.jpg",
      "accident_id": 7,
      "accident_name": "obstacle",
      "objects": [
        {
          "obj_track_id": 191,
          "bbox": [
            309.4627383015598,
            367.48700173310226,
            501.0051993067591,
            462.32235701906416
          ],
          "category": "car",
          "category ID": 3,
          "trunc": false
        }
      ]
    },
    {
      "frame_id": 81,
      "image_path": "frames/JkYzYrJpSoQ_000073/images/000081.jpg",
      "accident_id": 7,
      "accident_name": "obstacle",
      "objects": [
        {
          "obj_track_id": 191,
          "bbox": [
            309.4627383015598,
            368.1109185441941,
            516.6031195840554,
            462.946273830156
          ],
          "category": "car",
          "category ID": 3,
          "trunc": false
        }
      ]
    },
    {
      "frame_id": 82,
      "image_path": "frames/JkYzYrJpSoQ_000073/images/000082.jpg",
      "accident_id": 7,
      "accident_name": "obstacle",
      "objects": [
        {
          "obj_track_id": 191,
          "bbox": [
            303.8474870017331,
            366.8630849220104,
            524.7140381282495,
            462.946273830156
          ],
          "category": "car",
          "category ID": 3,
          "trunc": false
        }
      ]
    },
    {
      "frame_id": 83,
      "image_path": "frames/JkYzYrJpSoQ_000073/images/000083.jpg",
      "accident_id": 7,
      "accident_name": "obstacle",
      "objects": [
        {
          "obj_track_id": 191,
          "bbox": [
            298.2322357019064,
            365.6152512998267,
            532.8249566724437,
            462.946273830156
          ],
          "category": "car",
          "category ID": 3,
          "trunc": false
        }
      ]
    },
    {
      "frame_id": 84,
      "image_path": "frames/JkYzYrJpSoQ_000073/images/000084.jpg",
      "accident_id": 7,
      "accident_name": "obstacle",
      "objects": [
        {
          "obj_track_id": 191,
          "bbox": [
            298.2322357019064,
            367.48700173310226,
            548.42287694974,
            467.9376083188908
          ],
          "category": "car",
          "category ID": 3,
          "trunc": false
        }
      ]
    },
    {
      "frame_id": 85,
      "image_path": "frames/JkYzYrJpSoQ_000073/images/000085.jpg",
      "accident_id": 7,
      "accident_name": "obstacle",
      "objects": [
        {
          "obj_track_id": 191,
          "bbox": [
            298.2322357019064,
            369.3587521663778,
            564.0207972270364,
            472.9289428076256
          ],
          "category": "car",
          "category ID": 3,
          "trunc": false
        }
      ]
    },
    {
      "frame_id": 86,
      "image_path": "frames/JkYzYrJpSoQ_000073/images/000086.jpg",
      "accident_id": 7,
      "accident_name": "obstacle",
      "objects": [
        {
          "obj_track_id": 191,
          "bbox": [
            298.2322357019064,
            368.1109185441941,
            569.0121317157711,
            472.9289428076256
          ],
          "category": "car",
          "category ID": 3,
          "trunc": false
        }
      ]
    },
    {
      "frame_id": 87,
      "image_path": "frames/JkYzYrJpSoQ_000073/images/000087.jpg",
      "accident_id": 7,
      "accident_name": "obstacle",
      "objects": [
        {
          "obj_track_id": 191,
          "bbox": [
            298.2322357019064,
            366.8630849220104,
            574.003466204506,
            472.9289428076256
          ],
          "category": "car",
          "category ID": 3,
          "trunc": false
        }
      ]
    },
    {
      "frame_id": 88,
      "image_path": "frames/JkYzYrJpSoQ_000073/images/000088.jpg",
      "accident_id": 7,
      "accident_name": "obstacle",
      "objects": [
        {
          "obj_track_id": 191,
          "bbox": [
            292.9289428076256,
            366.8630849220104,
            568.0762564991334,
            473.8648180242634
          ],
          "category": "car",
          "category ID": 3,
          "trunc": false
        }
      ]
    },
    {
      "frame_id": 89,
      "image_path": "frames/JkYzYrJpSoQ_000073/images/000089.jpg",
      "accident_id": 7,
      "accident_name": "obstacle",
      "objects": [
        {
          "obj_track_id": 191,
          "bbox": [
            287.6256499133449,
            366.8630849220104,
            562.1490467937608,
            474.8006932409012
          ],
          "category": "car",
          "category ID": 3,
          "trunc": false
        }
      ]
    },
    {
      "frame_id": 90,
      "image_path": "frames/JkYzYrJpSoQ_000073/images/000090.jpg",
      "accident_id": 7,
      "accident_name": "obstacle",
      "objects": [
        {
          "obj_track_id": 191,
          "bbox": [
            282.32235701906416,
            366.8630849220104,
            556.2218370883883,
            475.73656845753897
          ],
          "category": "car",
          "category ID": 3,
          "trunc": false
        }
      ]
    },
    {
      "frame_id": 91,
      "image_path": "frames/JkYzYrJpSoQ_000073/images/000091.jpg",
      "accident_id": 7,
      "accident_name": "obstacle",
      "objects": [
        {
          "obj_track_id": 191,
          "bbox": [
            277.01906412478337,
            366.8630849220104,
            550.2946273830156,
            476.67244367417675
          ],
          "category": "car",
          "category ID": 3,
          "trunc": false
        }
      ]
    },
    {
      "frame_id": 92,
      "image_path": "frames/JkYzYrJpSoQ_000073/images/000092.jpg",
      "accident_id": 7,
      "accident_name": "obstacle",
      "objects": [
        {
          "obj_track_id": 191,
          "bbox": [
            273.8994800693241,
            366.8630849220104,
            538.4402079722704,
            476.67244367417675
          ],
          "category": "car",
          "category ID": 3,
          "trunc": false
        }
      ]
    },
    {
      "frame_id": 93,
      "image_path": "frames/JkYzYrJpSoQ_000073/images/000093.jpg",
      "accident_id": 7,
      "accident_name": "obstacle",
      "objects": [
        {
          "obj_track_id": 191,
          "bbox": [
            270.7798960138648,
            366.8630849220104,
            526.5857885615251,
            476.67244367417675
          ],
          "category": "car",
          "category ID": 3,
          "trunc": false
        }
      ]
    },
    {
      "frame_id": 94,
      "image_path": "frames/JkYzYrJpSoQ_000073/images/000094.jpg",
      "accident_id": 7,
      "accident_name": "obstacle",
      "objects": [
        {
          "obj_track_id": 191,
          "bbox": [
            270.7798960138648,
            366.2391681109185,
            519.7227036395147,
            476.67244367417675
          ],
          "category": "car",
          "category ID": 3,
          "trunc": false
        }
      ]
    },
    {
      "frame_id": 95,
      "image_path": "frames/JkYzYrJpSoQ_000073/images/000095.jpg",
      "accident_id": 7,
      "accident_name": "obstacle",
      "objects": [
        {
          "obj_track_id": 191,
          "bbox": [
            270.7798960138648,
            365.6152512998267,
            512.8596187175043,
            476.67244367417675
          ],
          "category": "car",
          "category ID": 3,
          "trunc": false
        }
      ]
    },
    {
      "frame_id": 96,
      "image_path": "frames/JkYzYrJpSoQ_000073/images/000096.jpg",
      "accident_id": 7,
      "accident_name": "obstacle",
      "objects": [
        {
          "obj_track_id": 191,
          "bbox": [
            282.0103986135182,
            365.6152512998267,
            503.5008665511265,
            476.67244367417675
          ],
          "category": "car",
          "category ID": 3,
          "trunc": false
        }
      ]
    },
    {
      "frame_id": 97,
      "image_path": "frames/JkYzYrJpSoQ_000073/images/000097.jpg",
      "accident_id": 7,
      "accident_name": "obstacle",
      "objects": [
        {
          "obj_track_id": 191,
          "bbox": [
            293.2409012131716,
            365.6152512998267,
            494.14211438474865,
            476.67244367417675
          ],
          "category": "car",
          "category ID": 3,
          "trunc": false
        }
      ]
    },
    {
      "frame_id": 98,
      "image_path": "frames/JkYzYrJpSoQ_000073/images/000098.jpg",
      "accident_id": 7,
      "accident_name": "obstacle",
      "objects": [
        {
          "obj_track_id": 191,
          "bbox": [
            307.59098786828423,
            365.6152512998267,
            490.3986135181975,
            476.67244367417675
          ],
          "category": "car",
          "category ID": 3,
          "trunc": false
        }
      ]
    },
    {
      "frame_id": 99,
      "image_path": "frames/JkYzYrJpSoQ_000073/images/000099.jpg",
      "accident_id": 7,
      "accident_name": "obstacle",
      "objects": [
        {
          "obj_track_id": 191,
          "bbox": [
            321.9410745233969,
            365.6152512998267,
            486.65511265164645,
            476.67244367417675
          ],
          "category": "car",
          "category ID": 3,
          "trunc": false
        }
      ]
    },
    {
      "frame_id": 100,
      "image_path": "frames/JkYzYrJpSoQ_000073/images/000100.jpg",
      "accident_id": 7,
      "accident_name": "obstacle",
      "objects": [
        {
          "obj_track_id": 191,
          "bbox": [
            335.04332755632583,
            364.36741767764295,
            491.64644714038127,
            476.67244367417675
          ],
          "category": "car",
          "category ID": 3,
          "trunc": false
        }
      ]
    },
    {
      "frame_id": 101,
      "image_path": "frames/JkYzYrJpSoQ_000073/images/000101.jpg",
      "accident_id": 7,
      "accident_name": "obstacle",
      "objects": [
        {
          "obj_track_id": 191,
          "bbox": [
            348.14558058925473,
            363.11958405545926,
            496.6377816291161,
            476.67244367417675
          ],
          "category": "car",
          "category ID": 3,
          "trunc": false
        }
      ]
    },
    {
      "frame_id": 102,
      "image_path": "frames/JkYzYrJpSoQ_000073/images/000102.jpg",
      "accident_id": 7,
      "accident_name": "obstacle",
      "objects": [
        {
          "obj_track_id": 191,
          "bbox": [
            344.4020797227036,
            363.11958405545926,
            512.2357019064125,
            478.5441941074523
          ],
          "category": "car",
          "category ID": 3,
          "trunc": false
        }
      ]
    },
    {
      "frame_id": 103,
      "image_path": "frames/JkYzYrJpSoQ_000073/images/000103.jpg",
      "accident_id": 7,
      "accident_name": "obstacle",
      "objects": [
        {
          "obj_track_id": 191,
          "bbox": [
            331.9237435008665,
            363.11958405545926,
            527.8336221837088,
            480.4159445407279
          ],
          "category": "car",
          "category ID": 3,
          "trunc": false
        }
      ]
    },
    {
      "frame_id": 104,
      "image_path": "frames/JkYzYrJpSoQ_000073/images/000104.jpg",
      "accident_id": 7,
      "accident_name": "obstacle",
      "objects": [
        {
          "obj_track_id": 191,
          "bbox": [
            310.7105719237435,
            363.11958405545926,
            546.5511265164645,
            487.90294627383014
          ],
          "category": "car",
          "category ID": 3,
          "trunc": false
        }
      ]
    },
    {
      "frame_id": 105,
      "image_path": "frames/JkYzYrJpSoQ_000073/images/000105.jpg",
      "accident_id": 7,
      "accident_name": "obstacle",
      "objects": [
        {
          "obj_track_id": 191,
          "bbox": [
            302.39168110918547,
            363.11958405545926,
            559.6533795493934,
            488.52686308492196
          ],
          "category": "car",
          "category ID": 3,
          "trunc": false
        }
      ]
    },
    {
      "frame_id": 106,
      "image_path": "frames/JkYzYrJpSoQ_000073/images/000106.jpg",
      "accident_id": 7,
      "accident_name": "obstacle",
      "objects": [
        {
          "obj_track_id": 191,
          "bbox": [
            294.0727902946274,
            363.11958405545926,
            572.7556325823223,
            489.15077989601383
          ],
          "category": "car",
          "category ID": 3,
          "trunc": false
        }
      ]
    },
    {
      "frame_id": 107,
      "image_path": "frames/JkYzYrJpSoQ_000073/images/000107.jpg",
      "accident_id": 7,
      "accident_name": "obstacle",
      "objects": [
        {
          "obj_track_id": 191,
          "bbox": [
            285.7538994800693,
            358.12824956672443,
            578.9948006932409,
            490.3986135181975
          ],
          "category": "car",
          "category ID": 3,
          "trunc": false
        }
      ]
    },
    {
      "frame_id": 108,
      "image_path": "frames/JkYzYrJpSoQ_000073/images/000108.jpg",
      "accident_id": 7,
      "accident_name": "obstacle",
      "objects": [
        {
          "obj_track_id": 191,
          "bbox": [
            285.7538994800693,
            358.12824956672443,
            591.4731369150779,
            494.14211438474865
          ],
          "category": "car",
          "category ID": 3,
          "trunc": false
        }
      ]
    },
    {
      "frame_id": 109,
      "image_path": "frames/JkYzYrJpSoQ_000073/images/000109.jpg",
      "accident_id": 7,
      "accident_name": "obstacle",
      "objects": [
        {
          "obj_track_id": 191,
          "bbox": [
            280.7625649913345,
            358.12824956672443,
            600.6239168110918,
            496.22183708838816
          ],
          "category": "car",
          "category ID": 3,
          "trunc": false
        }
      ]
    },
    {
      "frame_id": 110,
      "image_path": "frames/JkYzYrJpSoQ_000073/images/000110.jpg",
      "accident_id": 7,
      "accident_name": "obstacle",
      "objects": [
        {
          "obj_track_id": 191,
          "bbox": [
            275.7712305025996,
            358.12824956672443,
            609.7746967071057,
            498.30155979202766
          ],
          "category": "car",
          "category ID": 3,
          "trunc": false
        }
      ]
    },
    {
      "frame_id": 111,
      "image_path": "frames/JkYzYrJpSoQ_000073/images/000111.jpg",
      "accident_id": 7,
      "accident_name": "obstacle",
      "objects": [
        {
          "obj_track_id": 191,
          "bbox": [
            270.7798960138648,
            358.12824956672443,
            618.9254766031196,
            500.3812824956672
          ],
          "category": "car",
          "category ID": 3,
          "trunc": false
        }
      ]
    },
    {
      "frame_id": 112,
      "image_path": "frames/JkYzYrJpSoQ_000073/images/000112.jpg",
      "accident_id": 7,
      "accident_name": "obstacle",
      "objects": [
        {
          "obj_track_id": 191,
          "bbox": [
            264.5407279029463,
            358.12824956672443,
            622.6689774696707,
            507.45233968804155
          ],
          "category": "car",
          "category ID": 3,
          "trunc": false
        }
      ]
    },
    {
      "frame_id": 113,
      "image_path": "frames/JkYzYrJpSoQ_000073/images/000113.jpg",
      "accident_id": 7,
      "accident_name": "obstacle",
      "objects": [
        {
          "obj_track_id": 191,
          "bbox": [
            258.3015597920277,
            358.12824956672443,
            626.4124783362219,
            514.5233968804159
          ],
          "category": "car",
          "category ID": 3,
          "trunc": false
        }
      ]
    },
    {
      "frame_id": 114,
      "image_path": "frames/JkYzYrJpSoQ_000073/images/000114.jpg",
      "accident_id": 7,
      "accident_name": "obstacle",
      "objects": [
        {
          "obj_track_id": 191,
          "bbox": [
            250.81455805892546,
            358.12824956672443,
            630.155979202773,
            521.5944540727903
          ],
          "category": "car",
          "category ID": 3,
          "trunc": false
        }
      ]
    },
    {
      "frame_id": 115,
      "image_path": "frames/JkYzYrJpSoQ_000073/images/000115.jpg",
      "accident_id": 7,
      "accident_name": "obstacle",
      "objects": [
        {
          "obj_track_id": 191,
          "bbox": [
            233.34488734835355,
            351.88908145580587,
            630.155979202773,
            521.5944540727903
          ],
          "category": "car",
          "category ID": 3,
          "trunc": false
        }
      ]
    },
    {
      "frame_id": 116,
      "image_path": "frames/JkYzYrJpSoQ_000073/images/000116.jpg",
      "accident_id": 7,
      "accident_name": "obstacle",
      "objects": [
        {
          "obj_track_id": 191,
          "bbox": [
            209.63604852686308,
            350.0173310225303,
            625.78856152513,
            528.4575389948006
          ],
          "category": "car",
          "category ID": 3,
          "trunc": false
        }
      ]
    },
    {
      "frame_id": 117,
      "image_path": "frames/JkYzYrJpSoQ_000073/images/000117.jpg",
      "accident_id": 7,
      "accident_name": "obstacle",
      "objects": [
        {
          "obj_track_id": 191,
          "bbox": [
            185.9272097053726,
            348.14558058925473,
            621.421143847487,
            535.3206239168111
          ],
          "category": "car",
          "category ID": 3,
          "trunc": false
        }
      ]
    },
    {
      "frame_id": 118,
      "image_path": "frames/JkYzYrJpSoQ_000073/images/000118.jpg",
      "accident_id": 0,
      "accident_name": "normal",
      "objects": []
    },
    {
      "frame_id": 119,
      "image_path": "frames/JkYzYrJpSoQ_000073/images/000119.jpg",
      "accident_id": 0,
      "accident_name": "normal",
      "objects": []
    },
    {
      "frame_id": 120,
      "image_path": "frames/JkYzYrJpSoQ_000073/images/000120.jpg",
      "accident_id": 0,
      "accident_name": "normal",
      "objects": []
    },
    {
      "frame_id": 121,
      "image_path": "frames/JkYzYrJpSoQ_000073/images/000121.jpg",
      "accident_id": 0,
      "accident_name": "normal",
      "objects": []
    },
    {
      "frame_id": 122,
      "image_path": "frames/JkYzYrJpSoQ_000073/images/000122.jpg",
      "accident_id": 0,
      "accident_name": "normal",
      "objects": []
    },
    {
      "frame_id": 123,
      "image_path": "frames/JkYzYrJpSoQ_000073/images/000123.jpg",
      "accident_id": 0,
      "accident_name": "normal",
      "objects": []
    },
    {
      "frame_id": 124,
      "image_path": "frames/JkYzYrJpSoQ_000073/images/000124.jpg",
      "accident_id": 0,
      "accident_name": "normal",
      "objects": []
    },
    {
      "frame_id": 125,
      "image_path": "frames/JkYzYrJpSoQ_000073/images/000125.jpg",
      "accident_id": 0,
      "accident_name": "normal",
      "objects": []
    },
    {
      "frame_id": 126,
      "image_path": "frames/JkYzYrJpSoQ_000073/images/000126.jpg",
      "accident_id": 0,
      "accident_name": "normal",
      "objects": []
    },
    {
      "frame_id": 127,
      "image_path": "frames/JkYzYrJpSoQ_000073/images/000127.jpg",
      "accident_id": 0,
      "accident_name": "normal",
      "objects": []
    },
    {
      "frame_id": 128,
      "image_path": "frames/JkYzYrJpSoQ_000073/images/000128.jpg",
      "accident_id": 0,
      "accident_name": "normal",
      "objects": []
    },
    {
      "frame_id": 129,
      "image_path": "frames/JkYzYrJpSoQ_000073/images/000129.jpg",
      "accident_id": 0,
      "accident_name": "normal",
      "objects": []
    },
    {
      "frame_id": 130,
      "image_path": "frames/JkYzYrJpSoQ_000073/images/000130.jpg",
      "accident_id": 0,
      "accident_name": "normal",
      "objects": []
    },
    {
      "frame_id": 131,
      "image_path": "frames/JkYzYrJpSoQ_000073/images/000131.jpg",
      "accident_id": 0,
      "accident_name": "normal",
      "objects": []
    },
    {
      "frame_id": 132,
      "image_path": "frames/JkYzYrJpSoQ_000073/images/000132.jpg",
      "accident_id": 0,
      "accident_name": "normal",
      "objects": []
    },
    {
      "frame_id": 133,
      "image_path": "frames/JkYzYrJpSoQ_000073/images/000133.jpg",
      "accident_id": 0,
      "accident_name": "normal",
      "objects": []
    },
    {
      "frame_id": 134,
      "image_path": "frames/JkYzYrJpSoQ_000073/images/000134.jpg",
      "accident_id": 0,
      "accident_name": "normal",
      "objects": []
    },
    {
      "frame_id": 135,
      "image_path": "frames/JkYzYrJpSoQ_000073/images/000135.jpg",
      "accident_id": 0,
      "accident_name": "normal",
      "objects": []
    },
    {
      "frame_id": 136,
      "image_path": "frames/JkYzYrJpSoQ_000073/images/000136.jpg",
      "accident_id": 0,
      "accident_name": "normal",
      "objects": []
    }
  ]
}