{
  "video_name": "l1XbmdmGr0Q_000062",
  "channel": "AnAn",
  "num_frames": 106,
  "ignore": false,
  "ego_involve": true,
  "night": false,
  "anomaly_start": 40,
  "anomaly_end": 63,
  "video_start": 62,
  "video_end": 167,
  "accident_id": "2",
  "accident_name": "moving_ahead_or_waiting",
  "labels": [
    {
      "frame_id": 0,
      "image_path": "frames/l1XbmdmGr0Q_000062/images/000000.jpg",
      "accident_id": 0,
      "accident_name": "normal",
      "objects": []
    },
    {
      "frame_id": 1,
      "image_path": "frames/l1XbmdmGr0Q_000062/images/000001.jpg",
      "accident_id": 0,
      "accident_name": "normal",
      "objects": []
    },
    {
      "frame_id": 2,
      "image_path": "frames/l1XbmdmGr0Q_000062/images/000002.jpg",
      "accident_id": 0,
      "accident_name": "normal",
      "objects": []
    },
    {
      "frame_id": 3,
      "image_path": "frames/l1XbmdmGr0Q_000062/images/000003.jpg",
      "accident_id": 0,
      "accident_name": "normal",
      "objects": []
    },
    {
      "frame_id": 4,
      "image_path": "frames/l1XbmdmGr0Q_000062/images/000004.jpg",
      "accident_id": 0,
      "accident_name": "normal",
      "objects": []
    },
    {
      "frame_id": 5,
      "image_path": "frames/l1XbmdmGr0Q_000062/images/000005.jpg",
      "accident_id": 0,
      "accident_name": "normal",
      "objects": []
    },
    {
      "frame_id": 6,
      "image_path": "frames/l1XbmdmGr0Q_000062/images/000006.jpg",
      "accident_id": 0,
      "accident_name": "normal",
      "objects": []
    },
    {
      "frame_id": 7,
      "image_path": "frames/l1XbmdmGr0Q_000062/images/000007.jpg",
      "accident_id": 0,
      "accident_name": "normal",
      "objects": []
    },
    {
      "frame_id": 8,
      "image_path": "frames/l1XbmdmGr0Q_000062/images/000008.jpg",
      "accident_id": 0,
      "accident_name": "normal",
      "objects": []
    },
    {
      "frame_id": 9,
      "image_path": "frames/l1XbmdmGr0Q_000062/images/000009.jpg",
      "accident_id": 0,
      "accident_name": "normal",
      "objects": []
    },
    {
      "frame_id": 10,
      "image_path": "frames/l1XbmdmGr0Q_000062/images/000010.jpg",
      "accident_id": 0,
      "accident_name": "normal",
      "objects": []
    },
    {
      "frame_id": 11,
      "image_path": "frames/l1XbmdmGr0Q_000062/images/000011.jpg",
      "accident_id": 0,
      "accident_name": "normal",
      "objects": []
    },
    {
      "frame_id": 12,
      "image_path": "frames/l1XbmdmGr0Q_000062/images/000012.jpg",
      "accident_id": 0,
      "accident_name": "normal",
      "objects": []
    },
    {
      "frame_id": 13,
      "image_path": "frames/l1XbmdmGr0Q_000062/images/000013.jpg",
      "accident_id": 0,
      "accident_name": "normal",
      "objects": []
    },
    {
      "frame_id": 14,
      "image_path": "frames/l1XbmdmGr0Q_000062/images/000014.jpg",
      "accident_id": 0,
      "accident_name": "normal",
      "objects": []
    },
    {
      "frame_id": 15,
      "image_path": "frames/l1XbmdmGr0Q_000062/images/000015.jpg",
      "accident_id": 0,
      "accident_name": "normal",
      "objects": []
    },
    {
      "frame_id": 16,
      "image_path": "frames/l1XbmdmGr0Q_000062/images/000016.jpg",
      "accident_id": 0,
      "accident_name": "normal",
      "objects": []
    },
    {
      "frame_id": 17,
      "image_path": "frames/l1XbmdmGr0Q_000062/images/000017.jpg",
      "accident_id": 0,
      "accident_name": "normal",
      "objects": []
    },
    {
      "frame_id": 18,
      "image_path": "frames/l1XbmdmGr0Q_000062/images/000018.jpg",
      "accident_id": 0,
      "accident_name": "normal",
      "objects": []
    },
    {
      "frame_id": 19,
      "image_path": "frames/l1XbmdmGr0Q_000062/images/000019.jpg",
      "accident_id": 0,
      "accident_name": "normal",
      "objects": []
    },
    {
      "frame_id": 20,
      "image_path": "frames/l1XbmdmGr0Q_000062/images/000020.jpg",
      "accident_id": 0,
      "accident_name": "normal",
      "objects": []
    },
    {
      "frame_id": 21,
      "image_path": "frames/l1XbmdmGr0Q_000062/images/000021.jpg",
      "accident_id": 0,
      "accident_name": "normal",
      "objects": []
    },
    {
      "frame_id": 22,
      "image_path": "frames/l1XbmdmGr0Q_000062/images/000022.jpg",
      "accident_id": 0,
      "accident_name": "normal",
      "objects": []
    },
    {
      "frame_id": 23,
      "image_path": "frames/l1XbmdmGr0Q_000062/images/000023.jpg",
      "accident_id": 0,
      "accident_name": "normal",
      "objects": []
    },
    {
      "frame_id": 24,
      "image_path": "frames/l1XbmdmGr0Q_000062/images/000024.jpg",
      "accident_id": 0,
      "accident_name": "normal",
      "objects": []
    },
    {
      "frame_id": 25,
      "image_path": "frames/l1XbmdmGr0Q_000062/images/000025.jpg",
      "accident_id": 0,
      "accident_name": "normal",
      "objects": []
    },
    {
      "frame_id": 26,
      "image_path": "frames/l1XbmdmGr0Q_000062/images/000026.jpg",
      "accident_id": 0,
      "accident_name": "normal",
      "objects": []
    },
    {
      "frame_id": 27,
      "image_path": "frames/l1XbmdmGr0Q_000062/images/000027.jpg",
      "accident_id": 0,
      "accident_name": "normal",
      "objects": []
    },
    {
      "frame_id": 28,
      "image_path": "frames/l1XbmdmGr0Q_000062/images/000028.jpg",
      "accident_id": 0,
      "accident_name": "normal",
      "objects": []
    },
    {
      "frame_id": 29,
      "image_path": "frames/l1XbmdmGr0Q_000062/images/000029.jpg",
      "accident_id": 0,
      "accident_name": "normal",
      "objects": []
    },
    {
      "frame_id": 30,
      "image_path": "frames/l1XbmdmGr0Q_000062/images/000030.jpg",
      "accident_id": 0,
      "accident_name": "normal",
      "objects": []
    },
    {
      "frame_id": 31,
      "image_path": "frames/l1XbmdmGr0Q_000062/images/000031.jpg",
      "accident_id": 0,
      "accident_name": "normal",
      "objects": []
    },
    {
      "frame_id": 32,
      "image_path": "frames/l1XbmdmGr0Q_000062/images/000032.jpg",
      "accident_id": 0,
      "accident_name": "normal",
      "objects": []
    },
    {
      "frame_id": 33,
      "image_path": "frames/l1XbmdmGr0Q_000062/images/000033.jpg",
      "accident_id": 0,
      "accident_name": "normal",
      "objects": []
    },
    {
      "frame_id": 34,
      "image_path": "frames/l1XbmdmGr0Q_000062/images/000034.jpg",
      "accident_id": 0,
      "accident_name": "normal",
      "objects": []
    },
    {
      "frame_id": 35,
      "image_path": "frames/l1XbmdmGr0Q_000062/images/000035.jpg",
      "accident_id": 0,
      "accident_name": "normal",
      "objects": []
    },
    {
      "frame_id": 36,
      "image_path": "frames/l1XbmdmGr0Q_000062/images/000036.jpg",
      "accident_id": 0,
      "accident_name": "normal",
      "objects": []
    },
    {
      "frame_id": 37,
      "image_path": "frames/l1XbmdmGr0Q_000062/images/000037.jpg",
      "accident_id": 0,
      "accident_name": "normal",
      "objects": []
    },
    {
      "frame_id": 38,
      "image_path": "frames/l1XbmdmGr0Q_000062/images/000038.jpg",
      "accident_id": 0,
      "accident_name": "normal",
      "objects": []
    },
    {
      "frame_id": 39,
      "image_path": "frames/l1XbmdmGr0Q_000062/images/000039.jpg",
      "accident_id": 0,
      "accident_name": "normal",
      "objects": []
    },
    {
      "frame_id": 40,
      "image_path": "frames/l1XbmdmGr0Q_000062/images/000040.jpg",
      "accident_id": 2,
      "accident_name": "moving_ahead_or_waiting",
      "objects": [
        {
          "obj_track_id": 0,
          "bbox": [
            510.495382031906,
            355.73467674223343,
            772.7287993282956,
            593.2493702770781
          ],
          "category": "truck",
          "category ID": 5,
          "trunc": false
        }
      ]
    },
    {
      "frame_id": 41,
      "image_path": "frames/l1XbmdmGr0Q_000062/images/000041.jpg",
      "accident_id": 2,
      "accident_name": "moving_ahead_or_waiting",
      "objects": [
        {
          "obj_track_id": 0,
          "bbox": [
            530.9151973131823,
            360.0335852225021,
            820.016792611251,
            607.2208228379513
          ],
          "category": "truck",
          "category ID": 5,
          "trunc": false
        }
      ]
    },
    {
      "frame_id": 42,
      "image_path": "frames/l1XbmdmGr0Q_000062/images/000042.jpg",
      "accident_id": 2,
      "accident_name": "moving_ahead_or_waiting",
      "objects": [
        {
          "obj_track_id": 0,
          "bbox": [
            555.6339210747271,
            360.0335852225021,
            875.9026028547439,
            624.416456759026
          ],
          "category": "truck",
          "category ID": 5,
          "trunc": false
        }
      ]
    },
    {
      "frame_id": 43,
      "image_path": "frames/l1XbmdmGr0Q_000062/images/000043.jpg",
      "accident_id": 2,
      "accident_name": "moving_ahead_or_waiting",
      "objects": [
        {
          "obj_track_id": 0,
          "bbox": [
            585.7262804366079,
            353.5852225020991,
            948.9840470193116,
            627.6406381192276
          ],
          "category": "truck",
          "category ID": 5,
          "trunc": false
        }
      ]
    },
    {
      "frame_id": 44,
      "image_path": "frames/l1XbmdmGr0Q_000062/images/000044.jpg",
      "accident_id": 2,
      "accident_name": "moving_ahead_or_waiting",
      "objects": [
        {
          "obj_track_id": 0,
          "bbox": [
            626.5659109991605,
            344.9874055415617,
            1039.2611251049539,
            624.416456759026
          ],
          "category": "truck",
          "category ID": 5,
          "trunc": false
        }
      ]
    },
    {
      "frame_id": 45,
      "image_path": "frames/l1XbmdmGr0Q_000062/images/000045.jpg",
      "accident_id": 2,
      "accident_name": "moving_ahead_or_waiting",
      "objects": [
        {
          "obj_track_id": 0,
          "bbox": [
            683.5264483627204,
            331.0159529806885,
            1144.5843828715365,
            609.3702770780857
          ],
          "category": "truck",
          "category ID": 5,
          "trunc": false
        }
      ]
    },
    {
      "frame_id": 46,
      "image_path": "frames/l1XbmdmGr0Q_000062/images/000046.jpg",
      "accident_id": 2,
      "accident_name": "moving_ahead_or_waiting",
      "objects": [
        {
          "obj_track_id": 0,
          "bbox": [
            770.5793450881613,
            311.67086481947945,
            1254.206549118388,
            612.5944584382872
          ],
          "category": "truck",
          "category ID": 5,
          "trunc": false
        }
      ]
    },
    {
      "frame_id": 47,
      "image_path": "frames/l1XbmdmGr0Q_000062/images/000047.jpg",
      "accident_id": 2,
      "accident_name": "moving_ahead_or_waiting",
      "objects": [
        {
          "obj_track_id": 0,
          "bbox": [
            804.9706129303107,
            293.40050377833757,
            1254.206549118388,
            612.5944584382872
          ],
          "category": "truck",
          "category ID": 5,
          "trunc": false
        }
      ]
    },
    {
      "frame_id": 48,
      "image_path": "frames/l1XbmdmGr0Q_000062/images/000048.jpg",
      "accident_id": 2,
      "accident_name": "moving_ahead_or_waiting",
      "objects": [
        {
          "obj_track_id": 0,
          "bbox": [
            844.735516372796,
            275.69955817378496,
            1264.5066273932252,
            620.1175482787573
          ],
          "category": "truck",
          "category ID": 5,
          "trunc": false
        }
      ]
    },
    {
      "frame_id": 49,
      "image_path": "frames/l1XbmdmGr0Q_000062/images/000049.jpg",
      "accident_id": 2,
      "accident_name": "moving_ahead_or_waiting",
      "objects": [
        {
          "obj_track_id": 0,
          "bbox": [
            885.5751469353485,
            205.71428571428572,
            1267.6877761413843,
            626.5659109991605
          ],
          "category": "truck",
          "category ID": 5,
          "trunc": false
        }
      ]
    },
    {
      "frame_id": 50,
      "image_path": "frames/l1XbmdmGr0Q_000062/images/000050.jpg",
      "accident_id": 2,
      "accident_name": "moving_ahead_or_waiting",
      "objects": [
        {
          "obj_track_id": 0,
          "bbox": [
            918.8916876574308,
            163.29896907216497,
            1267.6877761413843,
            615.8186397984887
          ],
          "category": "truck",
          "category ID": 5,
          "trunc": false
        }
      ]
    },
    {
      "frame_id": 51,
      "image_path": "frames/l1XbmdmGr0Q_000062/images/000051.jpg",
      "accident_id": 2,
      "accident_name": "moving_ahead_or_waiting",
      "objects": [
        {
          "obj_track_id": 0,
          "bbox": [
            957.5818639798489,
            164.35935198821798,
            1267.6877761413843,
            619.0428211586902
          ],
          "category": "truck",
          "category ID": 5,
          "trunc": false
        }
      ]
    },
    {
      "frame_id": 52,
      "image_path": "frames/l1XbmdmGr0Q_000062/images/000052.jpg",
      "accident_id": 2,
      "accident_name": "moving_ahead_or_waiting",
      "objects": [
        {
          "obj_track_id": 0,
          "bbox": [
            988.7489504617969,
            186.62739322533136,
            1267.6877761413843,
            619.0428211586902
          ],
          "category": "truck",
          "category ID": 5,
          "trunc": false
        }
      ]
    },
    {
      "frame_id": 53,
      "image_path": "frames/l1XbmdmGr0Q_000062/images/000053.jpg",
      "accident_id": 2,
      "accident_name": "moving_ahead_or_waiting",
      "objects": [
        {
          "obj_track_id": 0,
          "bbox": [
            1003.7951301427372,
            186.62739322533136,
            1267.6877761413843,
            619.0428211586902
          ],
          "category": "truck",
          "category ID": 5,
          "trunc": false
        }
      ]
    },
    {
      "frame_id": 54,
      "image_path": "frames/l1XbmdmGr0Q_000062/images/000054.jpg",
      "accident_id": 2,
      "accident_name": "moving_ahead_or_waiting",
      "objects": [
        {
          "obj_track_id": 0,
          "bbox": [
            1014.0050377833753,
            191.92930780559647,
            1267.6877761413843,
            619.0428211586902
          ],
          "category": "truck",
          "category ID": 5,
          "trunc": false
        }
      ]
    },
    {
      "frame_id": 55,
      "image_path": "frames/l1XbmdmGr0Q_000062/images/000055.jpg",
      "accident_id": 2,
      "accident_name": "moving_ahead_or_waiting",
      "objects": [
        {
          "obj_track_id": 0,
          "bbox": [
            1024.2149454240134,
            163.29896907216497,
            1267.6877761413843,
            619.0428211586902
          ],
          "category": "truck",
          "category ID": 5,
          "trunc": false
        }
      ]
    },
    {
      "frame_id": 56,
      "image_path": "frames/l1XbmdmGr0Q_000062/images/000056.jpg",
      "accident_id": 2,
      "accident_name": "moving_ahead_or_waiting",
      "objects": [
        {
          "obj_track_id": 0,
          "bbox": [
            1029.5885810243494,
            135.72901325478645,
            1267.6877761413843,
            619.0428211586902
          ],
          "category": "truck",
          "category ID": 5,
          "trunc": false
        }
      ]
    },
    {
      "frame_id": 57,
      "image_path": "frames/l1XbmdmGr0Q_000062/images/000057.jpg",
      "accident_id": 2,
      "accident_name": "moving_ahead_or_waiting",
      "objects": [
        {
          "obj_track_id": 0,
          "bbox": [
            1017.7665827036104,
            121.94403534609721,
            1267.6877761413843,
            619.0428211586902
          ],
          "category": "truck",
          "category ID": 5,
          "trunc": false
        }
      ]
    },
    {
      "frame_id": 58,
      "image_path": "frames/l1XbmdmGr0Q_000062/images/000058.jpg",
      "accident_id": 2,
      "accident_name": "moving_ahead_or_waiting",
      "objects": [
        {
          "obj_track_id": 0,
          "bbox": [
            1013.4676742233418,
            127.2459499263623,
            1267.6877761413843,
            619.0428211586902
          ],
          "category": "truck",
          "category ID": 5,
          "trunc": false
        }
      ]
    },
    {
      "frame_id": 59,
      "image_path": "frames/l1XbmdmGr0Q_000062/images/000059.jpg",
      "accident_id": 2,
      "accident_name": "moving_ahead_or_waiting",
      "objects": [
        {
          "obj_track_id": 0,
          "bbox": [
            1015.6171284634761,
            123.00441826215022,
            1267.6877761413843,
            619.0428211586902
          ],
          "category": "truck",
          "category ID": 5,
          "trunc": false
        }
      ]
    },
    {
      "frame_id": 60,
      "image_path": "frames/l1XbmdmGr0Q_000062/images/000060.jpg",
      "accident_id": 2,
      "accident_name": "moving_ahead_or_waiting",
      "objects": [
        {
          "obj_track_id": 0,
          "bbox": [
            1014.0050377833753,
            127.2459499263623,
            1267.6877761413843,
            619.0428211586902
          ],
          "category": "truck",
          "category ID": 5,
          "trunc": false
        }
      ]
    },
    {
      "frame_id": 61,
      "image_path": "frames/l1XbmdmGr0Q_000062/images/000061.jpg",
      "accident_id": 2,
      "accident_name": "moving_ahead_or_waiting",
      "objects": [
        {
          "obj_track_id": 0,
          "bbox": [
            1012.3929471032745,
            133.60824742268042,
            1267.6877761413843,
            619.0428211586902
          ],
          "category": "truck",
          "category ID": 5,
          "trunc": false
        }
      ]
    },
    {
      "frame_id": 62,
      "image_path": "frames/l1XbmdmGr0Q_000062/images/000062.jpg",
      "accident_id": 2,
      "accident_name": "moving_ahead_or_waiting",
      "objects": [
        {
          "obj_track_id": 0,
          "bbox": [
            1010.7808564231739,
            129.36671575846833,
            1267.6877761413843,
            619.0428211586902
          ],
          "category": "truck",
          "category ID": 5,
          "trunc": false
        }
      ]
    },
    {
      "frame_id": 63,
      "image_path": "frames/l1XbmdmGr0Q_000062/images/000063.jpg",
      "accident_id": 0,
      "accident_name": "normal",
      "objects": []
    },
    {
      "frame_id": 64,
      "image_path": "frames/l1XbmdmGr0Q_000062/images/000064.jpg",
      "accident_id": 0,
      "accident_name": "normal",
      "objects": []
    },
    {
      "frame_id": 65,
      "image_path": "frames/l1XbmdmGr0Q_000062/images/000065.jpg",
      "accident_id": 0,
      "accident_name": "normal",
      "objects": []
    },
    {
      "frame_id": 66,
      "image_path": "frames/l1XbmdmGr0Q_000062/images/000066.jpg",
      "accident_id": 0,
      "accident_name": "normal",
      "objects": []
    },
    {
      "frame_id": 67,
      "image_path": "frames/l1XbmdmGr0Q_000062/images/000067.jpg",
      "accident_id": 0,
      "accident_name": "normal",
      "objects": []
    },
    {
      "frame_id": 68,
      "image_path": "frames/l1XbmdmGr0Q_000062/images/000068.jpg",
      "accident_id": 0,
      "accident_name": "normal",
      "objects": []
    },
    {
      "frame_id": 69,
      "image_path": "frames/l1XbmdmGr0Q_000062/images/000069.jpg",
      "accident_id": 0,
      "accident_name": "normal",
      "objects": []
    },
    {
      "frame_id": 70,
      "image_path": "frames/l1XbmdmGr0Q_000062/images/000070.jpg",
      "accident_id": 0,
      "accident_name": "normal",
      "objects": []
    },
    {
      "frame_id": 71,
      "image_path": "frames/l1XbmdmGr0Q_000062/images/000071.jpg",
      "accident_id": 0,
      "accident_name": "normal",
      "objects": []
    },
    {
      "frame_id": 72,
      "image_path": "frames/l1XbmdmGr0Q_000062/images/000072.jpg",
      "accident_id": 0,
      "accident_name": "normal",
      "objects": []
    },
    {
      "frame_id": 73,
      "image_path": "frames/l1XbmdmGr0Q_000062/images/000073.jpg",
      "accident_id": 0,
      "accident_name": "normal",
      "objects": []
    },
    {
      "frame_id": 74,
      "image_path": "frames/l1XbmdmGr0Q_000062/images/000074.jpg",
      "accident_id": 0,
      "accident_name": "normal",
      "objects": []
    },
    {
      "frame_id": 75,
      "image_path": "frames/l1XbmdmGr0Q_000062/images/000075.jpg",
      "accident_id": 0,
      "accident_name": "normal",
      "objects": []
    },
    {
      "frame_id": 76,
      "image_path": "frames/l1XbmdmGr0Q_000062/images/000076.jpg",
      "accident_id": 0,
      "accident_name": "normal",
      "objects": []
    },
    {
      "frame_id": 77,
      "image_path": "frames/l1XbmdmGr0Q_000062/images/000077.jpg",
      "accident_id": 0,
      "accident_name": "normal",
      "objects": []
    },
    {
      "frame_id": 78,
      "image_path": "frames/l1XbmdmGr0Q_000062/images/000078.jpg",
      "accident_id": 0,
      "accident_name": "normal",
      "objects": []
    },
    {
      "frame_id": 79,
      "image_path": "frames/l1XbmdmGr0Q_000062/images/000079.jpg",
      "accident_id": 0,
      "accident_name": "normal",
      "objects": []
    },
    {
      "frame_id": 80,
      "image_path": "frames/l1XbmdmGr0Q_000062/images/000080.jpg",
      "accident_id": 0,
      "accident_name": "normal",
      "objects": []
    },
    {
      "frame_id": 81,
      "image_path": "frames/l1XbmdmGr0Q_000062/images/000081.jpg",
      "accident_id": 0,
      "accident_name": "normal",
      "objects": []
    },
    {
      "frame_id": 82,
      "image_path": "frames/l1XbmdmGr0Q_000062/images/000082.jpg",
      "accident_id": 0,
      "accident_name": "normal",
      "objects": []
    },
    {
      "frame_id": 83,
      "image_path": "frames/l1XbmdmGr0Q_000062/images/000083.jpg",
      "accident_id": 0,
      "accident_name": "normal",
      "objects": []
    },
    {
      "frame_id": 84,
      "image_path": "frames/l1XbmdmGr0Q_000062/images/000084.jpg",
      "accident_id": 0,
      "accident_name": "normal",
      "objects": []
    },
    {
      "frame_id": 85,
      "image_path": "frames/l1XbmdmGr0Q_000062/images/000085.jpg",
      "accident_id": 0,
      "accident_name": "normal",
      "objects": []
    },
    {
      "frame_id": 86,
      "image_path": "frames/l1XbmdmGr0Q_000062/images/000086.jpg",
      "accident_id": 0,
      "accident_name": "normal",
      "objects": []
    },
    {
      "frame_id": 87,
      "image_path": "frames/l1XbmdmGr0Q_000062/images/000087.jpg",
      "accident_id": 0,
      "accident_name": "normal",
      "objects": []
    },
    {
      "frame_id": 88,
      "image_path": "frames/l1XbmdmGr0Q_000062/images/000088.jpg",
      "accident_id": 0,
      "accident_name": "normal",
      "objects": []
    },
    {
      "frame_id": 89,
      "image_path": "frames/l1XbmdmGr0Q_000062/images/000089.jpg",
      "accident_id": 0,
      "accident_name": "normal",
      "objects": []
    },
    {
      "frame_id": 90,
      "image_path": "frames/l1XbmdmGr0Q_000062/images/000090.jpg",
      "accident_id": 0,
      "accident_name": "normal",
      "objects": []
    },
    {
      "frame_id": 91,
      "image_path": "frames/l1XbmdmGr0Q_000062/images/000091.jpg",
      "accident_id": 0,
      "accident_name": "normal",
      "objects": []
    },
    {
      "frame_id": 92,
      "image_path": "frames/l1XbmdmGr0Q_000062/images/000092.jpg",
      "accident_id": 0,
      "accident_name": "normal",
      "objects": []
    },
    {
      "frame_id": 93,
      "image_path": "frames/l1XbmdmGr0Q_000062/images/000093.jpg",
      "accident_id": 0,
      "accident_name": "normal",
      "objects": []
    },
    {
      "frame_id": 94,
      "image_path": "frames/l1XbmdmGr0Q_000062/images/000094.jpg",
      "accident_id": 0,
      "accident_name": "normal",
      "objects": []
    },
    {
      "frame_id": 95,
      "image_path": "frames/l1XbmdmGr0Q_000062/images/000095.jpg",
      "accident_id": 0,
      "accident_name": "normal",
      "objects": []
    },
    {
      "frame_id": 96,
      "image_path": "frames/l1XbmdmGr0Q_000062/images/000096.jpg",
      "accident_id": 0,
      "accident_name": "normal",
      "objects": []
    },
    {
      "frame_id": 97,
      "image_path": "frames/l1XbmdmGr0Q_000062/images/000097.jpg",
      "accident_id": 0,
      "accident_name": "normal",
      "objects": []
    },
    {
      "frame_id": 98,
      "image_path": "frames/l1XbmdmGr0Q_000062/images/000098.jpg",
      "accident_id": 0,
      "accident_name": "normal",
      "objects": []
    },
    {
      "frame_id": 99,
      "image_path": "frames/l1XbmdmGr0Q_000062/images/000099.jpg",
      "accident_id": 0,
      "accident_name": "normal",
      "objects": []
    },
    {
      "frame_id": 100,
      "image_path": "frames/l1XbmdmGr0Q_000062/images/000100.jpg",
      "accident_id": 0,
      "accident_name": "normal",
      "objects": []
    },
    {
      "frame_id": 101,
      "image_path": "frames/l1XbmdmGr0Q_000062/images/000101.jpg",
      "accident_id": 0,
      "accident_name": "normal",
      "objects": []
    },
    {
      "frame_id": 102,
      "image_path": "frames/l1XbmdmGr0Q_000062/images/000102.jpg",
      "accident_id": 0,
      "accident_name": "normal",
      "objects": []
    },
    {
      "frame_id": 103,
      "image_path": "frames/l1XbmdmGr0Q_000062/images/000103.jpg",
      "accident_id": 0,
      "accident_name": "normal",
      "objects": []
    },
    {
      "frame_id": 104,
      "image_path": "frames/l1XbmdmGr0Q_000062/images/000104.jpg",
      "accident_id": 0,
      "accident_name": "normal",
      "objects": []
    },
    {
      "frame_id": 105,
      "image_path": "frames/l1XbmdmGr0Q_000062/images/000105.jpg",
      "accident_id": 0,
      "accident_name": "normal",
      "objects": []
    }
  ]
}