{
  "video_name": "LfKfK4I5RPE_005082",
  "channel": "CarCrashesTime",
  "num_frames": 181,
  "ignore": false,
  "ego_involve": false,
  "night": false,
  "anomaly_start": 32,
  "anomaly_end": 144,
  "video_start": 5082,
  "video_end": 5262,
  "accident_id": "9",
  "accident_name": "leave_to_left",
  "labels": [
    {
      "frame_id": 0,
      "image_path": "frames/LfKfK4I5RPE_005082/images/000000.jpg",
      "accident_id": 0,
      "accident_name": "normal",
      "objects": []
    },
    {
      "frame_id": 1,
      "image_path": "frames/LfKfK4I5RPE_005082/images/000001.jpg",
      "accident_id": 0,
      "accident_name": "normal",
      "objects": []
    },
    {
      "frame_id": 2,
      "image_path": "frames/LfKfK4I5RPE_005082/images/000002.jpg",
      "accident_id": 0,
      "accident_name": "normal",
      "objects": []
    },
    {
      "frame_id": 3,
      "image_path": "frames/LfKfK4I5RPE_005082/images/000003.jpg",
      "accident_id": 0,
      "accident_name": "normal",
      "objects": []
    },
    {
      "frame_id": 4,
      "image_path": "frames/LfKfK4I5RPE_005082/images/000004.jpg",
      "accident_id": 0,
      "accident_name": "normal",
      "objects": []
    },
    {
      "frame_id": 5,
      "image_path": "frames/LfKfK4I5RPE_005082/images/000005.jpg",
      "accident_id": 0,
      "accident_name": "normal",
      "objects": []
    },
    {
      "frame_id": 6,
      "image_path": "frames/LfKfK4I5RPE_005082/images/000006.jpg",
      "accident_id": 0,
      "accident_name": "normal",
      "objects": []
    },
    {
      "frame_id": 7,
      "image_path": "frames/LfKfK4I5RPE_005082/images/000007.jpg",
      "accident_id": 0,
      "accident_name": "normal",
      "objects": []
    },
    {
      "frame_id": 8,
      "image_path": "frames/LfKfK4I5RPE_005082/images/000008.jpg",
      "accident_id": 0,
      "accident_name": "normal",
      "objects": []
    },
    {
      "frame_id": 9,
      "image_path": "frames/LfKfK4I5RPE_005082/images/000009.jpg",
      "accident_id": 0,
      "accident_name": "normal",
      "objects": []
    },
    {
      "frame_id": 10,
      "image_path": "frames/LfKfK4I5RPE_005082/images/000010.jpg",
      "accident_id": 0,
      "accident_name": "normal",
      "objects": []
    },
    {
      "frame_id": 11,
      "image_path": "frames/LfKfK4I5RPE_005082/images/000011.jpg",
      "accident_id": 0,
      "accident_name": "normal",
      "objects": []
    },
    {
      "frame_id": 12,
      "image_path": "frames/LfKfK4I5RPE_005082/images/000012.jpg",
      "accident_id": 0,
      "accident_name": "normal",
      "objects": []
    },
    {
      "frame_id": 13,
      "image_path": "frames/LfKfK4I5RPE_005082/images/000013.jpg",
      "accident_id": 0,
      "accident_name": "normal",
      "objects": []
    },
    {
      "frame_id": 14,
      "image_path": "frames/LfKfK4I5RPE_005082/images/000014.jpg",
      "accident_id": 0,
      "accident_name": "normal",
      "objects": []
    },
    {
      "frame_id": 15,
      "image_path": "frames/LfKfK4I5RPE_005082/images/000015.jpg",
      "accident_id": 0,
      "accident_name": "normal",
      "objects": []
    },
    {
      "frame_id": 16,
      "image_path": "frames/LfKfK4I5RPE_005082/images/000016.jpg",
      "accident_id": 0,
      "accident_name": "normal",
      "objects": []
    },
    {
      "frame_id": 17,
      "image_path": "frames/LfKfK4I5RPE_005082/images/000017.jpg",
      "accident_id": 0,
      "accident_name": "normal",
      "objects": []
    },
    {
      "frame_id": 18,
      "image_path": "frames/LfKfK4I5RPE_005082/images/000018.jpg",
      "accident_id": 0,
      "accident_name": "normal",
      "objects": []
    },
    {
      "frame_id": 19,
      "image_path": "frames/LfKfK4I5RPE_005082/images/000019.jpg",
      "accident_id": 0,
      "accident_name": "normal",
      "objects": []
    },
    {
      "frame_id": 20,
      "image_path": "frames/LfKfK4I5RPE_005082/images/000020.jpg",
      "accident_id": 0,
      "accident_name": "normal",
      "objects": []
    },
    {
      "frame_id": 21,
      "image_path": "frames/LfKfK4I5RPE_005082/images/000021.jpg",
      "accident_id": 0,
      "accident_name": "normal",
      "objects": []
    },
    {
      "frame_id": 22,
      "image_path": "frames/LfKfK4I5RPE_005082/images/000022.jpg",
      "accident_id": 0,
      "accident_name": "normal",
      "objects": []
    },
    {
      "frame_id": 23,
      "image_path": "frames/LfKfK4I5RPE_005082/images/000023.jpg",
      "accident_id": 0,
      "accident_name": "normal",
      "objects": []
    },
    {
      "frame_id": 24,
      "image_path": "frames/LfKfK4I5RPE_005082/images/000024.jpg",
      "accident_id": 0,
      "accident_name": "normal",
      "objects": []
    },
    {
      "frame_id": 25,
      "image_path": "frames/LfKfK4I5RPE_005082/images/000025.jpg",
      "accident_id": 0,
      "accident_name": "normal",
      "objects": []
    },
    {
      "frame_id": 26,
      "image_path": "frames/LfKfK4I5RPE_005082/images/000026.jpg",
      "accident_id": 0,
      "accident_name": "normal",
      "objects": []
    },
    {
      "frame_id": 27,
      "image_path": "frames/LfKfK4I5RPE_005082/images/000027.jpg",
      "accident_id": 0,
      "accident_name": "normal",
      "objects": []
    },
    {
      "frame_id": 28,
      "image_path": "frames/LfKfK4I5RPE_005082/images/000028.jpg",
      "accident_id": 0,
      "accident_name": "normal",
      "objects": []
    },
    {
      "frame_id": 29,
      "image_path": "frames/LfKfK4I5RPE_005082/images/000029.jpg",
      "accident_id": 0,
      "accident_name": "normal",
      "objects": []
    },
    {
      "frame_id": 30,
      "image_path": "frames/LfKfK4I5RPE_005082/images/000030.jpg",
      "accident_id": 0,
      "accident_name": "normal",
      "objects": []
    },
    {
      "frame_id": 31,
      "image_path": "frames/LfKfK4I5RPE_005082/images/000031.jpg",
      "accident_id": 0,
      "accident_name": "normal",
      "objects": []
    },
    {
      "frame_id": 32,
      "image_path": "frames/LfKfK4I5RPE_005082/images/000032.jpg",
      "accident_id": 9,
      "accident_name": "leave_to_left",
      "objects": [
        {
          "obj_track_id": 0,
          "bbox": [
            595.0071736011478,
            357.4175035868006,
            733.428981348637,
            450.3873744619799
          ],
          "category": "car",
          "category ID": 3,
          "trunc": false
        }
      ]
    },
    {
      "frame_id": 33,
      "image_path": "frames/LfKfK4I5RPE_005082/images/000033.jpg",
      "accident_id": 9,
      "accident_name": "leave_to_left",
      "objects": [
        {
          "obj_track_id": 0,
          "bbox": [
            588.8091822094691,
            359.48350071736013,
            740.6599713055954,
            455.5523672883788
          ],
          "category": "car",
          "category ID": 3,
          "trunc": false
        }
      ]
    },
    {
      "frame_id": 34,
      "image_path": "frames/LfKfK4I5RPE_005082/images/000034.jpg",
      "accident_id": 9,
      "accident_name": "leave_to_left",
      "objects": [
        {
          "obj_track_id": 0,
          "bbox": [
            582.6111908177905,
            355.35150645624105,
            747.8909612625538,
            456.5853658536585
          ],
          "category": "car",
          "category ID": 3,
          "trunc": false
        }
      ]
    },
    {
      "frame_id": 35,
      "image_path": "frames/LfKfK4I5RPE_005082/images/000035.jpg",
      "accident_id": 9,
      "accident_name": "leave_to_left",
      "objects": [
        {
          "obj_track_id": 0,
          "bbox": [
            577.4461979913917,
            355.35150645624105,
            757.1879483500717,
            454.519368723099
          ],
          "category": "car",
          "category ID": 3,
          "trunc": false
        }
      ]
    },
    {
      "frame_id": 36,
      "image_path": "frames/LfKfK4I5RPE_005082/images/000036.jpg",
      "accident_id": 9,
      "accident_name": "leave_to_left",
      "objects": [
        {
          "obj_track_id": 0,
          "bbox": [
            573.3142037302727,
            355.35150645624105,
            767.5179340028694,
            452.45337159253944
          ],
          "category": "car",
          "category ID": 3,
          "trunc": false
        }
      ]
    },
    {
      "frame_id": 37,
      "image_path": "frames/LfKfK4I5RPE_005082/images/000037.jpg",
      "accident_id": 9,
      "accident_name": "leave_to_left",
      "objects": [
        {
          "obj_track_id": 0,
          "bbox": [
            568.1492109038737,
            357.4175035868006,
            779.9139167862267,
            454.519368723099
          ],
          "category": "car",
          "category ID": 3,
          "trunc": false
        }
      ]
    },
    {
      "frame_id": 38,
      "image_path": "frames/LfKfK4I5RPE_005082/images/000038.jpg",
      "accident_id": 9,
      "accident_name": "leave_to_left",
      "objects": [
        {
          "obj_track_id": 0,
          "bbox": [
            564.0172166427546,
            355.35150645624105,
            789.2109038737447,
            458.65136298421805
          ],
          "category": "car",
          "category ID": 3,
          "trunc": false
        }
      ]
    },
    {
      "frame_id": 39,
      "image_path": "frames/LfKfK4I5RPE_005082/images/000039.jpg",
      "accident_id": 9,
      "accident_name": "leave_to_left",
      "objects": [
        {
          "obj_track_id": 0,
          "bbox": [
            557.8192252510761,
            353.2855093256815,
            809.87087517934,
            462.7833572453372
          ],
          "category": "car",
          "category ID": 3,
          "trunc": false
        }
      ]
    },
    {
      "frame_id": 40,
      "image_path": "frames/LfKfK4I5RPE_005082/images/000040.jpg",
      "accident_id": 9,
      "accident_name": "leave_to_left",
      "objects": [
        {
          "obj_track_id": 0,
          "bbox": [
            555.7532281205165,
            356.3845050215208,
            822.2668579626973,
            461.7503586800574
          ],
          "category": "car",
          "category ID": 3,
          "trunc": false
        }
      ]
    },
    {
      "frame_id": 41,
      "image_path": "frames/LfKfK4I5RPE_005082/images/000041.jpg",
      "accident_id": 9,
      "accident_name": "leave_to_left",
      "objects": [
        {
          "obj_track_id": 0,
          "bbox": [
            554.7202295552368,
            356.3845050215208,
            831.5638450502151,
            465.88235294117646
          ],
          "category": "car",
          "category ID": 3,
          "trunc": false
        }
      ]
    },
    {
      "frame_id": 42,
      "image_path": "frames/LfKfK4I5RPE_005082/images/000042.jpg",
      "accident_id": 9,
      "accident_name": "leave_to_left",
      "objects": [
        {
          "obj_track_id": 0,
          "bbox": [
            556.7862266857962,
            354.31850789096126,
            850.157819225251,
            470.01434720229554
          ],
          "category": "car",
          "category ID": 3,
          "trunc": false
        }
      ]
    },
    {
      "frame_id": 43,
      "image_path": "frames/LfKfK4I5RPE_005082/images/000043.jpg",
      "accident_id": 9,
      "accident_name": "leave_to_left",
      "objects": [
        {
          "obj_track_id": 0,
          "bbox": [
            560.9182209469153,
            357.4175035868006,
            857.3888091822095,
            468.9813486370158
          ],
          "category": "car",
          "category ID": 3,
          "trunc": false
        }
      ]
    },
    {
      "frame_id": 44,
      "image_path": "frames/LfKfK4I5RPE_005082/images/000044.jpg",
      "accident_id": 9,
      "accident_name": "leave_to_left",
      "objects": [
        {
          "obj_track_id": 0,
          "bbox": [
            568.1492109038737,
            352.2525107604017,
            873.9167862266858,
            467.948350071736
          ],
          "category": "car",
          "category ID": 3,
          "trunc": false
        }
      ]
    },
    {
      "frame_id": 45,
      "image_path": "frames/LfKfK4I5RPE_005082/images/000045.jpg",
      "accident_id": 9,
      "accident_name": "leave_to_left",
      "objects": [
        {
          "obj_track_id": 0,
          "bbox": [
            572.2812051649928,
            354.31850789096126,
            884.2467718794835,
            467.948350071736
          ],
          "category": "car",
          "category ID": 3,
          "trunc": false
        }
      ]
    },
    {
      "frame_id": 46,
      "image_path": "frames/LfKfK4I5RPE_005082/images/000046.jpg",
      "accident_id": 9,
      "accident_name": "leave_to_left",
      "objects": [
        {
          "obj_track_id": 0,
          "bbox": [
            580.545193687231,
            356.3845050215208,
            898.7087517934003,
            470.01434720229554
          ],
          "category": "car",
          "category ID": 3,
          "trunc": false
        }
      ]
    },
    {
      "frame_id": 47,
      "image_path": "frames/LfKfK4I5RPE_005082/images/000047.jpg",
      "accident_id": 9,
      "accident_name": "leave_to_left",
      "objects": [
        {
          "obj_track_id": 0,
          "bbox": [
            587.7761836441894,
            353.2855093256815,
            912.1377331420373,
            468.9813486370158
          ],
          "category": "car",
          "category ID": 3,
          "trunc": false
        }
      ]
    },
    {
      "frame_id": 48,
      "image_path": "frames/LfKfK4I5RPE_005082/images/000048.jpg",
      "accident_id": 9,
      "accident_name": "leave_to_left",
      "objects": [
        {
          "obj_track_id": 0,
          "bbox": [
            600.1721664275466,
            352.2525107604017,
            921.4347202295552,
            468.9813486370158
          ],
          "category": "car",
          "category ID": 3,
          "trunc": false
        }
      ]
    },
    {
      "frame_id": 49,
      "image_path": "frames/LfKfK4I5RPE_005082/images/000049.jpg",
      "accident_id": 9,
      "accident_name": "leave_to_left",
      "objects": [
        {
          "obj_track_id": 0,
          "bbox": [
            618.7661406025825,
            352.2525107604017,
            941.0616929698708,
            471.04734576757534
          ],
          "category": "car",
          "category ID": 3,
          "trunc": false
        }
      ]
    },
    {
      "frame_id": 50,
      "image_path": "frames/LfKfK4I5RPE_005082/images/000050.jpg",
      "accident_id": 9,
      "accident_name": "leave_to_left",
      "objects": [
        {
          "obj_track_id": 0,
          "bbox": [
            629.0961262553802,
            353.2855093256815,
            953.4576757532282,
            466.91535150645626
          ],
          "category": "car",
          "category ID": 3,
          "trunc": false
        }
      ]
    },
    {
      "frame_id": 51,
      "image_path": "frames/LfKfK4I5RPE_005082/images/000051.jpg",
      "accident_id": 9,
      "accident_name": "leave_to_left",
      "objects": [
        {
          "obj_track_id": 0,
          "bbox": [
            636.3271162123386,
            354.31850789096126,
            961.7216642754663,
            466.91535150645626
          ],
          "category": "car",
          "category ID": 3,
          "trunc": false
        }
      ]
    },
    {
      "frame_id": 52,
      "image_path": "frames/LfKfK4I5RPE_005082/images/000052.jpg",
      "accident_id": 9,
      "accident_name": "leave_to_left",
      "objects": [
        {
          "obj_track_id": 0,
          "bbox": [
            646.6571018651363,
            355.35150645624105,
            972.0516499282639,
            468.9813486370158
          ],
          "category": "car",
          "category ID": 3,
          "trunc": false
        }
      ]
    },
    {
      "frame_id": 53,
      "image_path": "frames/LfKfK4I5RPE_005082/images/000053.jpg",
      "accident_id": 9,
      "accident_name": "leave_to_left",
      "objects": [
        {
          "obj_track_id": 0,
          "bbox": [
            656.987087517934,
            354.31850789096126,
            980.3156384505022,
            470.01434720229554
          ],
          "category": "car",
          "category ID": 3,
          "trunc": false
        }
      ]
    },
    {
      "frame_id": 54,
      "image_path": "frames/LfKfK4I5RPE_005082/images/000054.jpg",
      "accident_id": 9,
      "accident_name": "leave_to_left",
      "objects": [
        {
          "obj_track_id": 0,
          "bbox": [
            673.5150645624103,
            353.2855093256815,
            988.5796269727404,
            470.01434720229554
          ],
          "category": "car",
          "category ID": 3,
          "trunc": false
        }
      ]
    },
    {
      "frame_id": 55,
      "image_path": "frames/LfKfK4I5RPE_005082/images/000055.jpg",
      "accident_id": 9,
      "accident_name": "leave_to_left",
      "objects": [
        {
          "obj_track_id": 0,
          "bbox": [
            682.8120516499282,
            356.3845050215208,
            995.8106169296987,
            465.88235294117646
          ],
          "category": "car",
          "category ID": 3,
          "trunc": false
        }
      ]
    },
    {
      "frame_id": 56,
      "image_path": "frames/LfKfK4I5RPE_005082/images/000056.jpg",
      "accident_id": 9,
      "accident_name": "leave_to_left",
      "objects": [
        {
          "obj_track_id": 0,
          "bbox": [
            694.1750358680057,
            351.2195121951219,
            1008.206599713056,
            464.8493543758967
          ],
          "category": "car",
          "category ID": 3,
          "trunc": false
        }
      ]
    },
    {
      "frame_id": 57,
      "image_path": "frames/LfKfK4I5RPE_005082/images/000057.jpg",
      "accident_id": 9,
      "accident_name": "leave_to_left",
      "objects": [
        {
          "obj_track_id": 0,
          "bbox": [
            711.7360114777618,
            350.1865136298422,
            1009.2395982783357,
            465.88235294117646
          ],
          "category": "car",
          "category ID": 3,
          "trunc": false
        }
      ]
    },
    {
      "frame_id": 58,
      "image_path": "frames/LfKfK4I5RPE_005082/images/000058.jpg",
      "accident_id": 9,
      "accident_name": "leave_to_left",
      "objects": [
        {
          "obj_track_id": 0,
          "bbox": [
            711.7360114777618,
            350.1865136298422,
            1007.1736011477761,
            465.88235294117646
          ],
          "category": "car",
          "category ID": 3,
          "trunc": false
        }
      ]
    },
    {
      "frame_id": 59,
      "image_path": "frames/LfKfK4I5RPE_005082/images/000059.jpg",
      "accident_id": 9,
      "accident_name": "leave_to_left",
      "objects": [
        {
          "obj_track_id": 0,
          "bbox": [
            717.9340028694404,
            354.31850789096126,
            1000.9756097560976,
            464.8493543758967
          ],
          "category": "car",
          "category ID": 3,
          "trunc": false
        }
      ]
    },
    {
      "frame_id": 60,
      "image_path": "frames/LfKfK4I5RPE_005082/images/000060.jpg",
      "accident_id": 9,
      "accident_name": "leave_to_left",
      "objects": [
        {
          "obj_track_id": 0,
          "bbox": [
            720,
            355.35150645624105,
            1000.9756097560976,
            468.9813486370158
          ],
          "category": "car",
          "category ID": 3,
          "trunc": false
        }
      ]
    },
    {
      "frame_id": 61,
      "image_path": "frames/LfKfK4I5RPE_005082/images/000061.jpg",
      "accident_id": 9,
      "accident_name": "leave_to_left",
      "objects": [
        {
          "obj_track_id": 0,
          "bbox": [
            726.1979913916787,
            355.35150645624105,
            998.909612625538,
            467.948350071736
          ],
          "category": "car",
          "category ID": 3,
          "trunc": false
        }
      ]
    },
    {
      "frame_id": 62,
      "image_path": "frames/LfKfK4I5RPE_005082/images/000062.jpg",
      "accident_id": 9,
      "accident_name": "leave_to_left",
      "objects": [
        {
          "obj_track_id": 0,
          "bbox": [
            735.4949784791966,
            355.35150645624105,
            995.8106169296987,
            465.88235294117646
          ],
          "category": "car",
          "category ID": 3,
          "trunc": false
        }
      ]
    },
    {
      "frame_id": 63,
      "image_path": "frames/LfKfK4I5RPE_005082/images/000063.jpg",
      "accident_id": 9,
      "accident_name": "leave_to_left",
      "objects": [
        {
          "obj_track_id": 0,
          "bbox": [
            743.7589670014347,
            355.35150645624105,
            995.8106169296987,
            460.7173601147776
          ],
          "category": "car",
          "category ID": 3,
          "trunc": false
        }
      ]
    },
    {
      "frame_id": 64,
      "image_path": "frames/LfKfK4I5RPE_005082/images/000064.jpg",
      "accident_id": 9,
      "accident_name": "leave_to_left",
      "objects": [
        {
          "obj_track_id": 0,
          "bbox": [
            757.1879483500717,
            353.2855093256815,
            991.6786226685796,
            459.68436154949785
          ],
          "category": "car",
          "category ID": 3,
          "trunc": false
        }
      ]
    },
    {
      "frame_id": 65,
      "image_path": "frames/LfKfK4I5RPE_005082/images/000065.jpg",
      "accident_id": 9,
      "accident_name": "leave_to_left",
      "objects": [
        {
          "obj_track_id": 0,
          "bbox": [
            756.1549497847919,
            355.35150645624105,
            984.4476327116213,
            459.68436154949785
          ],
          "category": "car",
          "category ID": 3,
          "trunc": false
        }
      ]
    },
    {
      "frame_id": 66,
      "image_path": "frames/LfKfK4I5RPE_005082/images/000066.jpg",
      "accident_id": 9,
      "accident_name": "leave_to_left",
      "objects": [
        {
          "obj_track_id": 0,
          "bbox": [
            780.9469153515065,
            355.35150645624105,
            977.2166427546629,
            461.7503586800574
          ],
          "category": "car",
          "category ID": 3,
          "trunc": false
        }
      ]
    },
    {
      "frame_id": 67,
      "image_path": "frames/LfKfK4I5RPE_005082/images/000067.jpg",
      "accident_id": 9,
      "accident_name": "leave_to_left",
      "objects": [
        {
          "obj_track_id": 0,
          "bbox": [
            795.4088952654232,
            356.3845050215208,
            965.8536585365854,
            459.68436154949785
          ],
          "category": "car",
          "category ID": 3,
          "trunc": false
        }
      ]
    },
    {
      "frame_id": 68,
      "image_path": "frames/LfKfK4I5RPE_005082/images/000068.jpg",
      "accident_id": 9,
      "accident_name": "leave_to_left",
      "objects": [
        {
          "obj_track_id": 0,
          "bbox": [
            794.3758967001435,
            353.2855093256815,
            960.6886657101865,
            457.6183644189383
          ],
          "category": "car",
          "category ID": 3,
          "trunc": false
        }
      ]
    },
    {
      "frame_id": 69,
      "image_path": "frames/LfKfK4I5RPE_005082/images/000069.jpg",
      "accident_id": 9,
      "accident_name": "leave_to_left",
      "objects": [
        {
          "obj_track_id": 0,
          "bbox": [
            809.87087517934,
            355.35150645624105,
            952.4246771879483,
            459.68436154949785
          ],
          "category": "car",
          "category ID": 3,
          "trunc": false
        }
      ]
    },
    {
      "frame_id": 70,
      "image_path": "frames/LfKfK4I5RPE_005082/images/000070.jpg",
      "accident_id": 9,
      "accident_name": "leave_to_left",
      "objects": [
        {
          "obj_track_id": 0,
          "bbox": [
            824.3328550932569,
            354.31850789096126,
            946.2266857962697,
            459.68436154949785
          ],
          "category": "car",
          "category ID": 3,
          "trunc": false
        }
      ]
    },
    {
      "frame_id": 71,
      "image_path": "frames/LfKfK4I5RPE_005082/images/000071.jpg",
      "accident_id": 9,
      "accident_name": "leave_to_left",
      "objects": [
        {
          "obj_track_id": 0,
          "bbox": [
            822.2668579626973,
            354.31850789096126,
            934.8637015781923,
            458.65136298421805
          ],
          "category": "car",
          "category ID": 3,
          "trunc": false
        }
      ]
    },
    {
      "frame_id": 72,
      "image_path": "frames/LfKfK4I5RPE_005082/images/000072.jpg",
      "accident_id": 9,
      "accident_name": "leave_to_left",
      "objects": [
        {
          "obj_track_id": 0,
          "bbox": [
            819.1678622668579,
            356.3845050215208,
            932.7977044476327,
            458.65136298421805
          ],
          "category": "car",
          "category ID": 3,
          "trunc": false
        }
      ]
    },
    {
      "frame_id": 73,
      "image_path": "frames/LfKfK4I5RPE_005082/images/000073.jpg",
      "accident_id": 9,
      "accident_name": "leave_to_left",
      "objects": [
        {
          "obj_track_id": 0,
          "bbox": [
            819.1678622668579,
            356.3845050215208,
            925.5667144906744,
            456.5853658536585
          ],
          "category": "car",
          "category ID": 3,
          "trunc": false
        }
      ]
    },
    {
      "frame_id": 74,
      "image_path": "frames/LfKfK4I5RPE_005082/images/000074.jpg",
      "accident_id": 9,
      "accident_name": "leave_to_left",
      "objects": [
        {
          "obj_track_id": 0,
          "bbox": [
            815.0358680057388,
            356.3845050215208,
            945.19368723099,
            448.32137733142036
          ],
          "category": "car",
          "category ID": 3,
          "trunc": false
        }
      ]
    },
    {
      "frame_id": 75,
      "image_path": "frames/LfKfK4I5RPE_005082/images/000075.jpg",
      "accident_id": 9,
      "accident_name": "leave_to_left",
      "objects": [
        {
          "obj_track_id": 0,
          "bbox": [
            811.9368723098995,
            355.35150645624105,
            952.4246771879483,
            444.1893830703013
          ],
          "category": "car",
          "category ID": 3,
          "trunc": false
        }
      ]
    },
    {
      "frame_id": 76,
      "image_path": "frames/LfKfK4I5RPE_005082/images/000076.jpg",
      "accident_id": 9,
      "accident_name": "leave_to_left",
      "objects": [
        {
          "obj_track_id": 0,
          "bbox": [
            814.0028694404591,
            356.3845050215208,
            961.7216642754663,
            441.09038737446195
          ],
          "category": "car",
          "category ID": 3,
          "trunc": false
        }
      ]
    },
    {
      "frame_id": 77,
      "image_path": "frames/LfKfK4I5RPE_005082/images/000077.jpg",
      "accident_id": 9,
      "accident_name": "leave_to_left",
      "objects": [
        {
          "obj_track_id": 0,
          "bbox": [
            808.8378766140603,
            355.35150645624105,
            967.9196556671449,
            440.0573888091822
          ],
          "category": "car",
          "category ID": 3,
          "trunc": false
        }
      ]
    },
    {
      "frame_id": 78,
      "image_path": "frames/LfKfK4I5RPE_005082/images/000078.jpg",
      "accident_id": 9,
      "accident_name": "leave_to_left",
      "objects": [
        {
          "obj_track_id": 0,
          "bbox": [
            803.6728837876614,
            354.31850789096126,
            975.1506456241033,
            437.9913916786227
          ],
          "category": "car",
          "category ID": 3,
          "trunc": false
        }
      ]
    },
    {
      "frame_id": 79,
      "image_path": "frames/LfKfK4I5RPE_005082/images/000079.jpg",
      "accident_id": 9,
      "accident_name": "leave_to_left",
      "objects": [
        {
          "obj_track_id": 0,
          "bbox": [
            802.6398852223816,
            354.31850789096126,
            984.4476327116213,
            442.12338593974175
          ],
          "category": "car",
          "category ID": 3,
          "trunc": false
        }
      ]
    },
    {
      "frame_id": 80,
      "image_path": "frames/LfKfK4I5RPE_005082/images/000080.jpg",
      "accident_id": 9,
      "accident_name": "leave_to_left",
      "objects": [
        {
          "obj_track_id": 0,
          "bbox": [
            801.6068866571019,
            358.45050215208033,
            987.5466284074605,
            444.1893830703013
          ],
          "category": "car",
          "category ID": 3,
          "trunc": false
        }
      ]
    },
    {
      "frame_id": 81,
      "image_path": "frames/LfKfK4I5RPE_005082/images/000081.jpg",
      "accident_id": 9,
      "accident_name": "leave_to_left",
      "objects": [
        {
          "obj_track_id": 0,
          "bbox": [
            799.5408895265423,
            357.4175035868006,
            1002.0086083213773,
            447.2883787661406
          ],
          "category": "car",
          "category ID": 3,
          "trunc": false
        }
      ]
    },
    {
      "frame_id": 82,
      "image_path": "frames/LfKfK4I5RPE_005082/images/000082.jpg",
      "accident_id": 9,
      "accident_name": "leave_to_left",
      "objects": [
        {
          "obj_track_id": 0,
          "bbox": [
            799.5408895265423,
            355.35150645624105,
            1008.206599713056,
            445.2223816355811
          ],
          "category": "car",
          "category ID": 3,
          "trunc": false
        }
      ]
    },
    {
      "frame_id": 83,
      "image_path": "frames/LfKfK4I5RPE_005082/images/000083.jpg",
      "accident_id": 9,
      "accident_name": "leave_to_left",
      "objects": [
        {
          "obj_track_id": 0,
          "bbox": [
            797.4748923959828,
            355.35150645624105,
            1018.5365853658536,
            446.2553802008608
          ],
          "category": "car",
          "category ID": 3,
          "trunc": false
        }
      ]
    },
    {
      "frame_id": 84,
      "image_path": "frames/LfKfK4I5RPE_005082/images/000084.jpg",
      "accident_id": 9,
      "accident_name": "leave_to_left",
      "objects": [
        {
          "obj_track_id": 0,
          "bbox": [
            794.3758967001435,
            355.35150645624105,
            1019.5695839311335,
            448.32137733142036
          ],
          "category": "car",
          "category ID": 3,
          "trunc": false
        }
      ]
    },
    {
      "frame_id": 85,
      "image_path": "frames/LfKfK4I5RPE_005082/images/000085.jpg",
      "accident_id": 9,
      "accident_name": "leave_to_left",
      "objects": [
        {
          "obj_track_id": 0,
          "bbox": [
            795.4088952654232,
            355.35150645624105,
            1036.0975609756097,
            446.2553802008608
          ],
          "category": "car",
          "category ID": 3,
          "trunc": false
        }
      ]
    },
    {
      "frame_id": 86,
      "image_path": "frames/LfKfK4I5RPE_005082/images/000086.jpg",
      "accident_id": 9,
      "accident_name": "leave_to_left",
      "objects": [
        {
          "obj_track_id": 0,
          "bbox": [
            795.4088952654232,
            355.35150645624105,
            1037.1305595408896,
            446.2553802008608
          ],
          "category": "car",
          "category ID": 3,
          "trunc": false
        }
      ]
    },
    {
      "frame_id": 87,
      "image_path": "frames/LfKfK4I5RPE_005082/images/000087.jpg",
      "accident_id": 9,
      "accident_name": "leave_to_left",
      "objects": [
        {
          "obj_track_id": 0,
          "bbox": [
            790.2439024390244,
            357.4175035868006,
            1031.9655667144907,
            444.1893830703013
          ],
          "category": "car",
          "category ID": 3,
          "trunc": false
        }
      ]
    },
    {
      "frame_id": 88,
      "image_path": "frames/LfKfK4I5RPE_005082/images/000088.jpg",
      "accident_id": 9,
      "accident_name": "leave_to_left",
      "objects": [
        {
          "obj_track_id": 0,
          "bbox": [
            794.3758967001435,
            358.45050215208033,
            1029.8995695839312,
            445.2223816355811
          ],
          "category": "car",
          "category ID": 3,
          "trunc": false
        }
      ]
    },
    {
      "frame_id": 89,
      "image_path": "frames/LfKfK4I5RPE_005082/images/000089.jpg",
      "accident_id": 9,
      "accident_name": "leave_to_left",
      "objects": [
        {
          "obj_track_id": 0,
          "bbox": [
            800.5738880918221,
            358.45050215208033,
            1031.9655667144907,
            451.4203730272597
          ],
          "category": "car",
          "category ID": 3,
          "trunc": false
        }
      ]
    },
    {
      "frame_id": 90,
      "image_path": "frames/LfKfK4I5RPE_005082/images/000090.jpg",
      "accident_id": 9,
      "accident_name": "leave_to_left",
      "objects": [
        {
          "obj_track_id": 0,
          "bbox": [
            812.9698708751794,
            358.45050215208033,
            1024.7345767575323,
            450.3873744619799
          ],
          "category": "car",
          "category ID": 3,
          "trunc": false
        }
      ]
    },
    {
      "frame_id": 91,
      "image_path": "frames/LfKfK4I5RPE_005082/images/000091.jpg",
      "accident_id": 9,
      "accident_name": "leave_to_left",
      "objects": [
        {
          "obj_track_id": 0,
          "bbox": [
            828.4648493543759,
            356.3845050215208,
            1012.3385939741751,
            451.4203730272597
          ],
          "category": "car",
          "category ID": 3,
          "trunc": false
        }
      ]
    },
    {
      "frame_id": 92,
      "image_path": "frames/LfKfK4I5RPE_005082/images/000092.jpg",
      "accident_id": 9,
      "accident_name": "leave_to_left",
      "objects": [
        {
          "obj_track_id": 0,
          "bbox": [
            840.8608321377332,
            357.4175035868006,
            997.8766140602582,
            452.45337159253944
          ],
          "category": "car",
          "category ID": 3,
          "trunc": false
        }
      ]
    },
    {
      "frame_id": 93,
      "image_path": "frames/LfKfK4I5RPE_005082/images/000093.jpg",
      "accident_id": 9,
      "accident_name": "leave_to_left",
      "objects": [
        {
          "obj_track_id": 0,
          "bbox": [
            855.32281205165,
            354.31850789096126,
            972.0516499282639,
            454.519368723099
          ],
          "category": "car",
          "category ID": 3,
          "trunc": false
        }
      ]
    },
    {
      "frame_id": 94,
      "image_path": "frames/LfKfK4I5RPE_005082/images/000094.jpg",
      "accident_id": 9,
      "accident_name": "leave_to_left",
      "objects": [
        {
          "obj_track_id": 0,
          "bbox": [
            850.157819225251,
            356.3845050215208,
            960.6886657101865,
            454.519368723099
          ],
          "category": "car",
          "category ID": 3,
          "trunc": false
        }
      ]
    },
    {
      "frame_id": 95,
      "image_path": "frames/LfKfK4I5RPE_005082/images/000095.jpg",
      "accident_id": 9,
      "accident_name": "leave_to_left",
      "objects": [
        {
          "obj_track_id": 0,
          "bbox": [
            829.4978479196557,
            356.3845050215208,
            971.0186513629842,
            454.519368723099
          ],
          "category": "car",
          "category ID": 3,
          "trunc": false
        }
      ]
    },
    {
      "frame_id": 96,
      "image_path": "frames/LfKfK4I5RPE_005082/images/000096.jpg",
      "accident_id": 9,
      "accident_name": "leave_to_left",
      "objects": [
        {
          "obj_track_id": 0,
          "bbox": [
            809.87087517934,
            354.31850789096126,
            983.4146341463414,
            454.519368723099
          ],
          "category": "car",
          "category ID": 3,
          "trunc": false
        }
      ]
    },
    {
      "frame_id": 97,
      "image_path": "frames/LfKfK4I5RPE_005082/images/000097.jpg",
      "accident_id": 9,
      "accident_name": "leave_to_left",
      "objects": [
        {
          "obj_track_id": 0,
          "bbox": [
            793.3428981348637,
            356.3845050215208,
            991.6786226685796,
            451.4203730272597
          ],
          "category": "car",
          "category ID": 3,
          "trunc": false
        }
      ]
    },
    {
      "frame_id": 98,
      "image_path": "frames/LfKfK4I5RPE_005082/images/000098.jpg",
      "accident_id": 9,
      "accident_name": "leave_to_left",
      "objects": [
        {
          "obj_track_id": 0,
          "bbox": [
            777.8479196556672,
            354.31850789096126,
            1004.0746054519369,
            454.519368723099
          ],
          "category": "car",
          "category ID": 3,
          "trunc": false
        }
      ]
    },
    {
      "frame_id": 99,
      "image_path": "frames/LfKfK4I5RPE_005082/images/000099.jpg",
      "accident_id": 9,
      "accident_name": "leave_to_left",
      "objects": [
        {
          "obj_track_id": 0,
          "bbox": [
            771.6499282639885,
            354.31850789096126,
            1019.5695839311335,
            455.5523672883788
          ],
          "category": "car",
          "category ID": 3,
          "trunc": false
        }
      ]
    },
    {
      "frame_id": 100,
      "image_path": "frames/LfKfK4I5RPE_005082/images/000100.jpg",
      "accident_id": 9,
      "accident_name": "leave_to_left",
      "objects": [
        {
          "obj_track_id": 0,
          "bbox": [
            769.583931133429,
            355.35150645624105,
            1024.7345767575323,
            453.48637015781924
          ],
          "category": "car",
          "category ID": 3,
          "trunc": false
        }
      ]
    },
    {
      "frame_id": 101,
      "image_path": "frames/LfKfK4I5RPE_005082/images/000101.jpg",
      "accident_id": 9,
      "accident_name": "leave_to_left",
      "objects": [
        {
          "obj_track_id": 0,
          "bbox": [
            765.45193687231,
            355.35150645624105,
            1029.8995695839312,
            455.5523672883788
          ],
          "category": "car",
          "category ID": 3,
          "trunc": false
        }
      ]
    },
    {
      "frame_id": 102,
      "image_path": "frames/LfKfK4I5RPE_005082/images/000102.jpg",
      "accident_id": 9,
      "accident_name": "leave_to_left",
      "objects": [
        {
          "obj_track_id": 0,
          "bbox": [
            770.6169296987088,
            354.31850789096126,
            1030.932568149211,
            452.45337159253944
          ],
          "category": "car",
          "category ID": 3,
          "trunc": false
        }
      ]
    },
    {
      "frame_id": 103,
      "image_path": "frames/LfKfK4I5RPE_005082/images/000103.jpg",
      "accident_id": 9,
      "accident_name": "leave_to_left",
      "objects": [
        {
          "obj_track_id": 0,
          "bbox": [
            766.4849354375897,
            353.2855093256815,
            1026.8005738880918,
            450.3873744619799
          ],
          "category": "car",
          "category ID": 3,
          "trunc": false
        }
      ]
    },
    {
      "frame_id": 104,
      "image_path": "frames/LfKfK4I5RPE_005082/images/000104.jpg",
      "accident_id": 9,
      "accident_name": "leave_to_left",
      "objects": [
        {
          "obj_track_id": 0,
          "bbox": [
            763.3859397417503,
            354.31850789096126,
            1023.7015781922526,
            450.3873744619799
          ],
          "category": "car",
          "category ID": 3,
          "trunc": false
        }
      ]
    },
    {
      "frame_id": 105,
      "image_path": "frames/LfKfK4I5RPE_005082/images/000105.jpg",
      "accident_id": 9,
      "accident_name": "leave_to_left",
      "objects": [
        {
          "obj_track_id": 0,
          "bbox": [
            765.45193687231,
            355.35150645624105,
            1018.5365853658536,
            451.4203730272597
          ],
          "category": "car",
          "category ID": 3,
          "trunc": false
        }
      ]
    },
    {
      "frame_id": 106,
      "image_path": "frames/LfKfK4I5RPE_005082/images/000106.jpg",
      "accident_id": 9,
      "accident_name": "leave_to_left",
      "objects": [
        {
          "obj_track_id": 0,
          "bbox": [
            766.4849354375897,
            357.4175035868006,
            1022.6685796269727,
            450.3873744619799
          ],
          "category": "car",
          "category ID": 3,
          "trunc": false
        }
      ]
    },
    {
      "frame_id": 107,
      "image_path": "frames/LfKfK4I5RPE_005082/images/000107.jpg",
      "accident_id": 9,
      "accident_name": "leave_to_left",
      "objects": [
        {
          "obj_track_id": 0,
          "bbox": [
            770.6169296987088,
            359.48350071736013,
            1018.5365853658536,
            450.3873744619799
          ],
          "category": "car",
          "category ID": 3,
          "trunc": false
        }
      ]
    },
    {
      "frame_id": 108,
      "image_path": "frames/LfKfK4I5RPE_005082/images/000108.jpg",
      "accident_id": 9,
      "accident_name": "leave_to_left",
      "objects": [
        {
          "obj_track_id": 0,
          "bbox": [
            778.8809182209469,
            360.51649928263987,
            1017.5035868005739,
            453.48637015781924
          ],
          "category": "car",
          "category ID": 3,
          "trunc": false
        }
      ]
    },
    {
      "frame_id": 109,
      "image_path": "frames/LfKfK4I5RPE_005082/images/000109.jpg",
      "accident_id": 9,
      "accident_name": "leave_to_left",
      "objects": [
        {
          "obj_track_id": 0,
          "bbox": [
            785.0789096126256,
            360.51649928263987,
            1015.4375896700143,
            449.35437589670016
          ],
          "category": "car",
          "category ID": 3,
          "trunc": false
        }
      ]
    },
    {
      "frame_id": 110,
      "image_path": "frames/LfKfK4I5RPE_005082/images/000110.jpg",
      "accident_id": 9,
      "accident_name": "leave_to_left",
      "objects": [
        {
          "obj_track_id": 0,
          "bbox": [
            792.3098995695839,
            360.51649928263987,
            1014.4045911047345,
            453.48637015781924
          ],
          "category": "car",
          "category ID": 3,
          "trunc": false
        }
      ]
    },
    {
      "frame_id": 111,
      "image_path": "frames/LfKfK4I5RPE_005082/images/000111.jpg",
      "accident_id": 9,
      "accident_name": "leave_to_left",
      "objects": [
        {
          "obj_track_id": 0,
          "bbox": [
            799.5408895265423,
            361.54949784791967,
            1012.3385939741751,
            452.45337159253944
          ],
          "category": "car",
          "category ID": 3,
          "trunc": false
        }
      ]
    },
    {
      "frame_id": 112,
      "image_path": "frames/LfKfK4I5RPE_005082/images/000112.jpg",
      "accident_id": 9,
      "accident_name": "leave_to_left",
      "objects": [
        {
          "obj_track_id": 0,
          "bbox": [
            803.6728837876614,
            361.54949784791967,
            1012.3385939741751,
            453.48637015781924
          ],
          "category": "car",
          "category ID": 3,
          "trunc": false
        }
      ]
    },
    {
      "frame_id": 113,
      "image_path": "frames/LfKfK4I5RPE_005082/images/000113.jpg",
      "accident_id": 9,
      "accident_name": "leave_to_left",
      "objects": [
        {
          "obj_track_id": 0,
          "bbox": [
            810.9038737446198,
            362.5824964131994,
            1011.3055954088952,
            453.48637015781924
          ],
          "category": "car",
          "category ID": 3,
          "trunc": false
        }
      ]
    },
    {
      "frame_id": 114,
      "image_path": "frames/LfKfK4I5RPE_005082/images/000114.jpg",
      "accident_id": 9,
      "accident_name": "leave_to_left",
      "objects": [
        {
          "obj_track_id": 0,
          "bbox": [
            817.1018651362984,
            362.5824964131994,
            1010.2725968436155,
            456.5853658536585
          ],
          "category": "car",
          "category ID": 3,
          "trunc": false
        }
      ]
    },
    {
      "frame_id": 115,
      "image_path": "frames/LfKfK4I5RPE_005082/images/000115.jpg",
      "accident_id": 9,
      "accident_name": "leave_to_left",
      "objects": [
        {
          "obj_track_id": 0,
          "bbox": [
            817.1018651362984,
            362.5824964131994,
            1008.206599713056,
            456.5853658536585
          ],
          "category": "car",
          "category ID": 3,
          "trunc": false
        }
      ]
    },
    {
      "frame_id": 116,
      "image_path": "frames/LfKfK4I5RPE_005082/images/000116.jpg",
      "accident_id": 9,
      "accident_name": "leave_to_left",
      "objects": [
        {
          "obj_track_id": 0,
          "bbox": [
            821.2338593974175,
            359.48350071736013,
            1008.206599713056,
            456.5853658536585
          ],
          "category": "car",
          "category ID": 3,
          "trunc": false
        }
      ]
    },
    {
      "frame_id": 117,
      "image_path": "frames/LfKfK4I5RPE_005082/images/000117.jpg",
      "accident_id": 9,
      "accident_name": "leave_to_left",
      "objects": []
    },
    {
      "frame_id": 118,
      "image_path": "frames/LfKfK4I5RPE_005082/images/000118.jpg",
      "accident_id": 9,
      "accident_name": "leave_to_left",
      "objects": []
    },
    {
      "frame_id": 119,
      "image_path": "frames/LfKfK4I5RPE_005082/images/000119.jpg",
      "accident_id": 9,
      "accident_name": "leave_to_left",
      "objects": []
    },
    {
      "frame_id": 120,
      "image_path": "frames/LfKfK4I5RPE_005082/images/000120.jpg",
      "accident_id": 9,
      "accident_name": "leave_to_left",
      "objects": []
    },
    {
      "frame_id": 121,
      "image_path": "frames/LfKfK4I5RPE_005082/images/000121.jpg",
      "accident_id": 9,
      "accident_name": "leave_to_left",
      "objects": []
    },
    {
      "frame_id": 122,
      "image_path": "frames/LfKfK4I5RPE_005082/images/000122.jpg",
      "accident_id": 9,
      "accident_name": "leave_to_left",
      "objects": []
    },
    {
      "frame_id": 123,
      "image_path": "frames/LfKfK4I5RPE_005082/images/000123.jpg",
      "accident_id": 9,
      "accident_name": "leave_to_left",
      "objects": []
    },
    {
      "frame_id": 124,
      "image_path": "frames/LfKfK4I5RPE_005082/images/000124.jpg",
      "accident_id": 9,
      "accident_name": "leave_to_left",
      "objects": []
    },
    {
      "frame_id": 125,
      "image_path": "frames/LfKfK4I5RPE_005082/images/000125.jpg",
      "accident_id": 9,
      "accident_name": "leave_to_left",
      "objects": []
    },
    {
      "frame_id": 126,
      "image_path": "frames/LfKfK4I5RPE_005082/images/000126.jpg",
      "accident_id": 9,
      "accident_name": "leave_to_left",
      "objects": []
    },
    {
      "frame_id": 127,
      "image_path": "frames/LfKfK4I5RPE_005082/images/000127.jpg",
      "accident_id": 9,
      "accident_name": "leave_to_left",
      "objects": [
        {
          "obj_track_id": 95,
          "bbox": [
            878.8571428571429,
            332.57142857142856,
            1278.857142857143,
            563.4285714285714
          ],
          "category": "car",
          "category ID": 3,
          "trunc": false
        }
      ]
    },
    {
      "frame_id": 128,
      "image_path": "frames/LfKfK4I5RPE_005082/images/000128.jpg",
      "accident_id": 9,
      "accident_name": "leave_to_left",
      "objects": [
        {
          "obj_track_id": 95,
          "bbox": [
            763.4285714285714,
            344,
            1234.2857142857142,
            546
          ],
          "category": "car",
          "category ID": 3,
          "trunc": false
        }
      ]
    },
    {
      "frame_id": 129,
      "image_path": "frames/LfKfK4I5RPE_005082/images/000129.jpg",
      "accident_id": 9,
      "accident_name": "leave_to_left",
      "objects": [
        {
          "obj_track_id": 95,
          "bbox": [
            726.4761904761905,
            344.3809523809524,
            1163.4285714285713,
            548.5714285714286
          ],
          "category": "car",
          "category ID": 3,
          "trunc": false
        }
      ]
    },
    {
      "frame_id": 130,
      "image_path": "frames/LfKfK4I5RPE_005082/images/000130.jpg",
      "accident_id": 9,
      "accident_name": "leave_to_left",
      "objects": [
        {
          "obj_track_id": 95,
          "bbox": [
            689.5238095238095,
            344.7619047619048,
            1058.857142857143,
            521.1428571428571
          ],
          "category": "car",
          "category ID": 3,
          "trunc": false
        }
      ]
    },
    {
      "frame_id": 131,
      "image_path": "frames/LfKfK4I5RPE_005082/images/000131.jpg",
      "accident_id": 9,
      "accident_name": "leave_to_left",
      "objects": [
        {
          "obj_track_id": 95,
          "bbox": [
            652.5714285714286,
            345.14285714285717,
            954.2857142857143,
            493.7142857142857
          ],
          "category": "car",
          "category ID": 3,
          "trunc": false
        }
      ]
    },
    {
      "frame_id": 132,
      "image_path": "frames/LfKfK4I5RPE_005082/images/000132.jpg",
      "accident_id": 9,
      "accident_name": "leave_to_left",
      "objects": [
        {
          "obj_track_id": 95,
          "bbox": [
            648,
            348.57142857142856,
            926.8571428571429,
            485.7142857142857
          ],
          "category": "car",
          "category ID": 3,
          "trunc": false
        }
      ]
    },
    {
      "frame_id": 133,
      "image_path": "frames/LfKfK4I5RPE_005082/images/000133.jpg",
      "accident_id": 9,
      "accident_name": "leave_to_left",
      "objects": [
        {
          "obj_track_id": 95,
          "bbox": [
            626.8571428571429,
            348.95238095238096,
            872.5714285714287,
            470.09523809523813
          ],
          "category": "car",
          "category ID": 3,
          "trunc": false
        }
      ]
    },
    {
      "frame_id": 134,
      "image_path": "frames/LfKfK4I5RPE_005082/images/000134.jpg",
      "accident_id": 9,
      "accident_name": "leave_to_left",
      "objects": [
        {
          "obj_track_id": 95,
          "bbox": [
            605.7142857142857,
            349.3333333333333,
            818.2857142857143,
            454.4761904761905
          ],
          "category": "car",
          "category ID": 3,
          "trunc": false
        }
      ]
    },
    {
      "frame_id": 135,
      "image_path": "frames/LfKfK4I5RPE_005082/images/000135.jpg",
      "accident_id": 9,
      "accident_name": "leave_to_left",
      "objects": [
        {
          "obj_track_id": 95,
          "bbox": [
            592,
            349.7142857142857,
            787.4285714285714,
            438.85714285714283
          ],
          "category": "car",
          "category ID": 3,
          "trunc": false
        }
      ]
    },
    {
      "frame_id": 136,
      "image_path": "frames/LfKfK4I5RPE_005082/images/000136.jpg",
      "accident_id": 9,
      "accident_name": "leave_to_left",
      "objects": [
        {
          "obj_track_id": 95,
          "bbox": [
            578.2857142857143,
            352.8571428571429,
            757.7142857142857,
            434.0
          ],
          "category": "car",
          "category ID": 3,
          "trunc": false
        }
      ]
    },
    {
      "frame_id": 137,
      "image_path": "frames/LfKfK4I5RPE_005082/images/000137.jpg",
      "accident_id": 9,
      "accident_name": "leave_to_left",
      "objects": [
        {
          "obj_track_id": 95,
          "bbox": [
            572.5714285714286,
            356,
            739.4285714285714,
            429.1428571428571
          ],
          "category": "car",
          "category ID": 3,
          "trunc": false
        }
      ]
    },
    {
      "frame_id": 138,
      "image_path": "frames/LfKfK4I5RPE_005082/images/000138.jpg",
      "accident_id": 9,
      "accident_name": "leave_to_left",
      "objects": [
        {
          "obj_track_id": 95,
          "bbox": [
            560,
            359.1428571428571,
            721.1428571428571,
            424.2857142857142
          ],
          "category": "car",
          "category ID": 3,
          "trunc": false
        }
      ]
    },
    {
      "frame_id": 139,
      "image_path": "frames/LfKfK4I5RPE_005082/images/000139.jpg",
      "accident_id": 9,
      "accident_name": "leave_to_left",
      "objects": [
        {
          "obj_track_id": 95,
          "bbox": [
            565.7142857142857,
            362.2857142857143,
            702.8571428571429,
            419.42857142857144
          ],
          "category": "car",
          "category ID": 3,
          "trunc": false
        }
      ]
    },
    {
      "frame_id": 140,
      "image_path": "frames/LfKfK4I5RPE_005082/images/000140.jpg",
      "accident_id": 9,
      "accident_name": "leave_to_left",
      "objects": [
        {
          "obj_track_id": 95,
          "bbox": [
            565.7142857142857,
            362.2857142857143,
            696.0,
            417.9047619047619
          ],
          "category": "car",
          "category ID": 3,
          "trunc": false
        }
      ]
    },
    {
      "frame_id": 141,
      "image_path": "frames/LfKfK4I5RPE_005082/images/000141.jpg",
      "accident_id": 9,
      "accident_name": "leave_to_left",
      "objects": [
        {
          "obj_track_id": 95,
          "bbox": [
            565.7142857142857,
            362.2857142857143,
            689.1428571428572,
            416.38095238095235
          ],
          "category": "car",
          "category ID": 3,
          "trunc": false
        }
      ]
    },
    {
      "frame_id": 142,
      "image_path": "frames/LfKfK4I5RPE_005082/images/000142.jpg",
      "accident_id": 9,
      "accident_name": "leave_to_left",
      "objects": [
        {
          "obj_track_id": 95,
          "bbox": [
            565.7142857142857,
            362.2857142857143,
            682.2857142857143,
            414.85714285714283
          ],
          "category": "car",
          "category ID": 3,
          "trunc": false
        }
      ]
    },
    {
      "frame_id": 143,
      "image_path": "frames/LfKfK4I5RPE_005082/images/000143.jpg",
      "accident_id": 9,
      "accident_name": "leave_to_left",
      "objects": [
        {
          "obj_track_id": 95,
          "bbox": [
            578.6666666666666,
            362.2857142857143,
            682.2857142857143,
            413.3333333333333
          ],
          "category": "car",
          "category ID": 3,
          "trunc": false
        }
      ]
    },
    {
      "frame_id": 144,
      "image_path": "frames/LfKfK4I5RPE_005082/images/000144.jpg",
      "accident_id": 0,
      "accident_name": "normal",
      "objects": []
    },
    {
      "frame_id": 145,
      "image_path": "frames/LfKfK4I5RPE_005082/images/000145.jpg",
      "accident_id": 0,
      "accident_name": "normal",
      "objects": []
    },
    {
      "frame_id": 146,
      "image_path": "frames/LfKfK4I5RPE_005082/images/000146.jpg",
      "accident_id": 0,
      "accident_name": "normal",
      "objects": []
    },
    {
      "frame_id": 147,
      "image_path": "frames/LfKfK4I5RPE_005082/images/000147.jpg",
      "accident_id": 0,
      "accident_name": "normal",
      "objects": []
    },
    {
      "frame_id": 148,
      "image_path": "frames/LfKfK4I5RPE_005082/images/000148.jpg",
      "accident_id": 0,
      "accident_name": "normal",
      "objects": []
    },
    {
      "frame_id": 149,
      "image_path": "frames/LfKfK4I5RPE_005082/images/000149.jpg",
      "accident_id": 0,
      "accident_name": "normal",
      "objects": []
    },
    {
      "frame_id": 150,
      "image_path": "frames/LfKfK4I5RPE_005082/images/000150.jpg",
      "accident_id": 0,
      "accident_name": "normal",
      "objects": []
    },
    {
      "frame_id": 151,
      "image_path": "frames/LfKfK4I5RPE_005082/images/000151.jpg",
      "accident_id": 0,
      "accident_name": "normal",
      "objects": []
    },
    {
      "frame_id": 152,
      "image_path": "frames/LfKfK4I5RPE_005082/images/000152.jpg",
      "accident_id": 0,
      "accident_name": "normal",
      "objects": []
    },
    {
      "frame_id": 153,
      "image_path": "frames/LfKfK4I5RPE_005082/images/000153.jpg",
      "accident_id": 0,
      "accident_name": "normal",
      "objects": []
    },
    {
      "frame_id": 154,
      "image_path": "frames/LfKfK4I5RPE_005082/images/000154.jpg",
      "accident_id": 0,
      "accident_name": "normal",
      "objects": []
    },
    {
      "frame_id": 155,
      "image_path": "frames/LfKfK4I5RPE_005082/images/000155.jpg",
      "accident_id": 0,
      "accident_name": "normal",
      "objects": []
    },
    {
      "frame_id": 156,
      "image_path": "frames/LfKfK4I5RPE_005082/images/000156.jpg",
      "accident_id": 0,
      "accident_name": "normal",
      "objects": []
    },
    {
      "frame_id": 157,
      "image_path": "frames/LfKfK4I5RPE_005082/images/000157.jpg",
      "accident_id": 0,
      "accident_name": "normal",
      "objects": []
    },
    {
      "frame_id": 158,
      "image_path": "frames/LfKfK4I5RPE_005082/images/000158.jpg",
      "accident_id": 0,
      "accident_name": "normal",
      "objects": []
    },
    {
      "frame_id": 159,
      "image_path": "frames/LfKfK4I5RPE_005082/images/000159.jpg",
      "accident_id": 0,
      "accident_name": "normal",
      "objects": []
    },
    {
      "frame_id": 160,
      "image_path": "frames/LfKfK4I5RPE_005082/images/000160.jpg",
      "accident_id": 0,
      "accident_name": "normal",
      "objects": []
    },
    {
      "frame_id": 161,
      "image_path": "frames/LfKfK4I5RPE_005082/images/000161.jpg",
      "accident_id": 0,
      "accident_name": "normal",
      "objects": []
    },
    {
      "frame_id": 162,
      "image_path": "frames/LfKfK4I5RPE_005082/images/000162.jpg",
      "accident_id": 0,
      "accident_name": "normal",
      "objects": []
    },
    {
      "frame_id": 163,
      "image_path": "frames/LfKfK4I5RPE_005082/images/000163.jpg",
      "accident_id": 0,
      "accident_name": "normal",
      "objects": []
    },
    {
      "frame_id": 164,
      "image_path": "frames/LfKfK4I5RPE_005082/images/000164.jpg",
      "accident_id": 0,
      "accident_name": "normal",
      "objects": []
    },
    {
      "frame_id": 165,
      "image_path": "frames/LfKfK4I5RPE_005082/images/000165.jpg",
      "accident_id": 0,
      "accident_name": "normal",
      "objects": []
    },
    {
      "frame_id": 166,
      "image_path": "frames/LfKfK4I5RPE_005082/images/000166.jpg",
      "accident_id": 0,
      "accident_name": "normal",
      "objects": []
    },
    {
      "frame_id": 167,
      "image_path": "frames/LfKfK4I5RPE_005082/images/000167.jpg",
      "accident_id": 0,
      "accident_name": "normal",
      "objects": []
    },
    {
      "frame_id": 168,
      "image_path": "frames/LfKfK4I5RPE_005082/images/000168.jpg",
      "accident_id": 0,
      "accident_name": "normal",
      "objects": []
    },
    {
      "frame_id": 169,
      "image_path": "frames/LfKfK4I5RPE_005082/images/000169.jpg",
      "accident_id": 0,
      "accident_name": "normal",
      "objects": []
    },
    {
      "frame_id": 170,
      "image_path": "frames/LfKfK4I5RPE_005082/images/000170.jpg",
      "accident_id": 0,
      "accident_name": "normal",
      "objects": []
    },
    {
      "frame_id": 171,
      "image_path": "frames/LfKfK4I5RPE_005082/images/000171.jpg",
      "accident_id": 0,
      "accident_name": "normal",
      "objects": []
    },
    {
      "frame_id": 172,
      "image_path": "frames/LfKfK4I5RPE_005082/images/000172.jpg",
      "accident_id": 0,
      "accident_name": "normal",
      "objects": []
    },
    {
      "frame_id": 173,
      "image_path": "frames/LfKfK4I5RPE_005082/images/000173.jpg",
      "accident_id": 0,
      "accident_name": "normal",
      "objects": []
    },
    {
      "frame_id": 174,
      "image_path": "frames/LfKfK4I5RPE_005082/images/000174.jpg",
      "accident_id": 0,
      "accident_name": "normal",
      "objects": []
    },
    {
      "frame_id": 175,
      "image_path": "frames/LfKfK4I5RPE_005082/images/000175.jpg",
      "accident_id": 0,
      "accident_name": "normal",
      "objects": []
    },
    {
      "frame_id": 176,
      "image_path": "frames/LfKfK4I5RPE_005082/images/000176.jpg",
      "accident_id": 0,
      "accident_name": "normal",
      "objects": []
    },
    {
      "frame_id": 177,
      "image_path": "frames/LfKfK4I5RPE_005082/images/000177.jpg",
      "accident_id": 0,
      "accident_name": "normal",
      "objects": []
    },
    {
      "frame_id": 178,
      "image_path": "frames/LfKfK4I5RPE_005082/images/000178.jpg",
      "accident_id": 0,
      "accident_name": "normal",
      "objects": []
    },
    {
      "frame_id": 179,
      "image_path": "frames/LfKfK4I5RPE_005082/images/000179.jpg",
      "accident_id": 0,
      "accident_name": "normal",
      "objects": []
    },
    {
      "frame_id": 180,
      "image_path": "frames/LfKfK4I5RPE_005082/images/000180.jpg",
      "accident_id": 0,
      "accident_name": "normal",
      "objects": []
    }
  ]
}