{
  "video_name": "OPj7lUQOre8_005496",
  "channel": "CarCrashesTime",
  "num_frames": 150,
  "ignore": false,
  "ego_involve": false,
  "night": false,
  "anomaly_start": 36,
  "anomaly_end": 114,
  "video_start": 5496,
  "video_end": 5645,
  "accident_id": "9",
  "accident_name": "leave_to_left",
  "labels": [
    {
      "frame_id": 0,
      "image_path": "frames/OPj7lUQOre8_005496/images/000000.jpg",
      "accident_id": 0,
      "accident_name": "normal",
      "objects": []
    },
    {
      "frame_id": 1,
      "image_path": "frames/OPj7lUQOre8_005496/images/000001.jpg",
      "accident_id": 0,
      "accident_name": "normal",
      "objects": []
    },
    {
      "frame_id": 2,
      "image_path": "frames/OPj7lUQOre8_005496/images/000002.jpg",
      "accident_id": 0,
      "accident_name": "normal",
      "objects": []
    },
    {
      "frame_id": 3,
      "image_path": "frames/OPj7lUQOre8_005496/images/000003.jpg",
      "accident_id": 0,
      "accident_name": "normal",
      "objects": []
    },
    {
      "frame_id": 4,
      "image_path": "frames/OPj7lUQOre8_005496/images/000004.jpg",
      "accident_id": 0,
      "accident_name": "normal",
      "objects": []
    },
    {
      "frame_id": 5,
      "image_path": "frames/OPj7lUQOre8_005496/images/000005.jpg",
      "accident_id": 0,
      "accident_name": "normal",
      "objects": []
    },
    {
      "frame_id": 6,
      "image_path": "frames/OPj7lUQOre8_005496/images/000006.jpg",
      "accident_id": 0,
      "accident_name": "normal",
      "objects": []
    },
    {
      "frame_id": 7,
      "image_path": "frames/OPj7lUQOre8_005496/images/000007.jpg",
      "accident_id": 0,
      "accident_name": "normal",
      "objects": []
    },
    {
      "frame_id": 8,
      "image_path": "frames/OPj7lUQOre8_005496/images/000008.jpg",
      "accident_id": 0,
      "accident_name": "normal",
      "objects": []
    },
    {
      "frame_id": 9,
      "image_path": "frames/OPj7lUQOre8_005496/images/000009.jpg",
      "accident_id": 0,
      "accident_name": "normal",
      "objects": []
    },
    {
      "frame_id": 10,
      "image_path": "frames/OPj7lUQOre8_005496/images/000010.jpg",
      "accident_id": 0,
      "accident_name": "normal",
      "objects": []
    },
    {
      "frame_id": 11,
      "image_path": "frames/OPj7lUQOre8_005496/images/000011.jpg",
      "accident_id": 0,
      "accident_name": "normal",
      "objects": []
    },
    {
      "frame_id": 12,
      "image_path": "frames/OPj7lUQOre8_005496/images/000012.jpg",
      "accident_id": 0,
      "accident_name": "normal",
      "objects": []
    },
    {
      "frame_id": 13,
      "image_path": "frames/OPj7lUQOre8_005496/images/000013.jpg",
      "accident_id": 0,
      "accident_name": "normal",
      "objects": []
    },
    {
      "frame_id": 14,
      "image_path": "frames/OPj7lUQOre8_005496/images/000014.jpg",
      "accident_id": 0,
      "accident_name": "normal",
      "objects": []
    },
    {
      "frame_id": 15,
      "image_path": "frames/OPj7lUQOre8_005496/images/000015.jpg",
      "accident_id": 0,
      "accident_name": "normal",
      "objects": []
    },
    {
      "frame_id": 16,
      "image_path": "frames/OPj7lUQOre8_005496/images/000016.jpg",
      "accident_id": 0,
      "accident_name": "normal",
      "objects": []
    },
    {
      "frame_id": 17,
      "image_path": "frames/OPj7lUQOre8_005496/images/000017.jpg",
      "accident_id": 0,
      "accident_name": "normal",
      "objects": []
    },
    {
      "frame_id": 18,
      "image_path": "frames/OPj7lUQOre8_005496/images/000018.jpg",
      "accident_id": 0,
      "accident_name": "normal",
      "objects": []
    },
    {
      "frame_id": 19,
      "image_path": "frames/OPj7lUQOre8_005496/images/000019.jpg",
      "accident_id": 0,
      "accident_name": "normal",
      "objects": []
    },
    {
      "frame_id": 20,
      "image_path": "frames/OPj7lUQOre8_005496/images/000020.jpg",
      "accident_id": 0,
      "accident_name": "normal",
      "objects": []
    },
    {
      "frame_id": 21,
      "image_path": "frames/OPj7lUQOre8_005496/images/000021.jpg",
      "accident_id": 0,
      "accident_name": "normal",
      "objects": []
    },
    {
      "frame_id": 22,
      "image_path": "frames/OPj7lUQOre8_005496/images/000022.jpg",
      "accident_id": 0,
      "accident_name": "normal",
      "objects": []
    },
    {
      "frame_id": 23,
      "image_path": "frames/OPj7lUQOre8_005496/images/000023.jpg",
      "accident_id": 0,
      "accident_name": "normal",
      "objects": []
    },
    {
      "frame_id": 24,
      "image_path": "frames/OPj7lUQOre8_005496/images/000024.jpg",
      "accident_id": 0,
      "accident_name": "normal",
      "objects": []
    },
    {
      "frame_id": 25,
      "image_path": "frames/OPj7lUQOre8_005496/images/000025.jpg",
      "accident_id": 0,
      "accident_name": "normal",
      "objects": []
    },
    {
      "frame_id": 26,
      "image_path": "frames/OPj7lUQOre8_005496/images/000026.jpg",
      "accident_id": 0,
      "accident_name": "normal",
      "objects": []
    },
    {
      "frame_id": 27,
      "image_path": "frames/OPj7lUQOre8_005496/images/000027.jpg",
      "accident_id": 0,
      "accident_name": "normal",
      "objects": []
    },
    {
      "frame_id": 28,
      "image_path": "frames/OPj7lUQOre8_005496/images/000028.jpg",
      "accident_id": 0,
      "accident_name": "normal",
      "objects": []
    },
    {
      "frame_id": 29,
      "image_path": "frames/OPj7lUQOre8_005496/images/000029.jpg",
      "accident_id": 0,
      "accident_name": "normal",
      "objects": []
    },
    {
      "frame_id": 30,
      "image_path": "frames/OPj7lUQOre8_005496/images/000030.jpg",
      "accident_id": 0,
      "accident_name": "normal",
      "objects": []
    },
    {
      "frame_id": 31,
      "image_path": "frames/OPj7lUQOre8_005496/images/000031.jpg",
      "accident_id": 0,
      "accident_name": "normal",
      "objects": []
    },
    {
      "frame_id": 32,
      "image_path": "frames/OPj7lUQOre8_005496/images/000032.jpg",
      "accident_id": 0,
      "accident_name": "normal",
      "objects": []
    },
    {
      "frame_id": 33,
      "image_path": "frames/OPj7lUQOre8_005496/images/000033.jpg",
      "accident_id": 0,
      "accident_name": "normal",
      "objects": []
    },
    {
      "frame_id": 34,
      "image_path": "frames/OPj7lUQOre8_005496/images/000034.jpg",
      "accident_id": 0,
      "accident_name": "normal",
      "objects": []
    },
    {
      "frame_id": 35,
      "image_path": "frames/OPj7lUQOre8_005496/images/000035.jpg",
      "accident_id": 0,
      "accident_name": "normal",
      "objects": []
    },
    {
      "frame_id": 36,
      "image_path": "frames/OPj7lUQOre8_005496/images/000036.jpg",
      "accident_id": 9,
      "accident_name": "leave_to_left",
      "objects": [
        {
          "obj_track_id": 0,
          "bbox": [
            637.042132416165,
            375.1676698194325,
            715.6663800515907,
            404.88392089423905
          ],
          "category": "truck",
          "category ID": 5,
          "trunc": false
        }
      ]
    },
    {
      "frame_id": 37,
      "image_path": "frames/OPj7lUQOre8_005496/images/000037.jpg",
      "accident_id": 9,
      "accident_name": "leave_to_left",
      "objects": [
        {
          "obj_track_id": 0,
          "bbox": [
            635.8039552880481,
            375.1676698194325,
            716.9045571797076,
            404.2648323301806
          ],
          "category": "truck",
          "category ID": 5,
          "trunc": false
        }
      ]
    },
    {
      "frame_id": 38,
      "image_path": "frames/OPj7lUQOre8_005496/images/000038.jpg",
      "accident_id": 9,
      "accident_name": "leave_to_left",
      "objects": [
        {
          "obj_track_id": 0,
          "bbox": [
            635.1848667239897,
            373.3104041272571,
            716.9045571797076,
            404.2648323301806
          ],
          "category": "truck",
          "category ID": 5,
          "trunc": false
        }
      ]
    },
    {
      "frame_id": 39,
      "image_path": "frames/OPj7lUQOre8_005496/images/000039.jpg",
      "accident_id": 9,
      "accident_name": "leave_to_left",
      "objects": [
        {
          "obj_track_id": 0,
          "bbox": [
            634.5657781599311,
            373.92949269131555,
            718.761822871883,
            403.6457437661221
          ],
          "category": "truck",
          "category ID": 5,
          "trunc": false
        }
      ]
    },
    {
      "frame_id": 40,
      "image_path": "frames/OPj7lUQOre8_005496/images/000040.jpg",
      "accident_id": 9,
      "accident_name": "leave_to_left",
      "objects": [
        {
          "obj_track_id": 0,
          "bbox": [
            632.7085124677558,
            372.6913155631986,
            717.5236457437661,
            404.88392089423905
          ],
          "category": "truck",
          "category ID": 5,
          "trunc": false
        }
      ]
    },
    {
      "frame_id": 41,
      "image_path": "frames/OPj7lUQOre8_005496/images/000041.jpg",
      "accident_id": 9,
      "accident_name": "leave_to_left",
      "objects": [
        {
          "obj_track_id": 0,
          "bbox": [
            631.4703353396388,
            372.0722269991401,
            716.9045571797076,
            403.6457437661221
          ],
          "category": "truck",
          "category ID": 5,
          "trunc": false
        }
      ]
    },
    {
      "frame_id": 42,
      "image_path": "frames/OPj7lUQOre8_005496/images/000042.jpg",
      "accident_id": 9,
      "accident_name": "leave_to_left",
      "objects": [
        {
          "obj_track_id": 0,
          "bbox": [
            630.8512467755804,
            372.0722269991401,
            719.3809114359415,
            403.6457437661221
          ],
          "category": "truck",
          "category ID": 5,
          "trunc": false
        }
      ]
    },
    {
      "frame_id": 43,
      "image_path": "frames/OPj7lUQOre8_005496/images/000043.jpg",
      "accident_id": 9,
      "accident_name": "leave_to_left",
      "objects": [
        {
          "obj_track_id": 0,
          "bbox": [
            630.8512467755804,
            370.8340498710232,
            718.1427343078245,
            404.2648323301806
          ],
          "category": "truck",
          "category ID": 5,
          "trunc": false
        }
      ]
    },
    {
      "frame_id": 44,
      "image_path": "frames/OPj7lUQOre8_005496/images/000044.jpg",
      "accident_id": 9,
      "accident_name": "leave_to_left",
      "objects": [
        {
          "obj_track_id": 0,
          "bbox": [
            629.6130696474635,
            371.45313843508166,
            718.1427343078245,
            403.6457437661221
          ],
          "category": "truck",
          "category ID": 5,
          "trunc": false
        }
      ]
    },
    {
      "frame_id": 45,
      "image_path": "frames/OPj7lUQOre8_005496/images/000045.jpg",
      "accident_id": 9,
      "accident_name": "leave_to_left",
      "objects": [
        {
          "obj_track_id": 0,
          "bbox": [
            628.3748925193465,
            370.8340498710232,
            718.1427343078245,
            403.6457437661221
          ],
          "category": "truck",
          "category ID": 5,
          "trunc": false
        }
      ]
    },
    {
      "frame_id": 46,
      "image_path": "frames/OPj7lUQOre8_005496/images/000046.jpg",
      "accident_id": 9,
      "accident_name": "leave_to_left",
      "objects": [
        {
          "obj_track_id": 0,
          "bbox": [
            628.3748925193465,
            370.8340498710232,
            720.0,
            403.6457437661221
          ],
          "category": "truck",
          "category ID": 5,
          "trunc": false
        }
      ]
    },
    {
      "frame_id": 47,
      "image_path": "frames/OPj7lUQOre8_005496/images/000047.jpg",
      "accident_id": 9,
      "accident_name": "leave_to_left",
      "objects": [
        {
          "obj_track_id": 0,
          "bbox": [
            625.2794496990541,
            371.45313843508166,
            721.238177128117,
            405.50300945829747
          ],
          "category": "truck",
          "category ID": 5,
          "trunc": false
        }
      ]
    },
    {
      "frame_id": 48,
      "image_path": "frames/OPj7lUQOre8_005496/images/000048.jpg",
      "accident_id": 9,
      "accident_name": "leave_to_left",
      "objects": [
        {
          "obj_track_id": 0,
          "bbox": [
            625.2794496990541,
            370.8340498710232,
            720.6190885640584,
            405.50300945829747
          ],
          "category": "truck",
          "category ID": 5,
          "trunc": false
        }
      ]
    },
    {
      "frame_id": 49,
      "image_path": "frames/OPj7lUQOre8_005496/images/000049.jpg",
      "accident_id": 9,
      "accident_name": "leave_to_left",
      "objects": [
        {
          "obj_track_id": 0,
          "bbox": [
            623.4221840068788,
            370.8340498710232,
            721.8572656921754,
            405.50300945829747
          ],
          "category": "truck",
          "category ID": 5,
          "trunc": false
        }
      ]
    },
    {
      "frame_id": 50,
      "image_path": "frames/OPj7lUQOre8_005496/images/000050.jpg",
      "accident_id": 9,
      "accident_name": "leave_to_left",
      "objects": [
        {
          "obj_track_id": 0,
          "bbox": [
            622.8030954428203,
            370.2149613069647,
            721.8572656921754,
            405.50300945829747
          ],
          "category": "truck",
          "category ID": 5,
          "trunc": false
        }
      ]
    },
    {
      "frame_id": 51,
      "image_path": "frames/OPj7lUQOre8_005496/images/000051.jpg",
      "accident_id": 9,
      "accident_name": "leave_to_left",
      "objects": [
        {
          "obj_track_id": 0,
          "bbox": [
            620.3267411865864,
            370.8340498710232,
            723.0954428202923,
            406.12209802235594
          ],
          "category": "truck",
          "category ID": 5,
          "trunc": false
        }
      ]
    },
    {
      "frame_id": 52,
      "image_path": "frames/OPj7lUQOre8_005496/images/000052.jpg",
      "accident_id": 9,
      "accident_name": "leave_to_left",
      "objects": [
        {
          "obj_track_id": 0,
          "bbox": [
            620.3267411865864,
            370.8340498710232,
            723.0954428202923,
            406.7411865864144
          ],
          "category": "truck",
          "category ID": 5,
          "trunc": false
        }
      ]
    },
    {
      "frame_id": 53,
      "image_path": "frames/OPj7lUQOre8_005496/images/000053.jpg",
      "accident_id": 9,
      "accident_name": "leave_to_left",
      "objects": [
        {
          "obj_track_id": 0,
          "bbox": [
            618.469475494411,
            370.2149613069647,
            724.9527085124678,
            406.7411865864144
          ],
          "category": "truck",
          "category ID": 5,
          "trunc": false
        }
      ]
    },
    {
      "frame_id": 54,
      "image_path": "frames/OPj7lUQOre8_005496/images/000054.jpg",
      "accident_id": 9,
      "accident_name": "leave_to_left",
      "objects": [
        {
          "obj_track_id": 0,
          "bbox": [
            617.231298366294,
            372.0722269991401,
            721.8572656921754,
            408.59845227858983
          ],
          "category": "truck",
          "category ID": 5,
          "trunc": false
        }
      ]
    },
    {
      "frame_id": 55,
      "image_path": "frames/OPj7lUQOre8_005496/images/000055.jpg",
      "accident_id": 9,
      "accident_name": "leave_to_left",
      "objects": [
        {
          "obj_track_id": 0,
          "bbox": [
            615.9931212381771,
            372.0722269991401,
            720.6190885640584,
            408.59845227858983
          ],
          "category": "truck",
          "category ID": 5,
          "trunc": false
        }
      ]
    },
    {
      "frame_id": 56,
      "image_path": "frames/OPj7lUQOre8_005496/images/000056.jpg",
      "accident_id": 9,
      "accident_name": "leave_to_left",
      "objects": [
        {
          "obj_track_id": 0,
          "bbox": [
            615.3740326741187,
            371.45313843508166,
            720.6190885640584,
            408.59845227858983
          ],
          "category": "truck",
          "category ID": 5,
          "trunc": false
        }
      ]
    },
    {
      "frame_id": 57,
      "image_path": "frames/OPj7lUQOre8_005496/images/000057.jpg",
      "accident_id": 9,
      "accident_name": "leave_to_left",
      "objects": [
        {
          "obj_track_id": 0,
          "bbox": [
            612.8976784178848,
            372.6913155631986,
            721.238177128117,
            411.0748065348237
          ],
          "category": "truck",
          "category ID": 5,
          "trunc": false
        }
      ]
    },
    {
      "frame_id": 58,
      "image_path": "frames/OPj7lUQOre8_005496/images/000058.jpg",
      "accident_id": 9,
      "accident_name": "leave_to_left",
      "objects": [
        {
          "obj_track_id": 0,
          "bbox": [
            611.0404127257094,
            373.3104041272571,
            720.0,
            410.45571797076525
          ],
          "category": "truck",
          "category ID": 5,
          "trunc": false
        }
      ]
    },
    {
      "frame_id": 59,
      "image_path": "frames/OPj7lUQOre8_005496/images/000059.jpg",
      "accident_id": 9,
      "accident_name": "leave_to_left",
      "objects": [
        {
          "obj_track_id": 0,
          "bbox": [
            609.1831470335339,
            372.6913155631986,
            721.238177128117,
            412.31298366294067
          ],
          "category": "truck",
          "category ID": 5,
          "trunc": false
        }
      ]
    },
    {
      "frame_id": 60,
      "image_path": "frames/OPj7lUQOre8_005496/images/000060.jpg",
      "accident_id": 9,
      "accident_name": "leave_to_left",
      "objects": [
        {
          "obj_track_id": 0,
          "bbox": [
            607.944969905417,
            373.3104041272571,
            720.6190885640584,
            412.31298366294067
          ],
          "category": "truck",
          "category ID": 5,
          "trunc": false
        }
      ]
    },
    {
      "frame_id": 61,
      "image_path": "frames/OPj7lUQOre8_005496/images/000061.jpg",
      "accident_id": 9,
      "accident_name": "leave_to_left",
      "objects": [
        {
          "obj_track_id": 0,
          "bbox": [
            606.0877042132416,
            372.6913155631986,
            718.1427343078245,
            412.31298366294067
          ],
          "category": "truck",
          "category ID": 5,
          "trunc": false
        }
      ]
    },
    {
      "frame_id": 62,
      "image_path": "frames/OPj7lUQOre8_005496/images/000062.jpg",
      "accident_id": 9,
      "accident_name": "leave_to_left",
      "objects": [
        {
          "obj_track_id": 0,
          "bbox": [
            601.1349957007739,
            372.6913155631986,
            718.761822871883,
            412.31298366294067
          ],
          "category": "truck",
          "category ID": 5,
          "trunc": false
        }
      ]
    },
    {
      "frame_id": 63,
      "image_path": "frames/OPj7lUQOre8_005496/images/000063.jpg",
      "accident_id": 9,
      "accident_name": "leave_to_left",
      "objects": [
        {
          "obj_track_id": 0,
          "bbox": [
            599.8968185726569,
            373.3104041272571,
            715.6663800515907,
            414.1702493551161
          ],
          "category": "truck",
          "category ID": 5,
          "trunc": false
        }
      ]
    },
    {
      "frame_id": 64,
      "image_path": "frames/OPj7lUQOre8_005496/images/000064.jpg",
      "accident_id": 9,
      "accident_name": "leave_to_left",
      "objects": [
        {
          "obj_track_id": 0,
          "bbox": [
            595.5631986242477,
            371.45313843508166,
            714.4282029234738,
            412.93207222699914
          ],
          "category": "truck",
          "category ID": 5,
          "trunc": false
        }
      ]
    },
    {
      "frame_id": 65,
      "image_path": "frames/OPj7lUQOre8_005496/images/000065.jpg",
      "accident_id": 9,
      "accident_name": "leave_to_left",
      "objects": [
        {
          "obj_track_id": 0,
          "bbox": [
            595.5631986242477,
            372.0722269991401,
            714.4282029234738,
            414.78933791917456
          ],
          "category": "truck",
          "category ID": 5,
          "trunc": false
        }
      ]
    },
    {
      "frame_id": 66,
      "image_path": "frames/OPj7lUQOre8_005496/images/000066.jpg",
      "accident_id": 9,
      "accident_name": "leave_to_left",
      "objects": [
        {
          "obj_track_id": 0,
          "bbox": [
            589.9914015477214,
            373.3104041272571,
            712.5709372312983,
            416.64660361135
          ],
          "category": "truck",
          "category ID": 5,
          "trunc": false
        }
      ]
    },
    {
      "frame_id": 67,
      "image_path": "frames/OPj7lUQOre8_005496/images/000067.jpg",
      "accident_id": 9,
      "accident_name": "leave_to_left",
      "objects": [
        {
          "obj_track_id": 0,
          "bbox": [
            586.2768701633706,
            371.45313843508166,
            709.475494411006,
            417.2656921754084
          ],
          "category": "truck",
          "category ID": 5,
          "trunc": false
        }
      ]
    },
    {
      "frame_id": 68,
      "image_path": "frames/OPj7lUQOre8_005496/images/000068.jpg",
      "accident_id": 9,
      "accident_name": "leave_to_left",
      "objects": [
        {
          "obj_track_id": 0,
          "bbox": [
            582.5623387790198,
            371.45313843508166,
            707.6182287188306,
            416.64660361135
          ],
          "category": "truck",
          "category ID": 5,
          "trunc": false
        }
      ]
    },
    {
      "frame_id": 69,
      "image_path": "frames/OPj7lUQOre8_005496/images/000069.jpg",
      "accident_id": 9,
      "accident_name": "leave_to_left",
      "objects": [
        {
          "obj_track_id": 0,
          "bbox": [
            576.3714531384351,
            372.0722269991401,
            702.6655202063629,
            417.88478073946686
          ],
          "category": "truck",
          "category ID": 5,
          "trunc": false
        }
      ]
    },
    {
      "frame_id": 70,
      "image_path": "frames/OPj7lUQOre8_005496/images/000070.jpg",
      "accident_id": 9,
      "accident_name": "leave_to_left",
      "objects": [
        {
          "obj_track_id": 0,
          "bbox": [
            573.8950988822012,
            370.8340498710232,
            700.189165950129,
            417.88478073946686
          ],
          "category": "truck",
          "category ID": 5,
          "trunc": false
        }
      ]
    },
    {
      "frame_id": 71,
      "image_path": "frames/OPj7lUQOre8_005496/images/000071.jpg",
      "accident_id": 9,
      "accident_name": "leave_to_left",
      "objects": [
        {
          "obj_track_id": 0,
          "bbox": [
            566.4660361134995,
            370.2149613069647,
            696.4746345657782,
            419.1229578675838
          ],
          "category": "truck",
          "category ID": 5,
          "trunc": false
        }
      ]
    },
    {
      "frame_id": 72,
      "image_path": "frames/OPj7lUQOre8_005496/images/000072.jpg",
      "accident_id": 9,
      "accident_name": "leave_to_left",
      "objects": [
        {
          "obj_track_id": 0,
          "bbox": [
            563.9896818572657,
            370.8340498710232,
            692.7601031814273,
            419.7420464316423
          ],
          "category": "truck",
          "category ID": 5,
          "trunc": false
        }
      ]
    },
    {
      "frame_id": 73,
      "image_path": "frames/OPj7lUQOre8_005496/images/000073.jpg",
      "accident_id": 9,
      "accident_name": "leave_to_left",
      "objects": [
        {
          "obj_track_id": 0,
          "bbox": [
            557.798796216681,
            372.0722269991401,
            688.4264832330181,
            420.36113499570075
          ],
          "category": "truck",
          "category ID": 5,
          "trunc": false
        }
      ]
    },
    {
      "frame_id": 74,
      "image_path": "frames/OPj7lUQOre8_005496/images/000074.jpg",
      "accident_id": 9,
      "accident_name": "leave_to_left",
      "objects": [
        {
          "obj_track_id": 0,
          "bbox": [
            552.8460877042132,
            370.8340498710232,
            684.7119518486672,
            421.5993121238177
          ],
          "category": "truck",
          "category ID": 5,
          "trunc": false
        }
      ]
    },
    {
      "frame_id": 75,
      "image_path": "frames/OPj7lUQOre8_005496/images/000075.jpg",
      "accident_id": 9,
      "accident_name": "leave_to_left",
      "objects": [
        {
          "obj_track_id": 0,
          "bbox": [
            547.274290627687,
            369.5958727429063,
            681.6165090283748,
            420.9802235597592
          ],
          "category": "truck",
          "category ID": 5,
          "trunc": false
        }
      ]
    },
    {
      "frame_id": 76,
      "image_path": "frames/OPj7lUQOre8_005496/images/000076.jpg",
      "accident_id": 9,
      "accident_name": "leave_to_left",
      "objects": [
        {
          "obj_track_id": 0,
          "bbox": [
            541.7024935511607,
            370.2149613069647,
            677.2828890799656,
            422.83748925193464
          ],
          "category": "truck",
          "category ID": 5,
          "trunc": false
        }
      ]
    },
    {
      "frame_id": 77,
      "image_path": "frames/OPj7lUQOre8_005496/images/000077.jpg",
      "accident_id": 9,
      "accident_name": "leave_to_left",
      "objects": [
        {
          "obj_track_id": 0,
          "bbox": [
            536.7497850386931,
            370.2149613069647,
            673.5683576956147,
            422.83748925193464
          ],
          "category": "truck",
          "category ID": 5,
          "trunc": false
        }
      ]
    },
    {
      "frame_id": 78,
      "image_path": "frames/OPj7lUQOre8_005496/images/000078.jpg",
      "accident_id": 9,
      "accident_name": "leave_to_left",
      "objects": [
        {
          "obj_track_id": 0,
          "bbox": [
            530.5588993981083,
            370.2149613069647,
            667.9965606190885,
            423.4565778159931
          ],
          "category": "truck",
          "category ID": 5,
          "trunc": false
        }
      ]
    },
    {
      "frame_id": 79,
      "image_path": "frames/OPj7lUQOre8_005496/images/000079.jpg",
      "accident_id": 9,
      "accident_name": "leave_to_left",
      "objects": [
        {
          "obj_track_id": 0,
          "bbox": [
            523.7489251934652,
            369.5958727429063,
            664.9011177987962,
            423.4565778159931
          ],
          "category": "truck",
          "category ID": 5,
          "trunc": false
        }
      ]
    },
    {
      "frame_id": 80,
      "image_path": "frames/OPj7lUQOre8_005496/images/000080.jpg",
      "accident_id": 9,
      "accident_name": "leave_to_left",
      "objects": [
        {
          "obj_track_id": 0,
          "bbox": [
            518.7962166809974,
            370.8340498710232,
            660.5674978503869,
            425.31384350816853
          ],
          "category": "truck",
          "category ID": 5,
          "trunc": false
        }
      ]
    },
    {
      "frame_id": 81,
      "image_path": "frames/OPj7lUQOre8_005496/images/000081.jpg",
      "accident_id": 9,
      "accident_name": "leave_to_left",
      "objects": [
        {
          "obj_track_id": 0,
          "bbox": [
            511.9862424763542,
            370.2149613069647,
            655.6147893379192,
            425.932932072227
          ],
          "category": "truck",
          "category ID": 5,
          "trunc": false
        }
      ]
    },
    {
      "frame_id": 82,
      "image_path": "frames/OPj7lUQOre8_005496/images/000082.jpg",
      "accident_id": 9,
      "accident_name": "leave_to_left",
      "objects": [
        {
          "obj_track_id": 0,
          "bbox": [
            505.1762682717111,
            370.2149613069647,
            650.0429922613929,
            425.932932072227
          ],
          "category": "truck",
          "category ID": 5,
          "trunc": false
        }
      ]
    },
    {
      "frame_id": 83,
      "image_path": "frames/OPj7lUQOre8_005496/images/000083.jpg",
      "accident_id": 9,
      "accident_name": "leave_to_left",
      "objects": [
        {
          "obj_track_id": 0,
          "bbox": [
            498.9853826311264,
            370.2149613069647,
            644.4711951848667,
            425.932932072227
          ],
          "category": "truck",
          "category ID": 5,
          "trunc": false
        }
      ]
    },
    {
      "frame_id": 84,
      "image_path": "frames/OPj7lUQOre8_005496/images/000084.jpg",
      "accident_id": 9,
      "accident_name": "leave_to_left",
      "objects": [
        {
          "obj_track_id": 0,
          "bbox": [
            494.03267411865863,
            370.2149613069647,
            640.1375752364575,
            426.5520206362855
          ],
          "category": "truck",
          "category ID": 5,
          "trunc": false
        }
      ]
    },
    {
      "frame_id": 85,
      "image_path": "frames/OPj7lUQOre8_005496/images/000085.jpg",
      "accident_id": 9,
      "accident_name": "leave_to_left",
      "objects": [
        {
          "obj_track_id": 0,
          "bbox": [
            485.98452278589855,
            370.8340498710232,
            635.8039552880481,
            428.4092863284609
          ],
          "category": "truck",
          "category ID": 5,
          "trunc": false
        }
      ]
    },
    {
      "frame_id": 86,
      "image_path": "frames/OPj7lUQOre8_005496/images/000086.jpg",
      "accident_id": 9,
      "accident_name": "leave_to_left",
      "objects": [
        {
          "obj_track_id": 0,
          "bbox": [
            479.17454858125535,
            370.8340498710232,
            630.2321582115219,
            429.6474634565778
          ],
          "category": "truck",
          "category ID": 5,
          "trunc": false
        }
      ]
    },
    {
      "frame_id": 87,
      "image_path": "frames/OPj7lUQOre8_005496/images/000087.jpg",
      "accident_id": 9,
      "accident_name": "leave_to_left",
      "objects": [
        {
          "obj_track_id": 0,
          "bbox": [
            471.74548581255374,
            372.0722269991401,
            625.8985382631126,
            430.26655202063625
          ],
          "category": "truck",
          "category ID": 5,
          "trunc": false
        }
      ]
    },
    {
      "frame_id": 88,
      "image_path": "frames/OPj7lUQOre8_005496/images/000088.jpg",
      "accident_id": 9,
      "accident_name": "leave_to_left",
      "objects": [
        {
          "obj_track_id": 0,
          "bbox": [
            464.93551160791054,
            371.45313843508166,
            617.8503869303526,
            430.8856405846947
          ],
          "category": "truck",
          "category ID": 5,
          "trunc": false
        }
      ]
    },
    {
      "frame_id": 89,
      "image_path": "frames/OPj7lUQOre8_005496/images/000089.jpg",
      "accident_id": 9,
      "accident_name": "leave_to_left",
      "objects": [
        {
          "obj_track_id": 0,
          "bbox": [
            456.268271711092,
            372.0722269991401,
            611.6595012897678,
            431.5047291487532
          ],
          "category": "truck",
          "category ID": 5,
          "trunc": false
        }
      ]
    },
    {
      "frame_id": 90,
      "image_path": "frames/OPj7lUQOre8_005496/images/000090.jpg",
      "accident_id": 9,
      "accident_name": "leave_to_left",
      "objects": [
        {
          "obj_track_id": 0,
          "bbox": [
            448.83920894239037,
            371.45313843508166,
            605.4686156491831,
            430.8856405846947
          ],
          "category": "truck",
          "category ID": 5,
          "trunc": false
        }
      ]
    },
    {
      "frame_id": 91,
      "image_path": "frames/OPj7lUQOre8_005496/images/000091.jpg",
      "accident_id": 9,
      "accident_name": "leave_to_left",
      "objects": [
        {
          "obj_track_id": 0,
          "bbox": [
            440.79105760963023,
            372.6913155631986,
            598.65864144454,
            433.3619948409286
          ],
          "category": "truck",
          "category ID": 5,
          "trunc": false
        }
      ]
    },
    {
      "frame_id": 92,
      "image_path": "frames/OPj7lUQOre8_005496/images/000092.jpg",
      "accident_id": 9,
      "accident_name": "leave_to_left",
      "objects": [
        {
          "obj_track_id": 0,
          "bbox": [
            433.9810834049871,
            372.0722269991401,
            593.7059329320722,
            434.60017196904556
          ],
          "category": "truck",
          "category ID": 5,
          "trunc": false
        }
      ]
    },
    {
      "frame_id": 93,
      "image_path": "frames/OPj7lUQOre8_005496/images/000093.jpg",
      "accident_id": 9,
      "accident_name": "leave_to_left",
      "objects": [
        {
          "obj_track_id": 0,
          "bbox": [
            425.31384350816853,
            373.3104041272571,
            585.0386930352537,
            435.8383490971625
          ],
          "category": "truck",
          "category ID": 5,
          "trunc": false
        }
      ]
    },
    {
      "frame_id": 94,
      "image_path": "frames/OPj7lUQOre8_005496/images/000094.jpg",
      "accident_id": 9,
      "accident_name": "leave_to_left",
      "objects": [
        {
          "obj_track_id": 0,
          "bbox": [
            416.64660361135,
            373.92949269131555,
            575.7523645743767,
            440.1719690455718
          ],
          "category": "truck",
          "category ID": 5,
          "trunc": false
        }
      ]
    },
    {
      "frame_id": 95,
      "image_path": "frames/OPj7lUQOre8_005496/images/000095.jpg",
      "accident_id": 9,
      "accident_name": "leave_to_left",
      "objects": [
        {
          "obj_track_id": 0,
          "bbox": [
            408.59845227858983,
            376.40584694754943,
            569.5614789337919,
            438.3147033533964
          ],
          "category": "truck",
          "category ID": 5,
          "trunc": false
        }
      ]
    },
    {
      "frame_id": 96,
      "image_path": "frames/OPj7lUQOre8_005496/images/000096.jpg",
      "accident_id": 9,
      "accident_name": "leave_to_left",
      "objects": [
        {
          "obj_track_id": 0,
          "bbox": [
            394.359415305245,
            378.26311263972485,
            561.5133276010318,
            439.55288048151334
          ],
          "category": "truck",
          "category ID": 5,
          "trunc": false
        }
      ]
    },
    {
      "frame_id": 97,
      "image_path": "frames/OPj7lUQOre8_005496/images/000097.jpg",
      "accident_id": 9,
      "accident_name": "leave_to_left",
      "objects": [
        {
          "obj_track_id": 0,
          "bbox": [
            385.69217540842646,
            380.73946689595874,
            552.2269991401548,
            444.50558899398106
          ],
          "category": "truck",
          "category ID": 5,
          "trunc": false
        }
      ]
    },
    {
      "frame_id": 98,
      "image_path": "frames/OPj7lUQOre8_005496/images/000098.jpg",
      "accident_id": 9,
      "accident_name": "leave_to_left",
      "objects": [
        {
          "obj_track_id": 0,
          "bbox": [
            378.26311263972485,
            380.73946689595874,
            543.5597592433362,
            443.8865004299226
          ],
          "category": "truck",
          "category ID": 5,
          "trunc": false
        }
      ]
    },
    {
      "frame_id": 99,
      "image_path": "frames/OPj7lUQOre8_005496/images/000099.jpg",
      "accident_id": 9,
      "accident_name": "leave_to_left",
      "objects": [
        {
          "obj_track_id": 0,
          "bbox": [
            366.50042992261393,
            382.5967325881341,
            531.7970765262253,
            445.12467755803954
          ],
          "category": "truck",
          "category ID": 5,
          "trunc": false
        }
      ]
    },
    {
      "frame_id": 100,
      "image_path": "frames/OPj7lUQOre8_005496/images/000100.jpg",
      "accident_id": 9,
      "accident_name": "leave_to_left",
      "objects": [
        {
          "obj_track_id": 0,
          "bbox": [
            355.97592433361996,
            383.2158211521926,
            520.6534823731728,
            451.31556319862426
          ],
          "category": "truck",
          "category ID": 5,
          "trunc": false
        }
      ]
    },
    {
      "frame_id": 101,
      "image_path": "frames/OPj7lUQOre8_005496/images/000101.jpg",
      "accident_id": 9,
      "accident_name": "leave_to_left",
      "objects": [
        {
          "obj_track_id": 0,
          "bbox": [
            346.68959587274287,
            380.73946689595874,
            509.5098882201204,
            455.03009458297504
          ],
          "category": "truck",
          "category ID": 5,
          "trunc": false
        }
      ]
    },
    {
      "frame_id": 102,
      "image_path": "frames/OPj7lUQOre8_005496/images/000102.jpg",
      "accident_id": 9,
      "accident_name": "leave_to_left",
      "objects": [
        {
          "obj_track_id": 0,
          "bbox": [
            335.5460017196904,
            383.2158211521926,
            495.88993981083405,
            458.1255374032674
          ],
          "category": "truck",
          "category ID": 5,
          "trunc": false
        }
      ]
    },
    {
      "frame_id": 103,
      "image_path": "frames/OPj7lUQOre8_005496/images/000103.jpg",
      "accident_id": 9,
      "accident_name": "leave_to_left",
      "objects": [
        {
          "obj_track_id": 0,
          "bbox": [
            327.49785038693034,
            382.5967325881341,
            483.50816852966466,
            459.36371453138435
          ],
          "category": "truck",
          "category ID": 5,
          "trunc": false
        }
      ]
    },
    {
      "frame_id": 104,
      "image_path": "frames/OPj7lUQOre8_005496/images/000104.jpg",
      "accident_id": 9,
      "accident_name": "leave_to_left",
      "objects": [
        {
          "obj_track_id": 0,
          "bbox": [
            312.0206362854686,
            385.073086844368,
            472.9836629406707,
            461.84006878761824
          ],
          "category": "truck",
          "category ID": 5,
          "trunc": false
        }
      ]
    },
    {
      "frame_id": 105,
      "image_path": "frames/OPj7lUQOre8_005496/images/000105.jpg",
      "accident_id": 9,
      "accident_name": "leave_to_left",
      "objects": [
        {
          "obj_track_id": 0,
          "bbox": [
            299.63886500429925,
            390.0257953568358,
            460.6018916595013,
            464.31642304385207
          ],
          "category": "truck",
          "category ID": 5,
          "trunc": false
        }
      ]
    },
    {
      "frame_id": 106,
      "image_path": "frames/OPj7lUQOre8_005496/images/000106.jpg",
      "accident_id": 9,
      "accident_name": "leave_to_left",
      "objects": [
        {
          "obj_track_id": 0,
          "bbox": [
            286.0189165950129,
            397.4548581255374,
            451.93465176268273,
            466.79277730008596
          ],
          "category": "truck",
          "category ID": 5,
          "trunc": false
        }
      ]
    },
    {
      "frame_id": 107,
      "image_path": "frames/OPj7lUQOre8_005496/images/000107.jpg",
      "accident_id": 9,
      "accident_name": "leave_to_left",
      "objects": [
        {
          "obj_track_id": 0,
          "bbox": [
            270.54170249355116,
            404.88392089423905,
            438.3147033533964,
            468.6500429922614
          ],
          "category": "truck",
          "category ID": 5,
          "trunc": false
        }
      ]
    },
    {
      "frame_id": 108,
      "image_path": "frames/OPj7lUQOre8_005496/images/000108.jpg",
      "accident_id": 9,
      "accident_name": "leave_to_left",
      "objects": [
        {
          "obj_track_id": 0,
          "bbox": [
            258.77901977644024,
            408.59845227858983,
            424.69475494411006,
            474.2218400687876
          ],
          "category": "truck",
          "category ID": 5,
          "trunc": false
        }
      ]
    },
    {
      "frame_id": 109,
      "image_path": "frames/OPj7lUQOre8_005496/images/000109.jpg",
      "accident_id": 9,
      "accident_name": "leave_to_left",
      "objects": [
        {
          "obj_track_id": 0,
          "bbox": [
            253.82631126397249,
            409.2175408426483,
            416.64660361135,
            476.69819432502146
          ],
          "category": "truck",
          "category ID": 5,
          "trunc": false
        }
      ]
    },
    {
      "frame_id": 110,
      "image_path": "frames/OPj7lUQOre8_005496/images/000110.jpg",
      "accident_id": 9,
      "accident_name": "leave_to_left",
      "objects": [
        {
          "obj_track_id": 0,
          "bbox": [
            252.58813413585554,
            407.97936371453136,
            416.64660361135,
            476.69819432502146
          ],
          "category": "truck",
          "category ID": 5,
          "trunc": false
        }
      ]
    },
    {
      "frame_id": 111,
      "image_path": "frames/OPj7lUQOre8_005496/images/000111.jpg",
      "accident_id": 9,
      "accident_name": "leave_to_left",
      "objects": [
        {
          "obj_track_id": 0,
          "bbox": [
            250.73086844368012,
            407.3602751504729,
            418.50386930352533,
            476.69819432502146
          ],
          "category": "truck",
          "category ID": 5,
          "trunc": false
        }
      ]
    },
    {
      "frame_id": 112,
      "image_path": "frames/OPj7lUQOre8_005496/images/000112.jpg",
      "accident_id": 9,
      "accident_name": "leave_to_left",
      "objects": [
        {
          "obj_track_id": 0,
          "bbox": [
            248.87360275150473,
            407.3602751504729,
            418.50386930352533,
            476.079105760963
          ],
          "category": "truck",
          "category ID": 5,
          "trunc": false
        }
      ]
    },
    {
      "frame_id": 113,
      "image_path": "frames/OPj7lUQOre8_005496/images/000113.jpg",
      "accident_id": 9,
      "accident_name": "leave_to_left",
      "objects": [
        {
          "obj_track_id": 0,
          "bbox": [
            248.87360275150473,
            407.3602751504729,
            417.2656921754084,
            476.079105760963
          ],
          "category": "truck",
          "category ID": 5,
          "trunc": false
        }
      ]
    },
    {
      "frame_id": 114,
      "image_path": "frames/OPj7lUQOre8_005496/images/000114.jpg",
      "accident_id": 0,
      "accident_name": "normal",
      "objects": []
    },
    {
      "frame_id": 115,
      "image_path": "frames/OPj7lUQOre8_005496/images/000115.jpg",
      "accident_id": 0,
      "accident_name": "normal",
      "objects": []
    },
    {
      "frame_id": 116,
      "image_path": "frames/OPj7lUQOre8_005496/images/000116.jpg",
      "accident_id": 0,
      "accident_name": "normal",
      "objects": []
    },
    {
      "frame_id": 117,
      "image_path": "frames/OPj7lUQOre8_005496/images/000117.jpg",
      "accident_id": 0,
      "accident_name": "normal",
      "objects": []
    },
    {
      "frame_id": 118,
      "image_path": "frames/OPj7lUQOre8_005496/images/000118.jpg",
      "accident_id": 0,
      "accident_name": "normal",
      "objects": []
    },
    {
      "frame_id": 119,
      "image_path": "frames/OPj7lUQOre8_005496/images/000119.jpg",
      "accident_id": 0,
      "accident_name": "normal",
      "objects": []
    },
    {
      "frame_id": 120,
      "image_path": "frames/OPj7lUQOre8_005496/images/000120.jpg",
      "accident_id": 0,
      "accident_name": "normal",
      "objects": []
    },
    {
      "frame_id": 121,
      "image_path": "frames/OPj7lUQOre8_005496/images/000121.jpg",
      "accident_id": 0,
      "accident_name": "normal",
      "objects": []
    },
    {
      "frame_id": 122,
      "image_path": "frames/OPj7lUQOre8_005496/images/000122.jpg",
      "accident_id": 0,
      "accident_name": "normal",
      "objects": []
    },
    {
      "frame_id": 123,
      "image_path": "frames/OPj7lUQOre8_005496/images/000123.jpg",
      "accident_id": 0,
      "accident_name": "normal",
      "objects": []
    },
    {
      "frame_id": 124,
      "image_path": "frames/OPj7lUQOre8_005496/images/000124.jpg",
      "accident_id": 0,
      "accident_name": "normal",
      "objects": []
    },
    {
      "frame_id": 125,
      "image_path": "frames/OPj7lUQOre8_005496/images/000125.jpg",
      "accident_id": 0,
      "accident_name": "normal",
      "objects": []
    },
    {
      "frame_id": 126,
      "image_path": "frames/OPj7lUQOre8_005496/images/000126.jpg",
      "accident_id": 0,
      "accident_name": "normal",
      "objects": []
    },
    {
      "frame_id": 127,
      "image_path": "frames/OPj7lUQOre8_005496/images/000127.jpg",
      "accident_id": 0,
      "accident_name": "normal",
      "objects": []
    },
    {
      "frame_id": 128,
      "image_path": "frames/OPj7lUQOre8_005496/images/000128.jpg",
      "accident_id": 0,
      "accident_name": "normal",
      "objects": []
    },
    {
      "frame_id": 129,
      "image_path": "frames/OPj7lUQOre8_005496/images/000129.jpg",
      "accident_id": 0,
      "accident_name": "normal",
      "objects": []
    },
    {
      "frame_id": 130,
      "image_path": "frames/OPj7lUQOre8_005496/images/000130.jpg",
      "accident_id": 0,
      "accident_name": "normal",
      "objects": []
    },
    {
      "frame_id": 131,
      "image_path": "frames/OPj7lUQOre8_005496/images/000131.jpg",
      "accident_id": 0,
      "accident_name": "normal",
      "objects": []
    },
    {
      "frame_id": 132,
      "image_path": "frames/OPj7lUQOre8_005496/images/000132.jpg",
      "accident_id": 0,
      "accident_name": "normal",
      "objects": []
    },
    {
      "frame_id": 133,
      "image_path": "frames/OPj7lUQOre8_005496/images/000133.jpg",
      "accident_id": 0,
      "accident_name": "normal",
      "objects": []
    },
    {
      "frame_id": 134,
      "image_path": "frames/OPj7lUQOre8_005496/images/000134.jpg",
      "accident_id": 0,
      "accident_name": "normal",
      "objects": []
    },
    {
      "frame_id": 135,
      "image_path": "frames/OPj7lUQOre8_005496/images/000135.jpg",
      "accident_id": 0,
      "accident_name": "normal",
      "objects": []
    },
    {
      "frame_id": 136,
      "image_path": "frames/OPj7lUQOre8_005496/images/000136.jpg",
      "accident_id": 0,
      "accident_name": "normal",
      "objects": []
    },
    {
      "frame_id": 137,
      "image_path": "frames/OPj7lUQOre8_005496/images/000137.jpg",
      "accident_id": 0,
      "accident_name": "normal",
      "objects": []
    },
    {
      "frame_id": 138,
      "image_path": "frames/OPj7lUQOre8_005496/images/000138.jpg",
      "accident_id": 0,
      "accident_name": "normal",
      "objects": []
    },
    {
      "frame_id": 139,
      "image_path": "frames/OPj7lUQOre8_005496/images/000139.jpg",
      "accident_id": 0,
      "accident_name": "normal",
      "objects": []
    },
    {
      "frame_id": 140,
      "image_path": "frames/OPj7lUQOre8_005496/images/000140.jpg",
      "accident_id": 0,
      "accident_name": "normal",
      "objects": []
    },
    {
      "frame_id": 141,
      "image_path": "frames/OPj7lUQOre8_005496/images/000141.jpg",
      "accident_id": 0,
      "accident_name": "normal",
      "objects": []
    },
    {
      "frame_id": 142,
      "image_path": "frames/OPj7lUQOre8_005496/images/000142.jpg",
      "accident_id": 0,
      "accident_name": "normal",
      "objects": []
    },
    {
      "frame_id": 143,
      "image_path": "frames/OPj7lUQOre8_005496/images/000143.jpg",
      "accident_id": 0,
      "accident_name": "normal",
      "objects": []
    },
    {
      "frame_id": 144,
      "image_path": "frames/OPj7lUQOre8_005496/images/000144.jpg",
      "accident_id": 0,
      "accident_name": "normal",
      "objects": []
    },
    {
      "frame_id": 145,
      "image_path": "frames/OPj7lUQOre8_005496/images/000145.jpg",
      "accident_id": 0,
      "accident_name": "normal",
      "objects": []
    },
    {
      "frame_id": 146,
      "image_path": "frames/OPj7lUQOre8_005496/images/000146.jpg",
      "accident_id": 0,
      "accident_name": "normal",
      "objects": []
    },
    {
      "frame_id": 147,
      "image_path": "frames/OPj7lUQOre8_005496/images/000147.jpg",
      "accident_id": 0,
      "accident_name": "normal",
      "objects": []
    },
    {
      "frame_id": 148,
      "image_path": "frames/OPj7lUQOre8_005496/images/000148.jpg",
      "accident_id": 0,
      "accident_name": "normal",
      "objects": []
    },
    {
      "frame_id": 149,
      "image_path": "frames/OPj7lUQOre8_005496/images/000149.jpg",
      "accident_id": 0,
      "accident_name": "normal",
      "objects": []
    }
  ]
}