{
  "video_name": "OWtbKblBOKI_004218",
  "channel": "AnAn",
  "num_frames": 101,
  "ignore": false,
  "ego_involve": true,
  "night": false,
  "anomaly_start": 20,
  "anomaly_end": 101,
  "video_start": 4218,
  "video_end": 4318,
  "accident_id": "3",
  "accident_name": "lateral",
  "labels": [
    {
      "frame_id": 0,
      "image_path": "frames/OWtbKblBOKI_004218/images/000000.jpg",
      "accident_id": 0,
      "accident_name": "normal",
      "objects": []
    },
    {
      "frame_id": 1,
      "image_path": "frames/OWtbKblBOKI_004218/images/000001.jpg",
      "accident_id": 0,
      "accident_name": "normal",
      "objects": []
    },
    {
      "frame_id": 2,
      "image_path": "frames/OWtbKblBOKI_004218/images/000002.jpg",
      "accident_id": 0,
      "accident_name": "normal",
      "objects": []
    },
    {
      "frame_id": 3,
      "image_path": "frames/OWtbKblBOKI_004218/images/000003.jpg",
      "accident_id": 0,
      "accident_name": "normal",
      "objects": []
    },
    {
      "frame_id": 4,
      "image_path": "frames/OWtbKblBOKI_004218/images/000004.jpg",
      "accident_id": 0,
      "accident_name": "normal",
      "objects": []
    },
    {
      "frame_id": 5,
      "image_path": "frames/OWtbKblBOKI_004218/images/000005.jpg",
      "accident_id": 0,
      "accident_name": "normal",
      "objects": []
    },
    {
      "frame_id": 6,
      "image_path": "frames/OWtbKblBOKI_004218/images/000006.jpg",
      "accident_id": 0,
      "accident_name": "normal",
      "objects": []
    },
    {
      "frame_id": 7,
      "image_path": "frames/OWtbKblBOKI_004218/images/000007.jpg",
      "accident_id": 0,
      "accident_name": "normal",
      "objects": []
    },
    {
      "frame_id": 8,
      "image_path": "frames/OWtbKblBOKI_004218/images/000008.jpg",
      "accident_id": 0,
      "accident_name": "normal",
      "objects": []
    },
    {
      "frame_id": 9,
      "image_path": "frames/OWtbKblBOKI_004218/images/000009.jpg",
      "accident_id": 0,
      "accident_name": "normal",
      "objects": []
    },
    {
      "frame_id": 10,
      "image_path": "frames/OWtbKblBOKI_004218/images/000010.jpg",
      "accident_id": 0,
      "accident_name": "normal",
      "objects": []
    },
    {
      "frame_id": 11,
      "image_path": "frames/OWtbKblBOKI_004218/images/000011.jpg",
      "accident_id": 0,
      "accident_name": "normal",
      "objects": []
    },
    {
      "frame_id": 12,
      "image_path": "frames/OWtbKblBOKI_004218/images/000012.jpg",
      "accident_id": 0,
      "accident_name": "normal",
      "objects": []
    },
    {
      "frame_id": 13,
      "image_path": "frames/OWtbKblBOKI_004218/images/000013.jpg",
      "accident_id": 0,
      "accident_name": "normal",
      "objects": []
    },
    {
      "frame_id": 14,
      "image_path": "frames/OWtbKblBOKI_004218/images/000014.jpg",
      "accident_id": 0,
      "accident_name": "normal",
      "objects": []
    },
    {
      "frame_id": 15,
      "image_path": "frames/OWtbKblBOKI_004218/images/000015.jpg",
      "accident_id": 0,
      "accident_name": "normal",
      "objects": []
    },
    {
      "frame_id": 16,
      "image_path": "frames/OWtbKblBOKI_004218/images/000016.jpg",
      "accident_id": 0,
      "accident_name": "normal",
      "objects": []
    },
    {
      "frame_id": 17,
      "image_path": "frames/OWtbKblBOKI_004218/images/000017.jpg",
      "accident_id": 0,
      "accident_name": "normal",
      "objects": []
    },
    {
      "frame_id": 18,
      "image_path": "frames/OWtbKblBOKI_004218/images/000018.jpg",
      "accident_id": 0,
      "accident_name": "normal",
      "objects": []
    },
    {
      "frame_id": 19,
      "image_path": "frames/OWtbKblBOKI_004218/images/000019.jpg",
      "accident_id": 0,
      "accident_name": "normal",
      "objects": []
    },
    {
      "frame_id": 20,
      "image_path": "frames/OWtbKblBOKI_004218/images/000020.jpg",
      "accident_id": 3,
      "accident_name": "lateral",
      "objects": [
        {
          "obj_track_id": 0,
          "bbox": [
            1163.1168831168832,
            494.54545454545456,
            1280.0,
            605.7142857142857
          ],
          "category": "car",
          "category ID": 3,
          "trunc": true
        }
      ]
    },
    {
      "frame_id": 21,
      "image_path": "frames/OWtbKblBOKI_004218/images/000021.jpg",
      "accident_id": 3,
      "accident_name": "lateral",
      "objects": [
        {
          "obj_track_id": 0,
          "bbox": [
            1119.4805194805194,
            478.9610389610389,
            1277.922077922078,
            606.7532467532467
          ],
          "category": "car",
          "category ID": 3,
          "trunc": true
        }
      ]
    },
    {
      "frame_id": 22,
      "image_path": "frames/OWtbKblBOKI_004218/images/000022.jpg",
      "accident_id": 3,
      "accident_name": "lateral",
      "objects": [
        {
          "obj_track_id": 0,
          "bbox": [
            1064.4155844155844,
            466.49350649350646,
            1277.922077922078,
            606.7532467532467
          ],
          "category": "car",
          "category ID": 3,
          "trunc": true
        }
      ]
    },
    {
      "frame_id": 23,
      "image_path": "frames/OWtbKblBOKI_004218/images/000023.jpg",
      "accident_id": 3,
      "accident_name": "lateral",
      "objects": [
        {
          "obj_track_id": 0,
          "bbox": [
            1005.1948051948052,
            459.2207792207792,
            1277.922077922078,
            606.7532467532467
          ],
          "category": "car",
          "category ID": 3,
          "trunc": true
        }
      ]
    },
    {
      "frame_id": 24,
      "image_path": "frames/OWtbKblBOKI_004218/images/000024.jpg",
      "accident_id": 3,
      "accident_name": "lateral",
      "objects": [
        {
          "obj_track_id": 0,
          "bbox": [
            956.3636363636364,
            421.8181818181818,
            1277.922077922078,
            606.7532467532467
          ],
          "category": "car",
          "category ID": 3,
          "trunc": true
        }
      ]
    },
    {
      "frame_id": 25,
      "image_path": "frames/OWtbKblBOKI_004218/images/000025.jpg",
      "accident_id": 3,
      "accident_name": "lateral",
      "objects": [
        {
          "obj_track_id": 0,
          "bbox": [
            892.9870129870129,
            398.961038961039,
            1277.922077922078,
            606.7532467532467
          ],
          "category": "car",
          "category ID": 3,
          "trunc": true
        }
      ]
    },
    {
      "frame_id": 26,
      "image_path": "frames/OWtbKblBOKI_004218/images/000026.jpg",
      "accident_id": 3,
      "accident_name": "lateral",
      "objects": [
        {
          "obj_track_id": 0,
          "bbox": [
            829.6103896103896,
            405.1948051948052,
            1280.0,
            596.3636363636363
          ],
          "category": "car",
          "category ID": 3,
          "trunc": true
        }
      ]
    },
    {
      "frame_id": 27,
      "image_path": "frames/OWtbKblBOKI_004218/images/000027.jpg",
      "accident_id": 3,
      "accident_name": "lateral",
      "objects": [
        {
          "obj_track_id": 0,
          "bbox": [
            767.2727272727273,
            403.1168831168831,
            1280.0,
            596.3636363636363
          ],
          "category": "car",
          "category ID": 3,
          "trunc": true
        }
      ]
    },
    {
      "frame_id": 28,
      "image_path": "frames/OWtbKblBOKI_004218/images/000028.jpg",
      "accident_id": 3,
      "accident_name": "lateral",
      "objects": [
        {
          "obj_track_id": 0,
          "bbox": [
            713.0350665054414,
            382.3376623376623,
            1280.0,
            626.8440145102782
          ],
          "category": "car",
          "category ID": 3,
          "trunc": true
        }
      ]
    },
    {
      "frame_id": 29,
      "image_path": "frames/OWtbKblBOKI_004218/images/000029.jpg",
      "accident_id": 3,
      "accident_name": "lateral",
      "objects": [
        {
          "obj_track_id": 0,
          "bbox": [
            659.9274486094317,
            381.2987012987013,
            1280.0,
            652.9625151148731
          ],
          "category": "car",
          "category ID": 3,
          "trunc": true
        }
      ]
    },
    {
      "frame_id": 30,
      "image_path": "frames/OWtbKblBOKI_004218/images/000030.jpg",
      "accident_id": 3,
      "accident_name": "lateral",
      "objects": [
        {
          "obj_track_id": 0,
          "bbox": [
            609.4316807738816,
            377.1428571428571,
            1280.0,
            651.2212817412334
          ],
          "category": "car",
          "category ID": 3,
          "trunc": true
        }
      ]
    },
    {
      "frame_id": 31,
      "image_path": "frames/OWtbKblBOKI_004218/images/000031.jpg",
      "accident_id": 3,
      "accident_name": "lateral",
      "objects": [
        {
          "obj_track_id": 0,
          "bbox": [
            566.7714631197099,
            375.06493506493507,
            1280.0,
            663.409915356711
          ],
          "category": "car",
          "category ID": 3,
          "trunc": true
        }
      ]
    },
    {
      "frame_id": 32,
      "image_path": "frames/OWtbKblBOKI_004218/images/000032.jpg",
      "accident_id": 3,
      "accident_name": "lateral",
      "objects": [
        {
          "obj_track_id": 0,
          "bbox": [
            540.652962515115,
            369.87012987012986,
            1280.0,
            652.0918984280532
          ],
          "category": "car",
          "category ID": 3,
          "trunc": true
        }
      ]
    },
    {
      "frame_id": 33,
      "image_path": "frames/OWtbKblBOKI_004218/images/000033.jpg",
      "accident_id": 3,
      "accident_name": "lateral",
      "objects": [
        {
          "obj_track_id": 0,
          "bbox": [
            528.4643288996373,
            374.025974025974,
            1241.038961038961,
            663.409915356711
          ],
          "category": "car",
          "category ID": 3,
          "trunc": true
        }
      ]
    },
    {
      "frame_id": 34,
      "image_path": "frames/OWtbKblBOKI_004218/images/000034.jpg",
      "accident_id": 3,
      "accident_name": "lateral",
      "objects": [
        {
          "obj_track_id": 0,
          "bbox": [
            517.1463119709795,
            367.79220779220776,
            1205.7142857142858,
            663.409915356711
          ],
          "category": "car",
          "category ID": 3,
          "trunc": false
        }
      ]
    },
    {
      "frame_id": 35,
      "image_path": "frames/OWtbKblBOKI_004218/images/000035.jpg",
      "accident_id": 3,
      "accident_name": "lateral",
      "objects": [
        {
          "obj_track_id": 0,
          "bbox": [
            493.63966142684404,
            364.67532467532465,
            1162.077922077922,
            656.4449818621524
          ],
          "category": "car",
          "category ID": 3,
          "trunc": false
        }
      ]
    },
    {
      "frame_id": 36,
      "image_path": "frames/OWtbKblBOKI_004218/images/000036.jpg",
      "accident_id": 3,
      "accident_name": "lateral",
      "objects": [
        {
          "obj_track_id": 0,
          "bbox": [
            483.1922611850061,
            367.79220779220776,
            1098.7012987012986,
            656.4449818621524
          ],
          "category": "car",
          "category ID": 3,
          "trunc": false
        }
      ]
    },
    {
      "frame_id": 37,
      "image_path": "frames/OWtbKblBOKI_004218/images/000037.jpg",
      "accident_id": 3,
      "accident_name": "lateral",
      "objects": [
        {
          "obj_track_id": 0,
          "bbox": [
            457.944377267231,
            371.94805194805195,
            1016.6233766233765,
            673.857315598549
          ],
          "category": "car",
          "category ID": 3,
          "trunc": false
        }
      ]
    },
    {
      "frame_id": 38,
      "image_path": "frames/OWtbKblBOKI_004218/images/000038.jpg",
      "accident_id": 3,
      "accident_name": "lateral",
      "objects": [
        {
          "obj_track_id": 0,
          "bbox": [
            412.6723095525998,
            360.5194805194805,
            921.038961038961,
            665.1511487303508
          ],
          "category": "car",
          "category ID": 3,
          "trunc": false
        }
      ]
    },
    {
      "frame_id": 39,
      "image_path": "frames/OWtbKblBOKI_004218/images/000039.jpg",
      "accident_id": 3,
      "accident_name": "lateral",
      "objects": [
        {
          "obj_track_id": 0,
          "bbox": [
            372.6239419588876,
            354.2857142857143,
            828.5714285714286,
            657.3155985489723
          ],
          "category": "car",
          "category ID": 3,
          "trunc": false
        }
      ]
    },
    {
      "frame_id": 40,
      "image_path": "frames/OWtbKblBOKI_004218/images/000040.jpg",
      "accident_id": 3,
      "accident_name": "lateral",
      "objects": [
        {
          "obj_track_id": 0,
          "bbox": [
            333.4461910519952,
            349.09090909090907,
            728.8311688311688,
            645.9975816203145
          ],
          "category": "car",
          "category ID": 3,
          "trunc": false
        }
      ]
    },
    {
      "frame_id": 41,
      "image_path": "frames/OWtbKblBOKI_004218/images/000041.jpg",
      "accident_id": 3,
      "accident_name": "lateral",
      "objects": []
    },
    {
      "frame_id": 42,
      "image_path": "frames/OWtbKblBOKI_004218/images/000042.jpg",
      "accident_id": 3,
      "accident_name": "lateral",
      "objects": []
    },
    {
      "frame_id": 43,
      "image_path": "frames/OWtbKblBOKI_004218/images/000043.jpg",
      "accident_id": 3,
      "accident_name": "lateral",
      "objects": []
    },
    {
      "frame_id": 44,
      "image_path": "frames/OWtbKblBOKI_004218/images/000044.jpg",
      "accident_id": 3,
      "accident_name": "lateral",
      "objects": []
    },
    {
      "frame_id": 45,
      "image_path": "frames/OWtbKblBOKI_004218/images/000045.jpg",
      "accident_id": 3,
      "accident_name": "lateral",
      "objects": []
    },
    {
      "frame_id": 46,
      "image_path": "frames/OWtbKblBOKI_004218/images/000046.jpg",
      "accident_id": 3,
      "accident_name": "lateral",
      "objects": []
    },
    {
      "frame_id": 47,
      "image_path": "frames/OWtbKblBOKI_004218/images/000047.jpg",
      "accident_id": 3,
      "accident_name": "lateral",
      "objects": []
    },
    {
      "frame_id": 48,
      "image_path": "frames/OWtbKblBOKI_004218/images/000048.jpg",
      "accident_id": 3,
      "accident_name": "lateral",
      "objects": []
    },
    {
      "frame_id": 49,
      "image_path": "frames/OWtbKblBOKI_004218/images/000049.jpg",
      "accident_id": 3,
      "accident_name": "lateral",
      "objects": []
    },
    {
      "frame_id": 50,
      "image_path": "frames/OWtbKblBOKI_004218/images/000050.jpg",
      "accident_id": 3,
      "accident_name": "lateral",
      "objects": []
    },
    {
      "frame_id": 51,
      "image_path": "frames/OWtbKblBOKI_004218/images/000051.jpg",
      "accident_id": 3,
      "accident_name": "lateral",
      "objects": []
    },
    {
      "frame_id": 52,
      "image_path": "frames/OWtbKblBOKI_004218/images/000052.jpg",
      "accident_id": 3,
      "accident_name": "lateral",
      "objects": []
    },
    {
      "frame_id": 53,
      "image_path": "frames/OWtbKblBOKI_004218/images/000053.jpg",
      "accident_id": 3,
      "accident_name": "lateral",
      "objects": []
    },
    {
      "frame_id": 54,
      "image_path": "frames/OWtbKblBOKI_004218/images/000054.jpg",
      "accident_id": 3,
      "accident_name": "lateral",
      "objects": []
    },
    {
      "frame_id": 55,
      "image_path": "frames/OWtbKblBOKI_004218/images/000055.jpg",
      "accident_id": 3,
      "accident_name": "lateral",
      "objects": []
    },
    {
      "frame_id": 56,
      "image_path": "frames/OWtbKblBOKI_004218/images/000056.jpg",
      "accident_id": 3,
      "accident_name": "lateral",
      "objects": []
    },
    {
      "frame_id": 57,
      "image_path": "frames/OWtbKblBOKI_004218/images/000057.jpg",
      "accident_id": 3,
      "accident_name": "lateral",
      "objects": []
    },
    {
      "frame_id": 58,
      "image_path": "frames/OWtbKblBOKI_004218/images/000058.jpg",
      "accident_id": 3,
      "accident_name": "lateral",
      "objects": []
    },
    {
      "frame_id": 59,
      "image_path": "frames/OWtbKblBOKI_004218/images/000059.jpg",
      "accident_id": 3,
      "accident_name": "lateral",
      "objects": []
    },
    {
      "frame_id": 60,
      "image_path": "frames/OWtbKblBOKI_004218/images/000060.jpg",
      "accident_id": 3,
      "accident_name": "lateral",
      "objects": []
    },
    {
      "frame_id": 61,
      "image_path": "frames/OWtbKblBOKI_004218/images/000061.jpg",
      "accident_id": 3,
      "accident_name": "lateral",
      "objects": []
    },
    {
      "frame_id": 62,
      "image_path": "frames/OWtbKblBOKI_004218/images/000062.jpg",
      "accident_id": 3,
      "accident_name": "lateral",
      "objects": []
    },
    {
      "frame_id": 63,
      "image_path": "frames/OWtbKblBOKI_004218/images/000063.jpg",
      "accident_id": 3,
      "accident_name": "lateral",
      "objects": []
    },
    {
      "frame_id": 64,
      "image_path": "frames/OWtbKblBOKI_004218/images/000064.jpg",
      "accident_id": 3,
      "accident_name": "lateral",
      "objects": []
    },
    {
      "frame_id": 65,
      "image_path": "frames/OWtbKblBOKI_004218/images/000065.jpg",
      "accident_id": 3,
      "accident_name": "lateral",
      "objects": []
    },
    {
      "frame_id": 66,
      "image_path": "frames/OWtbKblBOKI_004218/images/000066.jpg",
      "accident_id": 3,
      "accident_name": "lateral",
      "objects": []
    },
    {
      "frame_id": 67,
      "image_path": "frames/OWtbKblBOKI_004218/images/000067.jpg",
      "accident_id": 3,
      "accident_name": "lateral",
      "objects": []
    },
    {
      "frame_id": 68,
      "image_path": "frames/OWtbKblBOKI_004218/images/000068.jpg",
      "accident_id": 3,
      "accident_name": "lateral",
      "objects": []
    },
    {
      "frame_id": 69,
      "image_path": "frames/OWtbKblBOKI_004218/images/000069.jpg",
      "accident_id": 3,
      "accident_name": "lateral",
      "objects": []
    },
    {
      "frame_id": 70,
      "image_path": "frames/OWtbKblBOKI_004218/images/000070.jpg",
      "accident_id": 3,
      "accident_name": "lateral",
      "objects": []
    },
    {
      "frame_id": 71,
      "image_path": "frames/OWtbKblBOKI_004218/images/000071.jpg",
      "accident_id": 3,
      "accident_name": "lateral",
      "objects": []
    },
    {
      "frame_id": 72,
      "image_path": "frames/OWtbKblBOKI_004218/images/000072.jpg",
      "accident_id": 3,
      "accident_name": "lateral",
      "objects": []
    },
    {
      "frame_id": 73,
      "image_path": "frames/OWtbKblBOKI_004218/images/000073.jpg",
      "accident_id": 3,
      "accident_name": "lateral",
      "objects": []
    },
    {
      "frame_id": 74,
      "image_path": "frames/OWtbKblBOKI_004218/images/000074.jpg",
      "accident_id": 3,
      "accident_name": "lateral",
      "objects": []
    },
    {
      "frame_id": 75,
      "image_path": "frames/OWtbKblBOKI_004218/images/000075.jpg",
      "accident_id": 3,
      "accident_name": "lateral",
      "objects": []
    },
    {
      "frame_id": 76,
      "image_path": "frames/OWtbKblBOKI_004218/images/000076.jpg",
      "accident_id": 3,
      "accident_name": "lateral",
      "objects": []
    },
    {
      "frame_id": 77,
      "image_path": "frames/OWtbKblBOKI_004218/images/000077.jpg",
      "accident_id": 3,
      "accident_name": "lateral",
      "objects": []
    },
    {
      "frame_id": 78,
      "image_path": "frames/OWtbKblBOKI_004218/images/000078.jpg",
      "accident_id": 3,
      "accident_name": "lateral",
      "objects": []
    },
    {
      "frame_id": 79,
      "image_path": "frames/OWtbKblBOKI_004218/images/000079.jpg",
      "accident_id": 3,
      "accident_name": "lateral",
      "objects": []
    },
    {
      "frame_id": 80,
      "image_path": "frames/OWtbKblBOKI_004218/images/000080.jpg",
      "accident_id": 3,
      "accident_name": "lateral",
      "objects": []
    },
    {
      "frame_id": 81,
      "image_path": "frames/OWtbKblBOKI_004218/images/000081.jpg",
      "accident_id": 3,
      "accident_name": "lateral",
      "objects": []
    },
    {
      "frame_id": 82,
      "image_path": "frames/OWtbKblBOKI_004218/images/000082.jpg",
      "accident_id": 3,
      "accident_name": "lateral",
      "objects": []
    },
    {
      "frame_id": 83,
      "image_path": "frames/OWtbKblBOKI_004218/images/000083.jpg",
      "accident_id": 3,
      "accident_name": "lateral",
      "objects": []
    },
    {
      "frame_id": 84,
      "image_path": "frames/OWtbKblBOKI_004218/images/000084.jpg",
      "accident_id": 3,
      "accident_name": "lateral",
      "objects": []
    },
    {
      "frame_id": 85,
      "image_path": "frames/OWtbKblBOKI_004218/images/000085.jpg",
      "accident_id": 3,
      "accident_name": "lateral",
      "objects": []
    },
    {
      "frame_id": 86,
      "image_path": "frames/OWtbKblBOKI_004218/images/000086.jpg",
      "accident_id": 3,
      "accident_name": "lateral",
      "objects": []
    },
    {
      "frame_id": 87,
      "image_path": "frames/OWtbKblBOKI_004218/images/000087.jpg",
      "accident_id": 3,
      "accident_name": "lateral",
      "objects": []
    },
    {
      "frame_id": 88,
      "image_path": "frames/OWtbKblBOKI_004218/images/000088.jpg",
      "accident_id": 3,
      "accident_name": "lateral",
      "objects": []
    },
    {
      "frame_id": 89,
      "image_path": "frames/OWtbKblBOKI_004218/images/000089.jpg",
      "accident_id": 3,
      "accident_name": "lateral",
      "objects": []
    },
    {
      "frame_id": 90,
      "image_path": "frames/OWtbKblBOKI_004218/images/000090.jpg",
      "accident_id": 3,
      "accident_name": "lateral",
      "objects": []
    },
    {
      "frame_id": 91,
      "image_path": "frames/OWtbKblBOKI_004218/images/000091.jpg",
      "accident_id": 3,
      "accident_name": "lateral",
      "objects": []
    },
    {
      "frame_id": 92,
      "image_path": "frames/OWtbKblBOKI_004218/images/000092.jpg",
      "accident_id": 3,
      "accident_name": "lateral",
      "objects": []
    },
    {
      "frame_id": 93,
      "image_path": "frames/OWtbKblBOKI_004218/images/000093.jpg",
      "accident_id": 3,
      "accident_name": "lateral",
      "objects": []
    },
    {
      "frame_id": 94,
      "image_path": "frames/OWtbKblBOKI_004218/images/000094.jpg",
      "accident_id": 3,
      "accident_name": "lateral",
      "objects": []
    },
    {
      "frame_id": 95,
      "image_path": "frames/OWtbKblBOKI_004218/images/000095.jpg",
      "accident_id": 3,
      "accident_name": "lateral",
      "objects": []
    },
    {
      "frame_id": 96,
      "image_path": "frames/OWtbKblBOKI_004218/images/000096.jpg",
      "accident_id": 3,
      "accident_name": "lateral",
      "objects": []
    },
    {
      "frame_id": 97,
      "image_path": "frames/OWtbKblBOKI_004218/images/000097.jpg",
      "accident_id": 3,
      "accident_name": "lateral",
      "objects": []
    },
    {
      "frame_id": 98,
      "image_path": "frames/OWtbKblBOKI_004218/images/000098.jpg",
      "accident_id": 3,
      "accident_name": "lateral",
      "objects": []
    },
    {
      "frame_id": 99,
      "image_path": "frames/OWtbKblBOKI_004218/images/000099.jpg",
      "accident_id": 3,
      "accident_name": "lateral",
      "objects": []
    },
    {
      "frame_id": 100,
      "image_path": "frames/OWtbKblBOKI_004218/images/000100.jpg",
      "accident_id": 3,
      "accident_name": "lateral",
      "objects": []
    }
  ]
}