{
  "video_name": "QERvirE3S5s_003199",
  "channel": "AnAn",
  "num_frames": 84,
  "ignore": false,
  "ego_involve": true,
  "night": false,
  "anomaly_start": 35,
  "anomaly_end": 67,
  "video_start": 3199,
  "video_end": 3282,
  "accident_id": "5",
  "accident_name": "turning",
  "labels": [
    {
      "frame_id": 0,
      "image_path": "frames/QERvirE3S5s_003199/images/000000.jpg",
      "accident_id": 0,
      "accident_name": "normal",
      "objects": []
    },
    {
      "frame_id": 1,
      "image_path": "frames/QERvirE3S5s_003199/images/000001.jpg",
      "accident_id": 0,
      "accident_name": "normal",
      "objects": []
    },
    {
      "frame_id": 2,
      "image_path": "frames/QERvirE3S5s_003199/images/000002.jpg",
      "accident_id": 0,
      "accident_name": "normal",
      "objects": []
    },
    {
      "frame_id": 3,
      "image_path": "frames/QERvirE3S5s_003199/images/000003.jpg",
      "accident_id": 0,
      "accident_name": "normal",
      "objects": []
    },
    {
      "frame_id": 4,
      "image_path": "frames/QERvirE3S5s_003199/images/000004.jpg",
      "accident_id": 0,
      "accident_name": "normal",
      "objects": []
    },
    {
      "frame_id": 5,
      "image_path": "frames/QERvirE3S5s_003199/images/000005.jpg",
      "accident_id": 0,
      "accident_name": "normal",
      "objects": []
    },
    {
      "frame_id": 6,
      "image_path": "frames/QERvirE3S5s_003199/images/000006.jpg",
      "accident_id": 0,
      "accident_name": "normal",
      "objects": []
    },
    {
      "frame_id": 7,
      "image_path": "frames/QERvirE3S5s_003199/images/000007.jpg",
      "accident_id": 0,
      "accident_name": "normal",
      "objects": []
    },
    {
      "frame_id": 8,
      "image_path": "frames/QERvirE3S5s_003199/images/000008.jpg",
      "accident_id": 0,
      "accident_name": "normal",
      "objects": []
    },
    {
      "frame_id": 9,
      "image_path": "frames/QERvirE3S5s_003199/images/000009.jpg",
      "accident_id": 0,
      "accident_name": "normal",
      "objects": []
    },
    {
      "frame_id": 10,
      "image_path": "frames/QERvirE3S5s_003199/images/000010.jpg",
      "accident_id": 0,
      "accident_name": "normal",
      "objects": []
    },
    {
      "frame_id": 11,
      "image_path": "frames/QERvirE3S5s_003199/images/000011.jpg",
      "accident_id": 0,
      "accident_name": "normal",
      "objects": []
    },
    {
      "frame_id": 12,
      "image_path": "frames/QERvirE3S5s_003199/images/000012.jpg",
      "accident_id": 0,
      "accident_name": "normal",
      "objects": []
    },
    {
      "frame_id": 13,
      "image_path": "frames/QERvirE3S5s_003199/images/000013.jpg",
      "accident_id": 0,
      "accident_name": "normal",
      "objects": []
    },
    {
      "frame_id": 14,
      "image_path": "frames/QERvirE3S5s_003199/images/000014.jpg",
      "accident_id": 0,
      "accident_name": "normal",
      "objects": []
    },
    {
      "frame_id": 15,
      "image_path": "frames/QERvirE3S5s_003199/images/000015.jpg",
      "accident_id": 0,
      "accident_name": "normal",
      "objects": []
    },
    {
      "frame_id": 16,
      "image_path": "frames/QERvirE3S5s_003199/images/000016.jpg",
      "accident_id": 0,
      "accident_name": "normal",
      "objects": []
    },
    {
      "frame_id": 17,
      "image_path": "frames/QERvirE3S5s_003199/images/000017.jpg",
      "accident_id": 0,
      "accident_name": "normal",
      "objects": []
    },
    {
      "frame_id": 18,
      "image_path": "frames/QERvirE3S5s_003199/images/000018.jpg",
      "accident_id": 0,
      "accident_name": "normal",
      "objects": []
    },
    {
      "frame_id": 19,
      "image_path": "frames/QERvirE3S5s_003199/images/000019.jpg",
      "accident_id": 0,
      "accident_name": "normal",
      "objects": []
    },
    {
      "frame_id": 20,
      "image_path": "frames/QERvirE3S5s_003199/images/000020.jpg",
      "accident_id": 0,
      "accident_name": "normal",
      "objects": []
    },
    {
      "frame_id": 21,
      "image_path": "frames/QERvirE3S5s_003199/images/000021.jpg",
      "accident_id": 0,
      "accident_name": "normal",
      "objects": []
    },
    {
      "frame_id": 22,
      "image_path": "frames/QERvirE3S5s_003199/images/000022.jpg",
      "accident_id": 0,
      "accident_name": "normal",
      "objects": []
    },
    {
      "frame_id": 23,
      "image_path": "frames/QERvirE3S5s_003199/images/000023.jpg",
      "accident_id": 0,
      "accident_name": "normal",
      "objects": []
    },
    {
      "frame_id": 24,
      "image_path": "frames/QERvirE3S5s_003199/images/000024.jpg",
      "accident_id": 0,
      "accident_name": "normal",
      "objects": []
    },
    {
      "frame_id": 25,
      "image_path": "frames/QERvirE3S5s_003199/images/000025.jpg",
      "accident_id": 0,
      "accident_name": "normal",
      "objects": []
    },
    {
      "frame_id": 26,
      "image_path": "frames/QERvirE3S5s_003199/images/000026.jpg",
      "accident_id": 0,
      "accident_name": "normal",
      "objects": []
    },
    {
      "frame_id": 27,
      "image_path": "frames/QERvirE3S5s_003199/images/000027.jpg",
      "accident_id": 0,
      "accident_name": "normal",
      "objects": []
    },
    {
      "frame_id": 28,
      "image_path": "frames/QERvirE3S5s_003199/images/000028.jpg",
      "accident_id": 0,
      "accident_name": "normal",
      "objects": []
    },
    {
      "frame_id": 29,
      "image_path": "frames/QERvirE3S5s_003199/images/000029.jpg",
      "accident_id": 0,
      "accident_name": "normal",
      "objects": []
    },
    {
      "frame_id": 30,
      "image_path": "frames/QERvirE3S5s_003199/images/000030.jpg",
      "accident_id": 0,
      "accident_name": "normal",
      "objects": []
    },
    {
      "frame_id": 31,
      "image_path": "frames/QERvirE3S5s_003199/images/000031.jpg",
      "accident_id": 0,
      "accident_name": "normal",
      "objects": []
    },
    {
      "frame_id": 32,
      "image_path": "frames/QERvirE3S5s_003199/images/000032.jpg",
      "accident_id": 0,
      "accident_name": "normal",
      "objects": []
    },
    {
      "frame_id": 33,
      "image_path": "frames/QERvirE3S5s_003199/images/000033.jpg",
      "accident_id": 0,
      "accident_name": "normal",
      "objects": []
    },
    {
      "frame_id": 34,
      "image_path": "frames/QERvirE3S5s_003199/images/000034.jpg",
      "accident_id": 0,
      "accident_name": "normal",
      "objects": []
    },
    {
      "frame_id": 35,
      "image_path": "frames/QERvirE3S5s_003199/images/000035.jpg",
      "accident_id": 5,
      "accident_name": "turning",
      "objects": [
        {
          "obj_track_id": 0,
          "bbox": [
            722.4685714285715,
            439.40571428571434,
            780.8914285714286,
            497.8285714285715
          ],
          "category": "motor",
          "category ID": 7,
          "trunc": false
        },
        {
          "obj_track_id": 50,
          "bbox": [
            738.1028571428571,
            412.6723095525998,
            771.84,
            497.0057142857143
          ],
          "category": "rider",
          "category ID": 2,
          "trunc": false
        }
      ]
    },
    {
      "frame_id": 36,
      "image_path": "frames/QERvirE3S5s_003199/images/000036.jpg",
      "accident_id": 5,
      "accident_name": "turning",
      "objects": [
        {
          "obj_track_id": 0,
          "bbox": [
            719.1771428571429,
            437.76000000000005,
            785.0057142857144,
            506.88000000000005
          ],
          "category": "motor",
          "category ID": 7,
          "trunc": false
        },
        {
          "obj_track_id": 50,
          "bbox": [
            742.2171428571429,
            412.2514285714286,
            775.1314285714286,
            505.23428571428576
          ],
          "category": "rider",
          "category ID": 2,
          "trunc": false
        }
      ]
    },
    {
      "frame_id": 37,
      "image_path": "frames/QERvirE3S5s_003199/images/000037.jpg",
      "accident_id": 5,
      "accident_name": "turning",
      "objects": [
        {
          "obj_track_id": 0,
          "bbox": [
            719.1771428571429,
            435.2914285714286,
            792.4114285714286,
            515.9314285714286
          ],
          "category": "motor",
          "category ID": 7,
          "trunc": false
        },
        {
          "obj_track_id": 50,
          "bbox": [
            735.6342857142857,
            404.02285714285716,
            780.8914285714286,
            515.9314285714286
          ],
          "category": "rider",
          "category ID": 2,
          "trunc": false
        }
      ]
    },
    {
      "frame_id": 38,
      "image_path": "frames/QERvirE3S5s_003199/images/000038.jpg",
      "accident_id": 5,
      "accident_name": "turning",
      "objects": [
        {
          "obj_track_id": 0,
          "bbox": [
            724.9371428571429,
            436.9371428571429,
            808.0457142857143,
            532.3885714285715
          ],
          "category": "motor",
          "category ID": 7,
          "trunc": false
        },
        {
          "obj_track_id": 50,
          "bbox": [
            739.7485714285715,
            395.79428571428576,
            798.1714285714287,
            533.2114285714287
          ],
          "category": "rider",
          "category ID": 2,
          "trunc": false
        }
      ]
    },
    {
      "frame_id": 39,
      "image_path": "frames/QERvirE3S5s_003199/images/000039.jpg",
      "accident_id": 5,
      "accident_name": "turning",
      "objects": [
        {
          "obj_track_id": 0,
          "bbox": [
            746.3314285714287,
            439.40571428571434,
            835.2,
            559.5428571428572
          ],
          "category": "motor",
          "category ID": 7,
          "trunc": false
        },
        {
          "obj_track_id": 50,
          "bbox": [
            763.6114285714286,
            386.74285714285713,
            838.4914285714286,
            543.9085714285715
          ],
          "category": "rider",
          "category ID": 2,
          "trunc": false
        }
      ]
    },
    {
      "frame_id": 40,
      "image_path": "frames/QERvirE3S5s_003199/images/000040.jpg",
      "accident_id": 5,
      "accident_name": "turning",
      "objects": [
        {
          "obj_track_id": 0,
          "bbox": [
            778.4228571428572,
            436.11428571428576,
            865.6457142857143,
            599.0400000000001
          ],
          "category": "motor",
          "category ID": 7,
          "trunc": false
        },
        {
          "obj_track_id": 50,
          "bbox": [
            777.6,
            371.10857142857145,
            890.3314285714287,
            576.8228571428572
          ],
          "category": "rider",
          "category ID": 2,
          "trunc": false
        }
      ]
    },
    {
      "frame_id": 41,
      "image_path": "frames/QERvirE3S5s_003199/images/000041.jpg",
      "accident_id": 5,
      "accident_name": "turning",
      "objects": [
        {
          "obj_track_id": 0,
          "bbox": [
            831.0857142857143,
            446.8114285714286,
            963.5657142857143,
            633.6
          ],
          "category": "motor",
          "category ID": 7,
          "trunc": false
        },
        {
          "obj_track_id": 50,
          "bbox": [
            830.2628571428571,
            353.0057142857143,
            963.5657142857143,
            636.0685714285714
          ],
          "category": "rider",
          "category ID": 2,
          "trunc": false
        }
      ]
    },
    {
      "frame_id": 42,
      "image_path": "frames/QERvirE3S5s_003199/images/000042.jpg",
      "accident_id": 5,
      "accident_name": "turning",
      "objects": [
        {
          "obj_track_id": 0,
          "bbox": [
            936.4114285714287,
            461.6228571428572,
            1145.417142857143,
            648.4114285714286
          ],
          "category": "motor",
          "category ID": 7,
          "trunc": false
        },
        {
          "obj_track_id": 50,
          "bbox": [
            937.2342857142858,
            307.74857142857144,
            1147.8857142857144,
            641.0057142857144
          ],
          "category": "rider",
          "category ID": 2,
          "trunc": false
        }
      ]
    },
    {
      "frame_id": 43,
      "image_path": "frames/QERvirE3S5s_003199/images/000043.jpg",
      "accident_id": 5,
      "accident_name": "turning",
      "objects": [
        {
          "obj_track_id": 0,
          "bbox": [
            1175.0400000000002,
            552.1371428571429,
            1280.0,
            649.2342857142858
          ],
          "category": "motor",
          "category ID": 7,
          "trunc": true
        },
        {
          "obj_track_id": 50,
          "bbox": [
            1182.4457142857143,
            223.81714285714287,
            1280.0,
            579.2914285714286
          ],
          "category": "rider",
          "category ID": 2,
          "trunc": true
        }
      ]
    },
    {
      "frame_id": 44,
      "image_path": "frames/QERvirE3S5s_003199/images/000044.jpg",
      "accident_id": 5,
      "accident_name": "turning",
      "objects": []
    },
    {
      "frame_id": 45,
      "image_path": "frames/QERvirE3S5s_003199/images/000045.jpg",
      "accident_id": 5,
      "accident_name": "turning",
      "objects": []
    },
    {
      "frame_id": 46,
      "image_path": "frames/QERvirE3S5s_003199/images/000046.jpg",
      "accident_id": 5,
      "accident_name": "turning",
      "objects": []
    },
    {
      "frame_id": 47,
      "image_path": "frames/QERvirE3S5s_003199/images/000047.jpg",
      "accident_id": 5,
      "accident_name": "turning",
      "objects": []
    },
    {
      "frame_id": 48,
      "image_path": "frames/QERvirE3S5s_003199/images/000048.jpg",
      "accident_id": 5,
      "accident_name": "turning",
      "objects": []
    },
    {
      "frame_id": 49,
      "image_path": "frames/QERvirE3S5s_003199/images/000049.jpg",
      "accident_id": 5,
      "accident_name": "turning",
      "objects": []
    },
    {
      "frame_id": 50,
      "image_path": "frames/QERvirE3S5s_003199/images/000050.jpg",
      "accident_id": 5,
      "accident_name": "turning",
      "objects": []
    },
    {
      "frame_id": 51,
      "image_path": "frames/QERvirE3S5s_003199/images/000051.jpg",
      "accident_id": 5,
      "accident_name": "turning",
      "objects": []
    },
    {
      "frame_id": 52,
      "image_path": "frames/QERvirE3S5s_003199/images/000052.jpg",
      "accident_id": 5,
      "accident_name": "turning",
      "objects": []
    },
    {
      "frame_id": 53,
      "image_path": "frames/QERvirE3S5s_003199/images/000053.jpg",
      "accident_id": 5,
      "accident_name": "turning",
      "objects": []
    },
    {
      "frame_id": 54,
      "image_path": "frames/QERvirE3S5s_003199/images/000054.jpg",
      "accident_id": 5,
      "accident_name": "turning",
      "objects": []
    },
    {
      "frame_id": 55,
      "image_path": "frames/QERvirE3S5s_003199/images/000055.jpg",
      "accident_id": 5,
      "accident_name": "turning",
      "objects": []
    },
    {
      "frame_id": 56,
      "image_path": "frames/QERvirE3S5s_003199/images/000056.jpg",
      "accident_id": 5,
      "accident_name": "turning",
      "objects": []
    },
    {
      "frame_id": 57,
      "image_path": "frames/QERvirE3S5s_003199/images/000057.jpg",
      "accident_id": 5,
      "accident_name": "turning",
      "objects": []
    },
    {
      "frame_id": 58,
      "image_path": "frames/QERvirE3S5s_003199/images/000058.jpg",
      "accident_id": 5,
      "accident_name": "turning",
      "objects": []
    },
    {
      "frame_id": 59,
      "image_path": "frames/QERvirE3S5s_003199/images/000059.jpg",
      "accident_id": 5,
      "accident_name": "turning",
      "objects": []
    },
    {
      "frame_id": 60,
      "image_path": "frames/QERvirE3S5s_003199/images/000060.jpg",
      "accident_id": 5,
      "accident_name": "turning",
      "objects": []
    },
    {
      "frame_id": 61,
      "image_path": "frames/QERvirE3S5s_003199/images/000061.jpg",
      "accident_id": 5,
      "accident_name": "turning",
      "objects": []
    },
    {
      "frame_id": 62,
      "image_path": "frames/QERvirE3S5s_003199/images/000062.jpg",
      "accident_id": 5,
      "accident_name": "turning",
      "objects": []
    },
    {
      "frame_id": 63,
      "image_path": "frames/QERvirE3S5s_003199/images/000063.jpg",
      "accident_id": 5,
      "accident_name": "turning",
      "objects": []
    },
    {
      "frame_id": 64,
      "image_path": "frames/QERvirE3S5s_003199/images/000064.jpg",
      "accident_id": 5,
      "accident_name": "turning",
      "objects": []
    },
    {
      "frame_id": 65,
      "image_path": "frames/QERvirE3S5s_003199/images/000065.jpg",
      "accident_id": 5,
      "accident_name": "turning",
      "objects": []
    },
    {
      "frame_id": 66,
      "image_path": "frames/QERvirE3S5s_003199/images/000066.jpg",
      "accident_id": 5,
      "accident_name": "turning",
      "objects": []
    },
    {
      "frame_id": 67,
      "image_path": "frames/QERvirE3S5s_003199/images/000067.jpg",
      "accident_id": 0,
      "accident_name": "normal",
      "objects": []
    },
    {
      "frame_id": 68,
      "image_path": "frames/QERvirE3S5s_003199/images/000068.jpg",
      "accident_id": 0,
      "accident_name": "normal",
      "objects": []
    },
    {
      "frame_id": 69,
      "image_path": "frames/QERvirE3S5s_003199/images/000069.jpg",
      "accident_id": 0,
      "accident_name": "normal",
      "objects": []
    },
    {
      "frame_id": 70,
      "image_path": "frames/QERvirE3S5s_003199/images/000070.jpg",
      "accident_id": 0,
      "accident_name": "normal",
      "objects": []
    },
    {
      "frame_id": 71,
      "image_path": "frames/QERvirE3S5s_003199/images/000071.jpg",
      "accident_id": 0,
      "accident_name": "normal",
      "objects": []
    },
    {
      "frame_id": 72,
      "image_path": "frames/QERvirE3S5s_003199/images/000072.jpg",
      "accident_id": 0,
      "accident_name": "normal",
      "objects": []
    },
    {
      "frame_id": 73,
      "image_path": "frames/QERvirE3S5s_003199/images/000073.jpg",
      "accident_id": 0,
      "accident_name": "normal",
      "objects": []
    },
    {
      "frame_id": 74,
      "image_path": "frames/QERvirE3S5s_003199/images/000074.jpg",
      "accident_id": 0,
      "accident_name": "normal",
      "objects": []
    },
    {
      "frame_id": 75,
      "image_path": "frames/QERvirE3S5s_003199/images/000075.jpg",
      "accident_id": 0,
      "accident_name": "normal",
      "objects": []
    },
    {
      "frame_id": 76,
      "image_path": "frames/QERvirE3S5s_003199/images/000076.jpg",
      "accident_id": 0,
      "accident_name": "normal",
      "objects": []
    },
    {
      "frame_id": 77,
      "image_path": "frames/QERvirE3S5s_003199/images/000077.jpg",
      "accident_id": 0,
      "accident_name": "normal",
      "objects": []
    },
    {
      "frame_id": 78,
      "image_path": "frames/QERvirE3S5s_003199/images/000078.jpg",
      "accident_id": 0,
      "accident_name": "normal",
      "objects": []
    },
    {
      "frame_id": 79,
      "image_path": "frames/QERvirE3S5s_003199/images/000079.jpg",
      "accident_id": 0,
      "accident_name": "normal",
      "objects": []
    },
    {
      "frame_id": 80,
      "image_path": "frames/QERvirE3S5s_003199/images/000080.jpg",
      "accident_id": 0,
      "accident_name": "normal",
      "objects": []
    },
    {
      "frame_id": 81,
      "image_path": "frames/QERvirE3S5s_003199/images/000081.jpg",
      "accident_id": 0,
      "accident_name": "normal",
      "objects": []
    },
    {
      "frame_id": 82,
      "image_path": "frames/QERvirE3S5s_003199/images/000082.jpg",
      "accident_id": 0,
      "accident_name": "normal",
      "objects": []
    },
    {
      "frame_id": 83,
      "image_path": "frames/QERvirE3S5s_003199/images/000083.jpg",
      "accident_id": 0,
      "accident_name": "normal",
      "objects": []
    }
  ]
}