{
  "video_name": "qYonJ4w6SZs_003780",
  "channel": "CarCrashesTime",
  "num_frames": 91,
  "ignore": false,
  "ego_involve": false,
  "night": false,
  "anomaly_start": 33,
  "anomaly_end": 62,
  "video_start": 3780,
  "video_end": 3870,
  "accident_id": "5",
  "accident_name": "turning",
  "labels": [
    {
      "frame_id": 0,
      "image_path": "frames/qYonJ4w6SZs_003780/images/000000.jpg",
      "accident_id": 0,
      "accident_name": "normal",
      "objects": []
    },
    {
      "frame_id": 1,
      "image_path": "frames/qYonJ4w6SZs_003780/images/000001.jpg",
      "accident_id": 0,
      "accident_name": "normal",
      "objects": []
    },
    {
      "frame_id": 2,
      "image_path": "frames/qYonJ4w6SZs_003780/images/000002.jpg",
      "accident_id": 0,
      "accident_name": "normal",
      "objects": []
    },
    {
      "frame_id": 3,
      "image_path": "frames/qYonJ4w6SZs_003780/images/000003.jpg",
      "accident_id": 0,
      "accident_name": "normal",
      "objects": []
    },
    {
      "frame_id": 4,
      "image_path": "frames/qYonJ4w6SZs_003780/images/000004.jpg",
      "accident_id": 0,
      "accident_name": "normal",
      "objects": []
    },
    {
      "frame_id": 5,
      "image_path": "frames/qYonJ4w6SZs_003780/images/000005.jpg",
      "accident_id": 0,
      "accident_name": "normal",
      "objects": []
    },
    {
      "frame_id": 6,
      "image_path": "frames/qYonJ4w6SZs_003780/images/000006.jpg",
      "accident_id": 0,
      "accident_name": "normal",
      "objects": []
    },
    {
      "frame_id": 7,
      "image_path": "frames/qYonJ4w6SZs_003780/images/000007.jpg",
      "accident_id": 0,
      "accident_name": "normal",
      "objects": []
    },
    {
      "frame_id": 8,
      "image_path": "frames/qYonJ4w6SZs_003780/images/000008.jpg",
      "accident_id": 0,
      "accident_name": "normal",
      "objects": []
    },
    {
      "frame_id": 9,
      "image_path": "frames/qYonJ4w6SZs_003780/images/000009.jpg",
      "accident_id": 0,
      "accident_name": "normal",
      "objects": []
    },
    {
      "frame_id": 10,
      "image_path": "frames/qYonJ4w6SZs_003780/images/000010.jpg",
      "accident_id": 0,
      "accident_name": "normal",
      "objects": []
    },
    {
      "frame_id": 11,
      "image_path": "frames/qYonJ4w6SZs_003780/images/000011.jpg",
      "accident_id": 0,
      "accident_name": "normal",
      "objects": []
    },
    {
      "frame_id": 12,
      "image_path": "frames/qYonJ4w6SZs_003780/images/000012.jpg",
      "accident_id": 0,
      "accident_name": "normal",
      "objects": []
    },
    {
      "frame_id": 13,
      "image_path": "frames/qYonJ4w6SZs_003780/images/000013.jpg",
      "accident_id": 0,
      "accident_name": "normal",
      "objects": []
    },
    {
      "frame_id": 14,
      "image_path": "frames/qYonJ4w6SZs_003780/images/000014.jpg",
      "accident_id": 0,
      "accident_name": "normal",
      "objects": []
    },
    {
      "frame_id": 15,
      "image_path": "frames/qYonJ4w6SZs_003780/images/000015.jpg",
      "accident_id": 0,
      "accident_name": "normal",
      "objects": []
    },
    {
      "frame_id": 16,
      "image_path": "frames/qYonJ4w6SZs_003780/images/000016.jpg",
      "accident_id": 0,
      "accident_name": "normal",
      "objects": []
    },
    {
      "frame_id": 17,
      "image_path": "frames/qYonJ4w6SZs_003780/images/000017.jpg",
      "accident_id": 0,
      "accident_name": "normal",
      "objects": []
    },
    {
      "frame_id": 18,
      "image_path": "frames/qYonJ4w6SZs_003780/images/000018.jpg",
      "accident_id": 0,
      "accident_name": "normal",
      "objects": []
    },
    {
      "frame_id": 19,
      "image_path": "frames/qYonJ4w6SZs_003780/images/000019.jpg",
      "accident_id": 0,
      "accident_name": "normal",
      "objects": []
    },
    {
      "frame_id": 20,
      "image_path": "frames/qYonJ4w6SZs_003780/images/000020.jpg",
      "accident_id": 0,
      "accident_name": "normal",
      "objects": []
    },
    {
      "frame_id": 21,
      "image_path": "frames/qYonJ4w6SZs_003780/images/000021.jpg",
      "accident_id": 0,
      "accident_name": "normal",
      "objects": []
    },
    {
      "frame_id": 22,
      "image_path": "frames/qYonJ4w6SZs_003780/images/000022.jpg",
      "accident_id": 0,
      "accident_name": "normal",
      "objects": []
    },
    {
      "frame_id": 23,
      "image_path": "frames/qYonJ4w6SZs_003780/images/000023.jpg",
      "accident_id": 0,
      "accident_name": "normal",
      "objects": []
    },
    {
      "frame_id": 24,
      "image_path": "frames/qYonJ4w6SZs_003780/images/000024.jpg",
      "accident_id": 0,
      "accident_name": "normal",
      "objects": []
    },
    {
      "frame_id": 25,
      "image_path": "frames/qYonJ4w6SZs_003780/images/000025.jpg",
      "accident_id": 0,
      "accident_name": "normal",
      "objects": []
    },
    {
      "frame_id": 26,
      "image_path": "frames/qYonJ4w6SZs_003780/images/000026.jpg",
      "accident_id": 0,
      "accident_name": "normal",
      "objects": []
    },
    {
      "frame_id": 27,
      "image_path": "frames/qYonJ4w6SZs_003780/images/000027.jpg",
      "accident_id": 0,
      "accident_name": "normal",
      "objects": []
    },
    {
      "frame_id": 28,
      "image_path": "frames/qYonJ4w6SZs_003780/images/000028.jpg",
      "accident_id": 0,
      "accident_name": "normal",
      "objects": []
    },
    {
      "frame_id": 29,
      "image_path": "frames/qYonJ4w6SZs_003780/images/000029.jpg",
      "accident_id": 0,
      "accident_name": "normal",
      "objects": []
    },
    {
      "frame_id": 30,
      "image_path": "frames/qYonJ4w6SZs_003780/images/000030.jpg",
      "accident_id": 0,
      "accident_name": "normal",
      "objects": []
    },
    {
      "frame_id": 31,
      "image_path": "frames/qYonJ4w6SZs_003780/images/000031.jpg",
      "accident_id": 0,
      "accident_name": "normal",
      "objects": []
    },
    {
      "frame_id": 32,
      "image_path": "frames/qYonJ4w6SZs_003780/images/000032.jpg",
      "accident_id": 0,
      "accident_name": "normal",
      "objects": []
    },
    {
      "frame_id": 33,
      "image_path": "frames/qYonJ4w6SZs_003780/images/000033.jpg",
      "accident_id": 5,
      "accident_name": "turning",
      "objects": [
        {
          "obj_track_id": 268,
          "bbox": [
            527.15953307393,
            381.9455252918288,
            614.0077821011673,
            441.71206225680936
          ],
          "category": "car",
          "category ID": 3,
          "trunc": false
        },
        {
          "obj_track_id": 307,
          "bbox": [
            603.7354085603113,
            383.81322957198444,
            811.0505836575876,
            458.52140077821014
          ],
          "category": "car",
          "category ID": 3,
          "trunc": false
        }
      ]
    },
    {
      "frame_id": 34,
      "image_path": "frames/qYonJ4w6SZs_003780/images/000034.jpg",
      "accident_id": 5,
      "accident_name": "turning",
      "objects": [
        {
          "obj_track_id": 268,
          "bbox": [
            506.6147859922179,
            382.8793774319066,
            601.8677042801556,
            445.44747081712063
          ],
          "category": "car",
          "category ID": 3,
          "trunc": false
        },
        {
          "obj_track_id": 307,
          "bbox": [
            557.0428015564203,
            385.6809338521401,
            760.6225680933852,
            461.3229571984436
          ],
          "category": "car",
          "category ID": 3,
          "trunc": false
        }
      ]
    },
    {
      "frame_id": 35,
      "image_path": "frames/qYonJ4w6SZs_003780/images/000035.jpg",
      "accident_id": 5,
      "accident_name": "turning",
      "objects": [
        {
          "obj_track_id": 268,
          "bbox": [
            481.40077821011675,
            384.74708171206225,
            584.124513618677,
            451.05058365758754
          ],
          "category": "car",
          "category ID": 3,
          "trunc": false
        },
        {
          "obj_track_id": 307,
          "bbox": [
            506.6147859922179,
            386.6147859922179,
            710.1945525291829,
            462.2568093385214
          ],
          "category": "car",
          "category ID": 3,
          "trunc": false
        }
      ]
    },
    {
      "frame_id": 36,
      "image_path": "frames/qYonJ4w6SZs_003780/images/000036.jpg",
      "accident_id": 5,
      "accident_name": "turning",
      "objects": [
        {
          "obj_track_id": 268,
          "bbox": [
            437.50972762645915,
            385.6809338521401,
            554.2412451361868,
            457.5875486381323
          ],
          "category": "car",
          "category ID": 3,
          "trunc": false
        },
        {
          "obj_track_id": 307,
          "bbox": [
            465.5252918287938,
            382.8793774319066,
            671.9066147859922,
            466.92607003891055
          ],
          "category": "car",
          "category ID": 3,
          "trunc": false
        }
      ]
    },
    {
      "frame_id": 37,
      "image_path": "frames/qYonJ4w6SZs_003780/images/000037.jpg",
      "accident_id": 5,
      "accident_name": "turning",
      "objects": [
        {
          "obj_track_id": 268,
          "bbox": [
            397.3540856031129,
            384.74708171206225,
            535.5642023346304,
            460.3891050583658
          ],
          "category": "car",
          "category ID": 3,
          "trunc": false
        },
        {
          "obj_track_id": 307,
          "bbox": [
            434.7081712062257,
            385.6809338521401,
            639.2217898832685,
            469.727626459144
          ],
          "category": "car",
          "category ID": 3,
          "trunc": false
        }
      ]
    },
    {
      "frame_id": 38,
      "image_path": "frames/qYonJ4w6SZs_003780/images/000038.jpg",
      "accident_id": 5,
      "accident_name": "turning",
      "objects": [
        {
          "obj_track_id": 268,
          "bbox": [
            360,
            385.6809338521401,
            502.8793774319066,
            465.05836575875486
          ],
          "category": "car",
          "category ID": 3,
          "trunc": false
        },
        {
          "obj_track_id": 307,
          "bbox": [
            400.15564202334633,
            392.2178988326848,
            596.2645914396887,
            475.3307392996109
          ],
          "category": "car",
          "category ID": 3,
          "trunc": false
        }
      ]
    },
    {
      "frame_id": 39,
      "image_path": "frames/qYonJ4w6SZs_003780/images/000039.jpg",
      "accident_id": 5,
      "accident_name": "turning",
      "objects": [
        {
          "obj_track_id": 268,
          "bbox": [
            323.579766536965,
            390.3501945525292,
            470.1945525291829,
            459.45525291828795
          ],
          "category": "car",
          "category ID": 3,
          "trunc": false
        },
        {
          "obj_track_id": 307,
          "bbox": [
            374.94163424124514,
            394.0856031128405,
            560.7782101167315,
            481.86770428015564
          ],
          "category": "car",
          "category ID": 3,
          "trunc": false
        }
      ]
    },
    {
      "frame_id": 40,
      "image_path": "frames/qYonJ4w6SZs_003780/images/000040.jpg",
      "accident_id": 5,
      "accident_name": "turning",
      "objects": [
        {
          "obj_track_id": 268,
          "bbox": [
            277.82101167315176,
            394.0856031128405,
            435.6420233463035,
            461.3229571984436
          ],
          "category": "car",
          "category ID": 3,
          "trunc": false
        },
        {
          "obj_track_id": 307,
          "bbox": [
            350.6614785992218,
            394.0856031128405,
            531.828793774319,
            483.73540856031127
          ],
          "category": "car",
          "category ID": 3,
          "trunc": false
        }
      ]
    },
    {
      "frame_id": 41,
      "image_path": "frames/qYonJ4w6SZs_003780/images/000041.jpg",
      "accident_id": 5,
      "accident_name": "turning",
      "objects": [
        {
          "obj_track_id": 268,
          "bbox": [
            247.93774319066148,
            396.88715953307394,
            375.87548638132296,
            472.52918287937746
          ],
          "category": "car",
          "category ID": 3,
          "trunc": false
        },
        {
          "obj_track_id": 307,
          "bbox": [
            322.64591439688724,
            396.88715953307394,
            506.6147859922179,
            491.20622568093387
          ],
          "category": "car",
          "category ID": 3,
          "trunc": false
        }
      ]
    },
    {
      "frame_id": 42,
      "image_path": "frames/qYonJ4w6SZs_003780/images/000042.jpg",
      "accident_id": 5,
      "accident_name": "turning",
      "objects": [
        {
          "obj_track_id": 268,
          "bbox": [
            210.58365758754866,
            398.7548638132296,
            355.3307392996109,
            476.26459143968873
          ],
          "category": "car",
          "category ID": 3,
          "trunc": false
        },
        {
          "obj_track_id": 307,
          "bbox": [
            294.63035019455253,
            396.88715953307394,
            482.3346303501946,
            499.6108949416342
          ],
          "category": "car",
          "category ID": 3,
          "trunc": false
        }
      ]
    },
    {
      "frame_id": 43,
      "image_path": "frames/qYonJ4w6SZs_003780/images/000043.jpg",
      "accident_id": 5,
      "accident_name": "turning",
      "objects": [
        {
          "obj_track_id": 268,
          "bbox": [
            182.568093385214,
            397.82101167315176,
            322.6459143968872,
            480.0
          ],
          "category": "car",
          "category ID": 3,
          "trunc": false
        },
        {
          "obj_track_id": 307,
          "bbox": [
            271.28404669260703,
            401.55642023346303,
            459.92217898832683,
            504.2801556420234
          ],
          "category": "car",
          "category ID": 3,
          "trunc": false
        }
      ]
    },
    {
      "frame_id": 44,
      "image_path": "frames/qYonJ4w6SZs_003780/images/000044.jpg",
      "accident_id": 5,
      "accident_name": "turning",
      "objects": [
        {
          "obj_track_id": 268,
          "bbox": [
            147.08171206225683,
            397.82101167315176,
            306.7704280155642,
            482.80155642023345
          ],
          "category": "car",
          "category ID": 3,
          "trunc": false
        },
        {
          "obj_track_id": 307,
          "bbox": [
            241.40077821011673,
            404.3579766536965,
            433.7743190661479,
            510.8171206225681
          ],
          "category": "car",
          "category ID": 3,
          "trunc": false
        }
      ]
    },
    {
      "frame_id": 45,
      "image_path": "frames/qYonJ4w6SZs_003780/images/000045.jpg",
      "accident_id": 5,
      "accident_name": "turning",
      "objects": [
        {
          "obj_track_id": 268,
          "bbox": [
            112.52918287937743,
            398.7548638132296,
            288.0933852140078,
            481.86770428015564
          ],
          "category": "car",
          "category ID": 3,
          "trunc": false
        },
        {
          "obj_track_id": 307,
          "bbox": [
            216.18677042801556,
            406.2256809338522,
            421.6342412451362,
            515.4863813229572
          ],
          "category": "car",
          "category ID": 3,
          "trunc": false
        }
      ]
    },
    {
      "frame_id": 46,
      "image_path": "frames/qYonJ4w6SZs_003780/images/000046.jpg",
      "accident_id": 5,
      "accident_name": "turning",
      "objects": [
        {
          "obj_track_id": 268,
          "bbox": [
            84.5136186770428,
            398.7548638132296,
            257.2762645914397,
            482.80155642023345
          ],
          "category": "car",
          "category ID": 3,
          "trunc": false
        },
        {
          "obj_track_id": 307,
          "bbox": [
            188.17120622568095,
            406.2256809338522,
            399.2217898832685,
            523.8910505836576
          ],
          "category": "car",
          "category ID": 3,
          "trunc": false
        }
      ]
    },
    {
      "frame_id": 47,
      "image_path": "frames/qYonJ4w6SZs_003780/images/000047.jpg",
      "accident_id": 5,
      "accident_name": "turning",
      "objects": [
        {
          "obj_track_id": 268,
          "bbox": [
            60.233463035019454,
            397.82101167315176,
            233.92996108949416,
            482.80155642023345
          ],
          "category": "car",
          "category ID": 3,
          "trunc": false
        },
        {
          "obj_track_id": 307,
          "bbox": [
            162.02334630350194,
            409.96108949416345,
            379.6108949416342,
            533.2295719844358
          ],
          "category": "car",
          "category ID": 3,
          "trunc": false
        }
      ]
    },
    {
      "frame_id": 48,
      "image_path": "frames/qYonJ4w6SZs_003780/images/000048.jpg",
      "accident_id": 5,
      "accident_name": "turning",
      "objects": [
        {
          "obj_track_id": 268,
          "bbox": [
            30.350194552529185,
            399.6887159533074,
            215.25291828793775,
            488.4046692607004
          ],
          "category": "car",
          "category ID": 3,
          "trunc": false
        },
        {
          "obj_track_id": 307,
          "bbox": [
            133.0739299610895,
            409.96108949416345,
            363.73540856031127,
            543.5019455252918
          ],
          "category": "car",
          "category ID": 3,
          "trunc": false
        }
      ]
    },
    {
      "frame_id": 49,
      "image_path": "frames/qYonJ4w6SZs_003780/images/000049.jpg",
      "accident_id": 5,
      "accident_name": "turning",
      "objects": [
        {
          "obj_track_id": 268,
          "bbox": [
            7.003891050583658,
            402.49027237354085,
            187.23735408560313,
            493.0739299610895
          ],
          "category": "car",
          "category ID": 3,
          "trunc": false
        },
        {
          "obj_track_id": 307,
          "bbox": [
            105.05836575875486,
            411.8287937743191,
            343.1906614785992,
            553.7743190661479
          ],
          "category": "car",
          "category ID": 3,
          "trunc": false
        }
      ]
    },
    {
      "frame_id": 50,
      "image_path": "frames/qYonJ4w6SZs_003780/images/000050.jpg",
      "accident_id": 5,
      "accident_name": "turning",
      "objects": [
        {
          "obj_track_id": 268,
          "bbox": [
            0,
            403.42412451361866,
            161.08949416342412,
            494.94163424124514
          ],
          "category": "car",
          "category ID": 3,
          "trunc": true
        },
        {
          "obj_track_id": 307,
          "bbox": [
            74.24124513618678,
            413.6964980544747,
            326.38132295719845,
            564.0466926070039
          ],
          "category": "car",
          "category ID": 3,
          "trunc": false
        }
      ]
    },
    {
      "frame_id": 51,
      "image_path": "frames/qYonJ4w6SZs_003780/images/000051.jpg",
      "accident_id": 5,
      "accident_name": "turning",
      "objects": [
        {
          "obj_track_id": 268,
          "bbox": [
            0,
            403.42412451361866,
            136.80933852140078,
            494.94163424124514
          ],
          "category": "car",
          "category ID": 3,
          "trunc": true
        },
        {
          "obj_track_id": 307,
          "bbox": [
            45.29182879377432,
            416.49805447470817,
            306.7704280155642,
            573.3852140077821
          ],
          "category": "car",
          "category ID": 3,
          "trunc": false
        }
      ]
    },
    {
      "frame_id": 52,
      "image_path": "frames/qYonJ4w6SZs_003780/images/000052.jpg",
      "accident_id": 5,
      "accident_name": "turning",
      "objects": [
        {
          "obj_track_id": 268,
          "bbox": [
            0,
            403.42412451361866,
            113.46303501945526,
            494.94163424124514
          ],
          "category": "car",
          "category ID": 3,
          "trunc": true
        },
        {
          "obj_track_id": 307,
          "bbox": [
            14.474708171206226,
            417.431906614786,
            285.2918287937743,
            583.6575875486382
          ],
          "category": "car",
          "category ID": 3,
          "trunc": false
        }
      ]
    },
    {
      "frame_id": 53,
      "image_path": "frames/qYonJ4w6SZs_003780/images/000053.jpg",
      "accident_id": 5,
      "accident_name": "turning",
      "objects": [
        {
          "obj_track_id": 307,
          "bbox": [
            0,
            423.03501945525295,
            260.07782101167317,
            595.7976653696498
          ],
          "category": "car",
          "category ID": 3,
          "trunc": true
        }
      ]
    },
    {
      "frame_id": 54,
      "image_path": "frames/qYonJ4w6SZs_003780/images/000054.jpg",
      "accident_id": 5,
      "accident_name": "turning",
      "objects": [
        {
          "obj_track_id": 307,
          "bbox": [
            0,
            423.9688715953308,
            243.2684824902724,
            612.6070038910506
          ],
          "category": "car",
          "category ID": 3,
          "trunc": true
        }
      ]
    },
    {
      "frame_id": 55,
      "image_path": "frames/qYonJ4w6SZs_003780/images/000055.jpg",
      "accident_id": 5,
      "accident_name": "turning",
      "objects": [
        {
          "obj_track_id": 307,
          "bbox": [
            0,
            423.9688715953308,
            222.72373540856032,
            626.6147859922179
          ],
          "category": "car",
          "category ID": 3,
          "trunc": true
        }
      ]
    },
    {
      "frame_id": 56,
      "image_path": "frames/qYonJ4w6SZs_003780/images/000056.jpg",
      "accident_id": 5,
      "accident_name": "turning",
      "objects": [
        {
          "obj_track_id": 307,
          "bbox": [
            0,
            423.9688715953308,
            199.3774319066148,
            638.7548638132296
          ],
          "category": "car",
          "category ID": 3,
          "trunc": true
        }
      ]
    },
    {
      "frame_id": 57,
      "image_path": "frames/qYonJ4w6SZs_003780/images/000057.jpg",
      "accident_id": 5,
      "accident_name": "turning",
      "objects": [
        {
          "obj_track_id": 307,
          "bbox": [
            0,
            425.8365758754864,
            175.09727626459144,
            655.5642023346304
          ],
          "category": "car",
          "category ID": 3,
          "trunc": true
        }
      ]
    },
    {
      "frame_id": 58,
      "image_path": "frames/qYonJ4w6SZs_003780/images/000058.jpg",
      "accident_id": 5,
      "accident_name": "turning",
      "objects": [
        {
          "obj_track_id": 307,
          "bbox": [
            0,
            427.70428015564204,
            155.48638132295721,
            663.035019455253
          ],
          "category": "car",
          "category ID": 3,
          "trunc": true
        }
      ]
    },
    {
      "frame_id": 59,
      "image_path": "frames/qYonJ4w6SZs_003780/images/000059.jpg",
      "accident_id": 5,
      "accident_name": "turning",
      "objects": [
        {
          "obj_track_id": 307,
          "bbox": [
            0,
            428.63813229571986,
            134.94163424124514,
            663.035019455253
          ],
          "category": "car",
          "category ID": 3,
          "trunc": true
        }
      ]
    },
    {
      "frame_id": 60,
      "image_path": "frames/qYonJ4w6SZs_003780/images/000060.jpg",
      "accident_id": 5,
      "accident_name": "turning",
      "objects": [
        {
          "obj_track_id": 307,
          "bbox": [
            0,
            436.1089494163424,
            112.52918287937743,
            663.035019455253
          ],
          "category": "car",
          "category ID": 3,
          "trunc": true
        }
      ]
    },
    {
      "frame_id": 61,
      "image_path": "frames/qYonJ4w6SZs_003780/images/000061.jpg",
      "accident_id": 5,
      "accident_name": "turning",
      "objects": [
        {
          "obj_track_id": 307,
          "bbox": [
            0,
            446.38132295719845,
            90.11673151750973,
            663.035019455253
          ],
          "category": "car",
          "category ID": 3,
          "trunc": true
        }
      ]
    },
    {
      "frame_id": 62,
      "image_path": "frames/qYonJ4w6SZs_003780/images/000062.jpg",
      "accident_id": 0,
      "accident_name": "normal",
      "objects": []
    },
    {
      "frame_id": 63,
      "image_path": "frames/qYonJ4w6SZs_003780/images/000063.jpg",
      "accident_id": 0,
      "accident_name": "normal",
      "objects": []
    },
    {
      "frame_id": 64,
      "image_path": "frames/qYonJ4w6SZs_003780/images/000064.jpg",
      "accident_id": 0,
      "accident_name": "normal",
      "objects": []
    },
    {
      "frame_id": 65,
      "image_path": "frames/qYonJ4w6SZs_003780/images/000065.jpg",
      "accident_id": 0,
      "accident_name": "normal",
      "objects": []
    },
    {
      "frame_id": 66,
      "image_path": "frames/qYonJ4w6SZs_003780/images/000066.jpg",
      "accident_id": 0,
      "accident_name": "normal",
      "objects": []
    },
    {
      "frame_id": 67,
      "image_path": "frames/qYonJ4w6SZs_003780/images/000067.jpg",
      "accident_id": 0,
      "accident_name": "normal",
      "objects": []
    },
    {
      "frame_id": 68,
      "image_path": "frames/qYonJ4w6SZs_003780/images/000068.jpg",
      "accident_id": 0,
      "accident_name": "normal",
      "objects": []
    },
    {
      "frame_id": 69,
      "image_path": "frames/qYonJ4w6SZs_003780/images/000069.jpg",
      "accident_id": 0,
      "accident_name": "normal",
      "objects": []
    },
    {
      "frame_id": 70,
      "image_path": "frames/qYonJ4w6SZs_003780/images/000070.jpg",
      "accident_id": 0,
      "accident_name": "normal",
      "objects": []
    },
    {
      "frame_id": 71,
      "image_path": "frames/qYonJ4w6SZs_003780/images/000071.jpg",
      "accident_id": 0,
      "accident_name": "normal",
      "objects": []
    },
    {
      "frame_id": 72,
      "image_path": "frames/qYonJ4w6SZs_003780/images/000072.jpg",
      "accident_id": 0,
      "accident_name": "normal",
      "objects": []
    },
    {
      "frame_id": 73,
      "image_path": "frames/qYonJ4w6SZs_003780/images/000073.jpg",
      "accident_id": 0,
      "accident_name": "normal",
      "objects": []
    },
    {
      "frame_id": 74,
      "image_path": "frames/qYonJ4w6SZs_003780/images/000074.jpg",
      "accident_id": 0,
      "accident_name": "normal",
      "objects": []
    },
    {
      "frame_id": 75,
      "image_path": "frames/qYonJ4w6SZs_003780/images/000075.jpg",
      "accident_id": 0,
      "accident_name": "normal",
      "objects": []
    },
    {
      "frame_id": 76,
      "image_path": "frames/qYonJ4w6SZs_003780/images/000076.jpg",
      "accident_id": 0,
      "accident_name": "normal",
      "objects": []
    },
    {
      "frame_id": 77,
      "image_path": "frames/qYonJ4w6SZs_003780/images/000077.jpg",
      "accident_id": 0,
      "accident_name": "normal",
      "objects": []
    },
    {
      "frame_id": 78,
      "image_path": "frames/qYonJ4w6SZs_003780/images/000078.jpg",
      "accident_id": 0,
      "accident_name": "normal",
      "objects": []
    },
    {
      "frame_id": 79,
      "image_path": "frames/qYonJ4w6SZs_003780/images/000079.jpg",
      "accident_id": 0,
      "accident_name": "normal",
      "objects": []
    },
    {
      "frame_id": 80,
      "image_path": "frames/qYonJ4w6SZs_003780/images/000080.jpg",
      "accident_id": 0,
      "accident_name": "normal",
      "objects": []
    },
    {
      "frame_id": 81,
      "image_path": "frames/qYonJ4w6SZs_003780/images/000081.jpg",
      "accident_id": 0,
      "accident_name": "normal",
      "objects": []
    },
    {
      "frame_id": 82,
      "image_path": "frames/qYonJ4w6SZs_003780/images/000082.jpg",
      "accident_id": 0,
      "accident_name": "normal",
      "objects": []
    },
    {
      "frame_id": 83,
      "image_path": "frames/qYonJ4w6SZs_003780/images/000083.jpg",
      "accident_id": 0,
      "accident_name": "normal",
      "objects": []
    },
    {
      "frame_id": 84,
      "image_path": "frames/qYonJ4w6SZs_003780/images/000084.jpg",
      "accident_id": 0,
      "accident_name": "normal",
      "objects": []
    },
    {
      "frame_id": 85,
      "image_path": "frames/qYonJ4w6SZs_003780/images/000085.jpg",
      "accident_id": 0,
      "accident_name": "normal",
      "objects": []
    },
    {
      "frame_id": 86,
      "image_path": "frames/qYonJ4w6SZs_003780/images/000086.jpg",
      "accident_id": 0,
      "accident_name": "normal",
      "objects": []
    },
    {
      "frame_id": 87,
      "image_path": "frames/qYonJ4w6SZs_003780/images/000087.jpg",
      "accident_id": 0,
      "accident_name": "normal",
      "objects": []
    },
    {
      "frame_id": 88,
      "image_path": "frames/qYonJ4w6SZs_003780/images/000088.jpg",
      "accident_id": 0,
      "accident_name": "normal",
      "objects": []
    },
    {
      "frame_id": 89,
      "image_path": "frames/qYonJ4w6SZs_003780/images/000089.jpg",
      "accident_id": 0,
      "accident_name": "normal",
      "objects": []
    },
    {
      "frame_id": 90,
      "image_path": "frames/qYonJ4w6SZs_003780/images/000090.jpg",
      "accident_id": 0,
      "accident_name": "normal",
      "objects": []
    }
  ]
}