{
  "video_name": "RPNiqsdt6-w_001924",
  "channel": "CarCrashesTime",
  "num_frames": 169,
  "ignore": false,
  "ego_involve": false,
  "night": false,
  "anomaly_start": 115,
  "anomaly_end": 169,
  "video_start": 1924,
  "video_end": 2092,
  "accident_id": "2",
  "accident_name": "moving_ahead_or_waiting",
  "labels": [
    {
      "frame_id": 0,
      "image_path": "frames/RPNiqsdt6-w_001924/images/000000.jpg",
      "accident_id": 0,
      "accident_name": "normal",
      "objects": []
    },
    {
      "frame_id": 1,
      "image_path": "frames/RPNiqsdt6-w_001924/images/000001.jpg",
      "accident_id": 0,
      "accident_name": "normal",
      "objects": []
    },
    {
      "frame_id": 2,
      "image_path": "frames/RPNiqsdt6-w_001924/images/000002.jpg",
      "accident_id": 0,
      "accident_name": "normal",
      "objects": []
    },
    {
      "frame_id": 3,
      "image_path": "frames/RPNiqsdt6-w_001924/images/000003.jpg",
      "accident_id": 0,
      "accident_name": "normal",
      "objects": []
    },
    {
      "frame_id": 4,
      "image_path": "frames/RPNiqsdt6-w_001924/images/000004.jpg",
      "accident_id": 0,
      "accident_name": "normal",
      "objects": []
    },
    {
      "frame_id": 5,
      "image_path": "frames/RPNiqsdt6-w_001924/images/000005.jpg",
      "accident_id": 0,
      "accident_name": "normal",
      "objects": []
    },
    {
      "frame_id": 6,
      "image_path": "frames/RPNiqsdt6-w_001924/images/000006.jpg",
      "accident_id": 0,
      "accident_name": "normal",
      "objects": []
    },
    {
      "frame_id": 7,
      "image_path": "frames/RPNiqsdt6-w_001924/images/000007.jpg",
      "accident_id": 0,
      "accident_name": "normal",
      "objects": []
    },
    {
      "frame_id": 8,
      "image_path": "frames/RPNiqsdt6-w_001924/images/000008.jpg",
      "accident_id": 0,
      "accident_name": "normal",
      "objects": []
    },
    {
      "frame_id": 9,
      "image_path": "frames/RPNiqsdt6-w_001924/images/000009.jpg",
      "accident_id": 0,
      "accident_name": "normal",
      "objects": []
    },
    {
      "frame_id": 10,
      "image_path": "frames/RPNiqsdt6-w_001924/images/000010.jpg",
      "accident_id": 0,
      "accident_name": "normal",
      "objects": []
    },
    {
      "frame_id": 11,
      "image_path": "frames/RPNiqsdt6-w_001924/images/000011.jpg",
      "accident_id": 0,
      "accident_name": "normal",
      "objects": []
    },
    {
      "frame_id": 12,
      "image_path": "frames/RPNiqsdt6-w_001924/images/000012.jpg",
      "accident_id": 0,
      "accident_name": "normal",
      "objects": []
    },
    {
      "frame_id": 13,
      "image_path": "frames/RPNiqsdt6-w_001924/images/000013.jpg",
      "accident_id": 0,
      "accident_name": "normal",
      "objects": []
    },
    {
      "frame_id": 14,
      "image_path": "frames/RPNiqsdt6-w_001924/images/000014.jpg",
      "accident_id": 0,
      "accident_name": "normal",
      "objects": []
    },
    {
      "frame_id": 15,
      "image_path": "frames/RPNiqsdt6-w_001924/images/000015.jpg",
      "accident_id": 0,
      "accident_name": "normal",
      "objects": []
    },
    {
      "frame_id": 16,
      "image_path": "frames/RPNiqsdt6-w_001924/images/000016.jpg",
      "accident_id": 0,
      "accident_name": "normal",
      "objects": []
    },
    {
      "frame_id": 17,
      "image_path": "frames/RPNiqsdt6-w_001924/images/000017.jpg",
      "accident_id": 0,
      "accident_name": "normal",
      "objects": []
    },
    {
      "frame_id": 18,
      "image_path": "frames/RPNiqsdt6-w_001924/images/000018.jpg",
      "accident_id": 0,
      "accident_name": "normal",
      "objects": []
    },
    {
      "frame_id": 19,
      "image_path": "frames/RPNiqsdt6-w_001924/images/000019.jpg",
      "accident_id": 0,
      "accident_name": "normal",
      "objects": []
    },
    {
      "frame_id": 20,
      "image_path": "frames/RPNiqsdt6-w_001924/images/000020.jpg",
      "accident_id": 0,
      "accident_name": "normal",
      "objects": []
    },
    {
      "frame_id": 21,
      "image_path": "frames/RPNiqsdt6-w_001924/images/000021.jpg",
      "accident_id": 0,
      "accident_name": "normal",
      "objects": []
    },
    {
      "frame_id": 22,
      "image_path": "frames/RPNiqsdt6-w_001924/images/000022.jpg",
      "accident_id": 0,
      "accident_name": "normal",
      "objects": []
    },
    {
      "frame_id": 23,
      "image_path": "frames/RPNiqsdt6-w_001924/images/000023.jpg",
      "accident_id": 0,
      "accident_name": "normal",
      "objects": []
    },
    {
      "frame_id": 24,
      "image_path": "frames/RPNiqsdt6-w_001924/images/000024.jpg",
      "accident_id": 0,
      "accident_name": "normal",
      "objects": []
    },
    {
      "frame_id": 25,
      "image_path": "frames/RPNiqsdt6-w_001924/images/000025.jpg",
      "accident_id": 0,
      "accident_name": "normal",
      "objects": []
    },
    {
      "frame_id": 26,
      "image_path": "frames/RPNiqsdt6-w_001924/images/000026.jpg",
      "accident_id": 0,
      "accident_name": "normal",
      "objects": []
    },
    {
      "frame_id": 27,
      "image_path": "frames/RPNiqsdt6-w_001924/images/000027.jpg",
      "accident_id": 0,
      "accident_name": "normal",
      "objects": []
    },
    {
      "frame_id": 28,
      "image_path": "frames/RPNiqsdt6-w_001924/images/000028.jpg",
      "accident_id": 0,
      "accident_name": "normal",
      "objects": []
    },
    {
      "frame_id": 29,
      "image_path": "frames/RPNiqsdt6-w_001924/images/000029.jpg",
      "accident_id": 0,
      "accident_name": "normal",
      "objects": []
    },
    {
      "frame_id": 30,
      "image_path": "frames/RPNiqsdt6-w_001924/images/000030.jpg",
      "accident_id": 0,
      "accident_name": "normal",
      "objects": []
    },
    {
      "frame_id": 31,
      "image_path": "frames/RPNiqsdt6-w_001924/images/000031.jpg",
      "accident_id": 0,
      "accident_name": "normal",
      "objects": []
    },
    {
      "frame_id": 32,
      "image_path": "frames/RPNiqsdt6-w_001924/images/000032.jpg",
      "accident_id": 0,
      "accident_name": "normal",
      "objects": []
    },
    {
      "frame_id": 33,
      "image_path": "frames/RPNiqsdt6-w_001924/images/000033.jpg",
      "accident_id": 0,
      "accident_name": "normal",
      "objects": []
    },
    {
      "frame_id": 34,
      "image_path": "frames/RPNiqsdt6-w_001924/images/000034.jpg",
      "accident_id": 0,
      "accident_name": "normal",
      "objects": []
    },
    {
      "frame_id": 35,
      "image_path": "frames/RPNiqsdt6-w_001924/images/000035.jpg",
      "accident_id": 0,
      "accident_name": "normal",
      "objects": []
    },
    {
      "frame_id": 36,
      "image_path": "frames/RPNiqsdt6-w_001924/images/000036.jpg",
      "accident_id": 0,
      "accident_name": "normal",
      "objects": []
    },
    {
      "frame_id": 37,
      "image_path": "frames/RPNiqsdt6-w_001924/images/000037.jpg",
      "accident_id": 0,
      "accident_name": "normal",
      "objects": []
    },
    {
      "frame_id": 38,
      "image_path": "frames/RPNiqsdt6-w_001924/images/000038.jpg",
      "accident_id": 0,
      "accident_name": "normal",
      "objects": []
    },
    {
      "frame_id": 39,
      "image_path": "frames/RPNiqsdt6-w_001924/images/000039.jpg",
      "accident_id": 0,
      "accident_name": "normal",
      "objects": []
    },
    {
      "frame_id": 40,
      "image_path": "frames/RPNiqsdt6-w_001924/images/000040.jpg",
      "accident_id": 0,
      "accident_name": "normal",
      "objects": []
    },
    {
      "frame_id": 41,
      "image_path": "frames/RPNiqsdt6-w_001924/images/000041.jpg",
      "accident_id": 0,
      "accident_name": "normal",
      "objects": []
    },
    {
      "frame_id": 42,
      "image_path": "frames/RPNiqsdt6-w_001924/images/000042.jpg",
      "accident_id": 0,
      "accident_name": "normal",
      "objects": []
    },
    {
      "frame_id": 43,
      "image_path": "frames/RPNiqsdt6-w_001924/images/000043.jpg",
      "accident_id": 0,
      "accident_name": "normal",
      "objects": []
    },
    {
      "frame_id": 44,
      "image_path": "frames/RPNiqsdt6-w_001924/images/000044.jpg",
      "accident_id": 0,
      "accident_name": "normal",
      "objects": []
    },
    {
      "frame_id": 45,
      "image_path": "frames/RPNiqsdt6-w_001924/images/000045.jpg",
      "accident_id": 0,
      "accident_name": "normal",
      "objects": []
    },
    {
      "frame_id": 46,
      "image_path": "frames/RPNiqsdt6-w_001924/images/000046.jpg",
      "accident_id": 0,
      "accident_name": "normal",
      "objects": []
    },
    {
      "frame_id": 47,
      "image_path": "frames/RPNiqsdt6-w_001924/images/000047.jpg",
      "accident_id": 0,
      "accident_name": "normal",
      "objects": []
    },
    {
      "frame_id": 48,
      "image_path": "frames/RPNiqsdt6-w_001924/images/000048.jpg",
      "accident_id": 0,
      "accident_name": "normal",
      "objects": []
    },
    {
      "frame_id": 49,
      "image_path": "frames/RPNiqsdt6-w_001924/images/000049.jpg",
      "accident_id": 0,
      "accident_name": "normal",
      "objects": []
    },
    {
      "frame_id": 50,
      "image_path": "frames/RPNiqsdt6-w_001924/images/000050.jpg",
      "accident_id": 0,
      "accident_name": "normal",
      "objects": []
    },
    {
      "frame_id": 51,
      "image_path": "frames/RPNiqsdt6-w_001924/images/000051.jpg",
      "accident_id": 0,
      "accident_name": "normal",
      "objects": []
    },
    {
      "frame_id": 52,
      "image_path": "frames/RPNiqsdt6-w_001924/images/000052.jpg",
      "accident_id": 0,
      "accident_name": "normal",
      "objects": []
    },
    {
      "frame_id": 53,
      "image_path": "frames/RPNiqsdt6-w_001924/images/000053.jpg",
      "accident_id": 0,
      "accident_name": "normal",
      "objects": []
    },
    {
      "frame_id": 54,
      "image_path": "frames/RPNiqsdt6-w_001924/images/000054.jpg",
      "accident_id": 0,
      "accident_name": "normal",
      "objects": []
    },
    {
      "frame_id": 55,
      "image_path": "frames/RPNiqsdt6-w_001924/images/000055.jpg",
      "accident_id": 0,
      "accident_name": "normal",
      "objects": []
    },
    {
      "frame_id": 56,
      "image_path": "frames/RPNiqsdt6-w_001924/images/000056.jpg",
      "accident_id": 0,
      "accident_name": "normal",
      "objects": []
    },
    {
      "frame_id": 57,
      "image_path": "frames/RPNiqsdt6-w_001924/images/000057.jpg",
      "accident_id": 0,
      "accident_name": "normal",
      "objects": []
    },
    {
      "frame_id": 58,
      "image_path": "frames/RPNiqsdt6-w_001924/images/000058.jpg",
      "accident_id": 0,
      "accident_name": "normal",
      "objects": []
    },
    {
      "frame_id": 59,
      "image_path": "frames/RPNiqsdt6-w_001924/images/000059.jpg",
      "accident_id": 0,
      "accident_name": "normal",
      "objects": []
    },
    {
      "frame_id": 60,
      "image_path": "frames/RPNiqsdt6-w_001924/images/000060.jpg",
      "accident_id": 0,
      "accident_name": "normal",
      "objects": []
    },
    {
      "frame_id": 61,
      "image_path": "frames/RPNiqsdt6-w_001924/images/000061.jpg",
      "accident_id": 0,
      "accident_name": "normal",
      "objects": []
    },
    {
      "frame_id": 62,
      "image_path": "frames/RPNiqsdt6-w_001924/images/000062.jpg",
      "accident_id": 0,
      "accident_name": "normal",
      "objects": []
    },
    {
      "frame_id": 63,
      "image_path": "frames/RPNiqsdt6-w_001924/images/000063.jpg",
      "accident_id": 0,
      "accident_name": "normal",
      "objects": []
    },
    {
      "frame_id": 64,
      "image_path": "frames/RPNiqsdt6-w_001924/images/000064.jpg",
      "accident_id": 0,
      "accident_name": "normal",
      "objects": []
    },
    {
      "frame_id": 65,
      "image_path": "frames/RPNiqsdt6-w_001924/images/000065.jpg",
      "accident_id": 0,
      "accident_name": "normal",
      "objects": []
    },
    {
      "frame_id": 66,
      "image_path": "frames/RPNiqsdt6-w_001924/images/000066.jpg",
      "accident_id": 0,
      "accident_name": "normal",
      "objects": []
    },
    {
      "frame_id": 67,
      "image_path": "frames/RPNiqsdt6-w_001924/images/000067.jpg",
      "accident_id": 0,
      "accident_name": "normal",
      "objects": []
    },
    {
      "frame_id": 68,
      "image_path": "frames/RPNiqsdt6-w_001924/images/000068.jpg",
      "accident_id": 0,
      "accident_name": "normal",
      "objects": []
    },
    {
      "frame_id": 69,
      "image_path": "frames/RPNiqsdt6-w_001924/images/000069.jpg",
      "accident_id": 0,
      "accident_name": "normal",
      "objects": []
    },
    {
      "frame_id": 70,
      "image_path": "frames/RPNiqsdt6-w_001924/images/000070.jpg",
      "accident_id": 0,
      "accident_name": "normal",
      "objects": []
    },
    {
      "frame_id": 71,
      "image_path": "frames/RPNiqsdt6-w_001924/images/000071.jpg",
      "accident_id": 0,
      "accident_name": "normal",
      "objects": []
    },
    {
      "frame_id": 72,
      "image_path": "frames/RPNiqsdt6-w_001924/images/000072.jpg",
      "accident_id": 0,
      "accident_name": "normal",
      "objects": []
    },
    {
      "frame_id": 73,
      "image_path": "frames/RPNiqsdt6-w_001924/images/000073.jpg",
      "accident_id": 0,
      "accident_name": "normal",
      "objects": []
    },
    {
      "frame_id": 74,
      "image_path": "frames/RPNiqsdt6-w_001924/images/000074.jpg",
      "accident_id": 0,
      "accident_name": "normal",
      "objects": []
    },
    {
      "frame_id": 75,
      "image_path": "frames/RPNiqsdt6-w_001924/images/000075.jpg",
      "accident_id": 0,
      "accident_name": "normal",
      "objects": []
    },
    {
      "frame_id": 76,
      "image_path": "frames/RPNiqsdt6-w_001924/images/000076.jpg",
      "accident_id": 0,
      "accident_name": "normal",
      "objects": []
    },
    {
      "frame_id": 77,
      "image_path": "frames/RPNiqsdt6-w_001924/images/000077.jpg",
      "accident_id": 0,
      "accident_name": "normal",
      "objects": []
    },
    {
      "frame_id": 78,
      "image_path": "frames/RPNiqsdt6-w_001924/images/000078.jpg",
      "accident_id": 0,
      "accident_name": "normal",
      "objects": []
    },
    {
      "frame_id": 79,
      "image_path": "frames/RPNiqsdt6-w_001924/images/000079.jpg",
      "accident_id": 0,
      "accident_name": "normal",
      "objects": []
    },
    {
      "frame_id": 80,
      "image_path": "frames/RPNiqsdt6-w_001924/images/000080.jpg",
      "accident_id": 0,
      "accident_name": "normal",
      "objects": []
    },
    {
      "frame_id": 81,
      "image_path": "frames/RPNiqsdt6-w_001924/images/000081.jpg",
      "accident_id": 0,
      "accident_name": "normal",
      "objects": []
    },
    {
      "frame_id": 82,
      "image_path": "frames/RPNiqsdt6-w_001924/images/000082.jpg",
      "accident_id": 0,
      "accident_name": "normal",
      "objects": []
    },
    {
      "frame_id": 83,
      "image_path": "frames/RPNiqsdt6-w_001924/images/000083.jpg",
      "accident_id": 0,
      "accident_name": "normal",
      "objects": []
    },
    {
      "frame_id": 84,
      "image_path": "frames/RPNiqsdt6-w_001924/images/000084.jpg",
      "accident_id": 0,
      "accident_name": "normal",
      "objects": []
    },
    {
      "frame_id": 85,
      "image_path": "frames/RPNiqsdt6-w_001924/images/000085.jpg",
      "accident_id": 0,
      "accident_name": "normal",
      "objects": []
    },
    {
      "frame_id": 86,
      "image_path": "frames/RPNiqsdt6-w_001924/images/000086.jpg",
      "accident_id": 0,
      "accident_name": "normal",
      "objects": []
    },
    {
      "frame_id": 87,
      "image_path": "frames/RPNiqsdt6-w_001924/images/000087.jpg",
      "accident_id": 0,
      "accident_name": "normal",
      "objects": []
    },
    {
      "frame_id": 88,
      "image_path": "frames/RPNiqsdt6-w_001924/images/000088.jpg",
      "accident_id": 0,
      "accident_name": "normal",
      "objects": []
    },
    {
      "frame_id": 89,
      "image_path": "frames/RPNiqsdt6-w_001924/images/000089.jpg",
      "accident_id": 0,
      "accident_name": "normal",
      "objects": []
    },
    {
      "frame_id": 90,
      "image_path": "frames/RPNiqsdt6-w_001924/images/000090.jpg",
      "accident_id": 0,
      "accident_name": "normal",
      "objects": []
    },
    {
      "frame_id": 91,
      "image_path": "frames/RPNiqsdt6-w_001924/images/000091.jpg",
      "accident_id": 0,
      "accident_name": "normal",
      "objects": []
    },
    {
      "frame_id": 92,
      "image_path": "frames/RPNiqsdt6-w_001924/images/000092.jpg",
      "accident_id": 0,
      "accident_name": "normal",
      "objects": []
    },
    {
      "frame_id": 93,
      "image_path": "frames/RPNiqsdt6-w_001924/images/000093.jpg",
      "accident_id": 0,
      "accident_name": "normal",
      "objects": []
    },
    {
      "frame_id": 94,
      "image_path": "frames/RPNiqsdt6-w_001924/images/000094.jpg",
      "accident_id": 0,
      "accident_name": "normal",
      "objects": []
    },
    {
      "frame_id": 95,
      "image_path": "frames/RPNiqsdt6-w_001924/images/000095.jpg",
      "accident_id": 0,
      "accident_name": "normal",
      "objects": []
    },
    {
      "frame_id": 96,
      "image_path": "frames/RPNiqsdt6-w_001924/images/000096.jpg",
      "accident_id": 0,
      "accident_name": "normal",
      "objects": []
    },
    {
      "frame_id": 97,
      "image_path": "frames/RPNiqsdt6-w_001924/images/000097.jpg",
      "accident_id": 0,
      "accident_name": "normal",
      "objects": []
    },
    {
      "frame_id": 98,
      "image_path": "frames/RPNiqsdt6-w_001924/images/000098.jpg",
      "accident_id": 0,
      "accident_name": "normal",
      "objects": []
    },
    {
      "frame_id": 99,
      "image_path": "frames/RPNiqsdt6-w_001924/images/000099.jpg",
      "accident_id": 0,
      "accident_name": "normal",
      "objects": []
    },
    {
      "frame_id": 100,
      "image_path": "frames/RPNiqsdt6-w_001924/images/000100.jpg",
      "accident_id": 0,
      "accident_name": "normal",
      "objects": []
    },
    {
      "frame_id": 101,
      "image_path": "frames/RPNiqsdt6-w_001924/images/000101.jpg",
      "accident_id": 0,
      "accident_name": "normal",
      "objects": []
    },
    {
      "frame_id": 102,
      "image_path": "frames/RPNiqsdt6-w_001924/images/000102.jpg",
      "accident_id": 0,
      "accident_name": "normal",
      "objects": []
    },
    {
      "frame_id": 103,
      "image_path": "frames/RPNiqsdt6-w_001924/images/000103.jpg",
      "accident_id": 0,
      "accident_name": "normal",
      "objects": []
    },
    {
      "frame_id": 104,
      "image_path": "frames/RPNiqsdt6-w_001924/images/000104.jpg",
      "accident_id": 0,
      "accident_name": "normal",
      "objects": []
    },
    {
      "frame_id": 105,
      "image_path": "frames/RPNiqsdt6-w_001924/images/000105.jpg",
      "accident_id": 0,
      "accident_name": "normal",
      "objects": []
    },
    {
      "frame_id": 106,
      "image_path": "frames/RPNiqsdt6-w_001924/images/000106.jpg",
      "accident_id": 0,
      "accident_name": "normal",
      "objects": []
    },
    {
      "frame_id": 107,
      "image_path": "frames/RPNiqsdt6-w_001924/images/000107.jpg",
      "accident_id": 0,
      "accident_name": "normal",
      "objects": []
    },
    {
      "frame_id": 108,
      "image_path": "frames/RPNiqsdt6-w_001924/images/000108.jpg",
      "accident_id": 0,
      "accident_name": "normal",
      "objects": []
    },
    {
      "frame_id": 109,
      "image_path": "frames/RPNiqsdt6-w_001924/images/000109.jpg",
      "accident_id": 0,
      "accident_name": "normal",
      "objects": []
    },
    {
      "frame_id": 110,
      "image_path": "frames/RPNiqsdt6-w_001924/images/000110.jpg",
      "accident_id": 0,
      "accident_name": "normal",
      "objects": []
    },
    {
      "frame_id": 111,
      "image_path": "frames/RPNiqsdt6-w_001924/images/000111.jpg",
      "accident_id": 0,
      "accident_name": "normal",
      "objects": []
    },
    {
      "frame_id": 112,
      "image_path": "frames/RPNiqsdt6-w_001924/images/000112.jpg",
      "accident_id": 0,
      "accident_name": "normal",
      "objects": []
    },
    {
      "frame_id": 113,
      "image_path": "frames/RPNiqsdt6-w_001924/images/000113.jpg",
      "accident_id": 0,
      "accident_name": "normal",
      "objects": []
    },
    {
      "frame_id": 114,
      "image_path": "frames/RPNiqsdt6-w_001924/images/000114.jpg",
      "accident_id": 0,
      "accident_name": "normal",
      "objects": []
    },
    {
      "frame_id": 115,
      "image_path": "frames/RPNiqsdt6-w_001924/images/000115.jpg",
      "accident_id": 2,
      "accident_name": "moving_ahead_or_waiting",
      "objects": [
        {
          "obj_track_id": 193,
          "bbox": [
            374.5748987854251,
            370.2024291497976,
            566.2348178137652,
            586.6396761133603
          ],
          "category": "truck",
          "category ID": 5,
          "trunc": false
        },
        {
          "obj_track_id": 65,
          "bbox": [
            0,
            116.59919028340082,
            361.4574898785425,
            659.5141700404859
          ],
          "category": "truck",
          "category ID": 5,
          "trunc": true
        }
      ]
    },
    {
      "frame_id": 116,
      "image_path": "frames/RPNiqsdt6-w_001924/images/000116.jpg",
      "accident_id": 2,
      "accident_name": "moving_ahead_or_waiting",
      "objects": [
        {
          "obj_track_id": 193,
          "bbox": [
            355.6275303643725,
            362.1862348178138,
            559.6761133603239,
            596.1133603238866
          ],
          "category": "truck",
          "category ID": 5,
          "trunc": false
        },
        {
          "obj_track_id": 65,
          "bbox": [
            0,
            115.1417004048583,
            347.61133603238864,
            668.9878542510121
          ],
          "category": "truck",
          "category ID": 5,
          "trunc": true
        }
      ]
    },
    {
      "frame_id": 117,
      "image_path": "frames/RPNiqsdt6-w_001924/images/000117.jpg",
      "accident_id": 2,
      "accident_name": "moving_ahead_or_waiting",
      "objects": [
        {
          "obj_track_id": 193,
          "bbox": [
            322.10526315789474,
            351.2550607287449,
            542.914979757085,
            604.8582995951417
          ],
          "category": "truck",
          "category ID": 5,
          "trunc": false
        },
        {
          "obj_track_id": 65,
          "bbox": [
            0,
            114.41295546558705,
            323.56275303643724,
            661.7004048582996
          ],
          "category": "truck",
          "category ID": 5,
          "trunc": true
        }
      ]
    },
    {
      "frame_id": 118,
      "image_path": "frames/RPNiqsdt6-w_001924/images/000118.jpg",
      "accident_id": 2,
      "accident_name": "moving_ahead_or_waiting",
      "objects": [
        {
          "obj_track_id": 193,
          "bbox": [
            279.1093117408907,
            339.59514170040484,
            521.0526315789474,
            609.9595141700405
          ],
          "category": "truck",
          "category ID": 5,
          "trunc": false
        },
        {
          "obj_track_id": 65,
          "bbox": [
            0,
            126.80161943319838,
            295.87044534412956,
            657.3279352226721
          ],
          "category": "truck",
          "category ID": 5,
          "trunc": true
        }
      ]
    },
    {
      "frame_id": 119,
      "image_path": "frames/RPNiqsdt6-w_001924/images/000119.jpg",
      "accident_id": 2,
      "accident_name": "moving_ahead_or_waiting",
      "objects": [
        {
          "obj_track_id": 193,
          "bbox": [
            241.94331983805668,
            324.2914979757085,
            486.07287449392715,
            626.7206477732793
          ],
          "category": "truck",
          "category ID": 5,
          "trunc": false
        },
        {
          "obj_track_id": 65,
          "bbox": [
            0,
            129.7165991902834,
            260.8906882591093,
            652.9554655870445
          ],
          "category": "truck",
          "category ID": 5,
          "trunc": true
        }
      ]
    },
    {
      "frame_id": 120,
      "image_path": "frames/RPNiqsdt6-w_001924/images/000120.jpg",
      "accident_id": 2,
      "accident_name": "moving_ahead_or_waiting",
      "objects": [
        {
          "obj_track_id": 193,
          "bbox": [
            208.42105263157896,
            308.98785425101215,
            459.1093117408907,
            642.0242914979757
          ],
          "category": "truck",
          "category ID": 5,
          "trunc": false
        },
        {
          "obj_track_id": 65,
          "bbox": [
            0,
            239.02834008097165,
            222.2672064777328,
            652.9554655870445
          ],
          "category": "truck",
          "category ID": 5,
          "trunc": true
        }
      ]
    },
    {
      "frame_id": 121,
      "image_path": "frames/RPNiqsdt6-w_001924/images/000121.jpg",
      "accident_id": 2,
      "accident_name": "moving_ahead_or_waiting",
      "objects": [
        {
          "obj_track_id": 193,
          "bbox": [
            165.4251012145749,
            290.7692307692308,
            427.7732793522267,
            665.3441295546559
          ],
          "category": "truck",
          "category ID": 5,
          "trunc": false
        },
        {
          "obj_track_id": 65,
          "bbox": [
            0,
            259.4331983805668,
            175.62753036437246,
            639.1093117408907
          ],
          "category": "truck",
          "category ID": 5,
          "trunc": true
        }
      ]
    },
    {
      "frame_id": 122,
      "image_path": "frames/RPNiqsdt6-w_001924/images/000122.jpg",
      "accident_id": 2,
      "accident_name": "moving_ahead_or_waiting",
      "objects": [
        {
          "obj_track_id": 193,
          "bbox": [
            113.6842105263158,
            275.4655870445344,
            397.89473684210526,
            677.7327935222672
          ],
          "category": "truck",
          "category ID": 5,
          "trunc": false
        },
        {
          "obj_track_id": 65,
          "bbox": [
            0,
            276.9230769230769,
            146.47773279352228,
            639.1093117408907
          ],
          "category": "truck",
          "category ID": 5,
          "trunc": true
        }
      ]
    },
    {
      "frame_id": 123,
      "image_path": "frames/RPNiqsdt6-w_001924/images/000123.jpg",
      "accident_id": 2,
      "accident_name": "moving_ahead_or_waiting",
      "objects": [
        {
          "obj_track_id": 193,
          "bbox": [
            51.74089068825911,
            247.77327935222672,
            370.2024291497976,
            675.5465587044534
          ],
          "category": "truck",
          "category ID": 5,
          "trunc": false
        },
        {
          "obj_track_id": 65,
          "bbox": [
            0,
            283.4817813765182,
            64.8582995951417,
            632.5506072874493
          ],
          "category": "truck",
          "category ID": 5,
          "trunc": true
        }
      ]
    },
    {
      "frame_id": 124,
      "image_path": "frames/RPNiqsdt6-w_001924/images/000124.jpg",
      "accident_id": 2,
      "accident_name": "moving_ahead_or_waiting",
      "objects": [
        {
          "obj_track_id": 193,
          "bbox": [
            0,
            222.99595141700405,
            338.8663967611336,
            667.5303643724696
          ],
          "category": "truck",
          "category ID": 5,
          "trunc": true
        }
      ]
    },
    {
      "frame_id": 125,
      "image_path": "frames/RPNiqsdt6-w_001924/images/000125.jpg",
      "accident_id": 2,
      "accident_name": "moving_ahead_or_waiting",
      "objects": [
        {
          "obj_track_id": 193,
          "bbox": [
            0,
            191.65991902834008,
            307.53036437246965,
            651.497975708502
          ],
          "category": "truck",
          "category ID": 5,
          "trunc": true
        }
      ]
    },
    {
      "frame_id": 126,
      "image_path": "frames/RPNiqsdt6-w_001924/images/000126.jpg",
      "accident_id": 2,
      "accident_name": "moving_ahead_or_waiting",
      "objects": [
        {
          "obj_track_id": 193,
          "bbox": [
            0,
            158.13765182186233,
            264.5344129554656,
            647.8542510121457
          ],
          "category": "truck",
          "category ID": 5,
          "trunc": true
        }
      ]
    },
    {
      "frame_id": 127,
      "image_path": "frames/RPNiqsdt6-w_001924/images/000127.jpg",
      "accident_id": 2,
      "accident_name": "moving_ahead_or_waiting",
      "objects": [
        {
          "obj_track_id": 193,
          "bbox": [
            0,
            135.54655870445345,
            223.7246963562753,
            647.8542510121457
          ],
          "category": "truck",
          "category ID": 5,
          "trunc": true
        }
      ]
    },
    {
      "frame_id": 128,
      "image_path": "frames/RPNiqsdt6-w_001924/images/000128.jpg",
      "accident_id": 2,
      "accident_name": "moving_ahead_or_waiting",
      "objects": [
        {
          "obj_track_id": 193,
          "bbox": [
            0,
            163.96761133603238,
            194.5748987854251,
            643.4817813765183
          ],
          "category": "truck",
          "category ID": 5,
          "trunc": true
        }
      ]
    },
    {
      "frame_id": 129,
      "image_path": "frames/RPNiqsdt6-w_001924/images/000129.jpg",
      "accident_id": 2,
      "accident_name": "moving_ahead_or_waiting",
      "objects": [
        {
          "obj_track_id": 193,
          "bbox": [
            0,
            165.4251012145749,
            165.4251012145749,
            643.4817813765183
          ],
          "category": "truck",
          "category ID": 5,
          "trunc": true
        }
      ]
    },
    {
      "frame_id": 130,
      "image_path": "frames/RPNiqsdt6-w_001924/images/000130.jpg",
      "accident_id": 2,
      "accident_name": "moving_ahead_or_waiting",
      "objects": [
        {
          "obj_track_id": 193,
          "bbox": [
            0,
            252.8744939271255,
            145.748987854251,
            639.1093117408907
          ],
          "category": "truck",
          "category ID": 5,
          "trunc": true
        }
      ]
    },
    {
      "frame_id": 131,
      "image_path": "frames/RPNiqsdt6-w_001924/images/000131.jpg",
      "accident_id": 2,
      "accident_name": "moving_ahead_or_waiting",
      "objects": [
        {
          "obj_track_id": 193,
          "bbox": [
            0,
            269.6356275303644,
            117.32793522267207,
            639.1093117408907
          ],
          "category": "truck",
          "category ID": 5,
          "trunc": true
        }
      ]
    },
    {
      "frame_id": 132,
      "image_path": "frames/RPNiqsdt6-w_001924/images/000132.jpg",
      "accident_id": 2,
      "accident_name": "moving_ahead_or_waiting",
      "objects": [
        {
          "obj_track_id": 193,
          "bbox": [
            0,
            280.5668016194332,
            96.19433198380567,
            639.1093117408907
          ],
          "category": "truck",
          "category ID": 5,
          "trunc": true
        }
      ]
    },
    {
      "frame_id": 133,
      "image_path": "frames/RPNiqsdt6-w_001924/images/000133.jpg",
      "accident_id": 2,
      "accident_name": "moving_ahead_or_waiting",
      "objects": [
        {
          "obj_track_id": 193,
          "bbox": [
            0,
            296.5991902834008,
            77.24696356275304,
            639.1093117408907
          ],
          "category": "truck",
          "category ID": 5,
          "trunc": true
        }
      ]
    },
    {
      "frame_id": 134,
      "image_path": "frames/RPNiqsdt6-w_001924/images/000134.jpg",
      "accident_id": 2,
      "accident_name": "moving_ahead_or_waiting",
      "objects": []
    },
    {
      "frame_id": 135,
      "image_path": "frames/RPNiqsdt6-w_001924/images/000135.jpg",
      "accident_id": 2,
      "accident_name": "moving_ahead_or_waiting",
      "objects": []
    },
    {
      "frame_id": 136,
      "image_path": "frames/RPNiqsdt6-w_001924/images/000136.jpg",
      "accident_id": 2,
      "accident_name": "moving_ahead_or_waiting",
      "objects": []
    },
    {
      "frame_id": 137,
      "image_path": "frames/RPNiqsdt6-w_001924/images/000137.jpg",
      "accident_id": 2,
      "accident_name": "moving_ahead_or_waiting",
      "objects": []
    },
    {
      "frame_id": 138,
      "image_path": "frames/RPNiqsdt6-w_001924/images/000138.jpg",
      "accident_id": 2,
      "accident_name": "moving_ahead_or_waiting",
      "objects": []
    },
    {
      "frame_id": 139,
      "image_path": "frames/RPNiqsdt6-w_001924/images/000139.jpg",
      "accident_id": 2,
      "accident_name": "moving_ahead_or_waiting",
      "objects": []
    },
    {
      "frame_id": 140,
      "image_path": "frames/RPNiqsdt6-w_001924/images/000140.jpg",
      "accident_id": 2,
      "accident_name": "moving_ahead_or_waiting",
      "objects": []
    },
    {
      "frame_id": 141,
      "image_path": "frames/RPNiqsdt6-w_001924/images/000141.jpg",
      "accident_id": 2,
      "accident_name": "moving_ahead_or_waiting",
      "objects": []
    },
    {
      "frame_id": 142,
      "image_path": "frames/RPNiqsdt6-w_001924/images/000142.jpg",
      "accident_id": 2,
      "accident_name": "moving_ahead_or_waiting",
      "objects": []
    },
    {
      "frame_id": 143,
      "image_path": "frames/RPNiqsdt6-w_001924/images/000143.jpg",
      "accident_id": 2,
      "accident_name": "moving_ahead_or_waiting",
      "objects": []
    },
    {
      "frame_id": 144,
      "image_path": "frames/RPNiqsdt6-w_001924/images/000144.jpg",
      "accident_id": 2,
      "accident_name": "moving_ahead_or_waiting",
      "objects": []
    },
    {
      "frame_id": 145,
      "image_path": "frames/RPNiqsdt6-w_001924/images/000145.jpg",
      "accident_id": 2,
      "accident_name": "moving_ahead_or_waiting",
      "objects": []
    },
    {
      "frame_id": 146,
      "image_path": "frames/RPNiqsdt6-w_001924/images/000146.jpg",
      "accident_id": 2,
      "accident_name": "moving_ahead_or_waiting",
      "objects": []
    },
    {
      "frame_id": 147,
      "image_path": "frames/RPNiqsdt6-w_001924/images/000147.jpg",
      "accident_id": 2,
      "accident_name": "moving_ahead_or_waiting",
      "objects": []
    },
    {
      "frame_id": 148,
      "image_path": "frames/RPNiqsdt6-w_001924/images/000148.jpg",
      "accident_id": 2,
      "accident_name": "moving_ahead_or_waiting",
      "objects": []
    },
    {
      "frame_id": 149,
      "image_path": "frames/RPNiqsdt6-w_001924/images/000149.jpg",
      "accident_id": 2,
      "accident_name": "moving_ahead_or_waiting",
      "objects": []
    },
    {
      "frame_id": 150,
      "image_path": "frames/RPNiqsdt6-w_001924/images/000150.jpg",
      "accident_id": 2,
      "accident_name": "moving_ahead_or_waiting",
      "objects": []
    },
    {
      "frame_id": 151,
      "image_path": "frames/RPNiqsdt6-w_001924/images/000151.jpg",
      "accident_id": 2,
      "accident_name": "moving_ahead_or_waiting",
      "objects": []
    },
    {
      "frame_id": 152,
      "image_path": "frames/RPNiqsdt6-w_001924/images/000152.jpg",
      "accident_id": 2,
      "accident_name": "moving_ahead_or_waiting",
      "objects": []
    },
    {
      "frame_id": 153,
      "image_path": "frames/RPNiqsdt6-w_001924/images/000153.jpg",
      "accident_id": 2,
      "accident_name": "moving_ahead_or_waiting",
      "objects": []
    },
    {
      "frame_id": 154,
      "image_path": "frames/RPNiqsdt6-w_001924/images/000154.jpg",
      "accident_id": 2,
      "accident_name": "moving_ahead_or_waiting",
      "objects": []
    },
    {
      "frame_id": 155,
      "image_path": "frames/RPNiqsdt6-w_001924/images/000155.jpg",
      "accident_id": 2,
      "accident_name": "moving_ahead_or_waiting",
      "objects": []
    },
    {
      "frame_id": 156,
      "image_path": "frames/RPNiqsdt6-w_001924/images/000156.jpg",
      "accident_id": 2,
      "accident_name": "moving_ahead_or_waiting",
      "objects": []
    },
    {
      "frame_id": 157,
      "image_path": "frames/RPNiqsdt6-w_001924/images/000157.jpg",
      "accident_id": 2,
      "accident_name": "moving_ahead_or_waiting",
      "objects": []
    },
    {
      "frame_id": 158,
      "image_path": "frames/RPNiqsdt6-w_001924/images/000158.jpg",
      "accident_id": 2,
      "accident_name": "moving_ahead_or_waiting",
      "objects": []
    },
    {
      "frame_id": 159,
      "image_path": "frames/RPNiqsdt6-w_001924/images/000159.jpg",
      "accident_id": 2,
      "accident_name": "moving_ahead_or_waiting",
      "objects": []
    },
    {
      "frame_id": 160,
      "image_path": "frames/RPNiqsdt6-w_001924/images/000160.jpg",
      "accident_id": 2,
      "accident_name": "moving_ahead_or_waiting",
      "objects": []
    },
    {
      "frame_id": 161,
      "image_path": "frames/RPNiqsdt6-w_001924/images/000161.jpg",
      "accident_id": 2,
      "accident_name": "moving_ahead_or_waiting",
      "objects": []
    },
    {
      "frame_id": 162,
      "image_path": "frames/RPNiqsdt6-w_001924/images/000162.jpg",
      "accident_id": 2,
      "accident_name": "moving_ahead_or_waiting",
      "objects": []
    },
    {
      "frame_id": 163,
      "image_path": "frames/RPNiqsdt6-w_001924/images/000163.jpg",
      "accident_id": 2,
      "accident_name": "moving_ahead_or_waiting",
      "objects": []
    },
    {
      "frame_id": 164,
      "image_path": "frames/RPNiqsdt6-w_001924/images/000164.jpg",
      "accident_id": 2,
      "accident_name": "moving_ahead_or_waiting",
      "objects": []
    },
    {
      "frame_id": 165,
      "image_path": "frames/RPNiqsdt6-w_001924/images/000165.jpg",
      "accident_id": 2,
      "accident_name": "moving_ahead_or_waiting",
      "objects": []
    },
    {
      "frame_id": 166,
      "image_path": "frames/RPNiqsdt6-w_001924/images/000166.jpg",
      "accident_id": 2,
      "accident_name": "moving_ahead_or_waiting",
      "objects": []
    },
    {
      "frame_id": 167,
      "image_path": "frames/RPNiqsdt6-w_001924/images/000167.jpg",
      "accident_id": 2,
      "accident_name": "moving_ahead_or_waiting",
      "objects": []
    },
    {
      "frame_id": 168,
      "image_path": "frames/RPNiqsdt6-w_001924/images/000168.jpg",
      "accident_id": 2,
      "accident_name": "moving_ahead_or_waiting",
      "objects": []
    }
  ]
}