{
  "video_name": "ruiSuGHJf6Q_002357",
  "channel": "CarCrashesTime",
  "num_frames": 89,
  "ignore": false,
  "ego_involve": false,
  "night": false,
  "anomaly_start": 33,
  "anomaly_end": 58,
  "video_start": 2357,
  "video_end": 2445,
  "accident_id": "2",
  "accident_name": "moving_ahead_or_waiting",
  "labels": [
    {
      "frame_id": 0,
      "image_path": "frames/ruiSuGHJf6Q_002357/images/000000.jpg",
      "accident_id": 0,
      "accident_name": "normal",
      "objects": []
    },
    {
      "frame_id": 1,
      "image_path": "frames/ruiSuGHJf6Q_002357/images/000001.jpg",
      "accident_id": 0,
      "accident_name": "normal",
      "objects": []
    },
    {
      "frame_id": 2,
      "image_path": "frames/ruiSuGHJf6Q_002357/images/000002.jpg",
      "accident_id": 0,
      "accident_name": "normal",
      "objects": []
    },
    {
      "frame_id": 3,
      "image_path": "frames/ruiSuGHJf6Q_002357/images/000003.jpg",
      "accident_id": 0,
      "accident_name": "normal",
      "objects": []
    },
    {
      "frame_id": 4,
      "image_path": "frames/ruiSuGHJf6Q_002357/images/000004.jpg",
      "accident_id": 0,
      "accident_name": "normal",
      "objects": []
    },
    {
      "frame_id": 5,
      "image_path": "frames/ruiSuGHJf6Q_002357/images/000005.jpg",
      "accident_id": 0,
      "accident_name": "normal",
      "objects": []
    },
    {
      "frame_id": 6,
      "image_path": "frames/ruiSuGHJf6Q_002357/images/000006.jpg",
      "accident_id": 0,
      "accident_name": "normal",
      "objects": []
    },
    {
      "frame_id": 7,
      "image_path": "frames/ruiSuGHJf6Q_002357/images/000007.jpg",
      "accident_id": 0,
      "accident_name": "normal",
      "objects": []
    },
    {
      "frame_id": 8,
      "image_path": "frames/ruiSuGHJf6Q_002357/images/000008.jpg",
      "accident_id": 0,
      "accident_name": "normal",
      "objects": []
    },
    {
      "frame_id": 9,
      "image_path": "frames/ruiSuGHJf6Q_002357/images/000009.jpg",
      "accident_id": 0,
      "accident_name": "normal",
      "objects": []
    },
    {
      "frame_id": 10,
      "image_path": "frames/ruiSuGHJf6Q_002357/images/000010.jpg",
      "accident_id": 0,
      "accident_name": "normal",
      "objects": []
    },
    {
      "frame_id": 11,
      "image_path": "frames/ruiSuGHJf6Q_002357/images/000011.jpg",
      "accident_id": 0,
      "accident_name": "normal",
      "objects": []
    },
    {
      "frame_id": 12,
      "image_path": "frames/ruiSuGHJf6Q_002357/images/000012.jpg",
      "accident_id": 0,
      "accident_name": "normal",
      "objects": []
    },
    {
      "frame_id": 13,
      "image_path": "frames/ruiSuGHJf6Q_002357/images/000013.jpg",
      "accident_id": 0,
      "accident_name": "normal",
      "objects": []
    },
    {
      "frame_id": 14,
      "image_path": "frames/ruiSuGHJf6Q_002357/images/000014.jpg",
      "accident_id": 0,
      "accident_name": "normal",
      "objects": []
    },
    {
      "frame_id": 15,
      "image_path": "frames/ruiSuGHJf6Q_002357/images/000015.jpg",
      "accident_id": 0,
      "accident_name": "normal",
      "objects": []
    },
    {
      "frame_id": 16,
      "image_path": "frames/ruiSuGHJf6Q_002357/images/000016.jpg",
      "accident_id": 0,
      "accident_name": "normal",
      "objects": []
    },
    {
      "frame_id": 17,
      "image_path": "frames/ruiSuGHJf6Q_002357/images/000017.jpg",
      "accident_id": 0,
      "accident_name": "normal",
      "objects": []
    },
    {
      "frame_id": 18,
      "image_path": "frames/ruiSuGHJf6Q_002357/images/000018.jpg",
      "accident_id": 0,
      "accident_name": "normal",
      "objects": []
    },
    {
      "frame_id": 19,
      "image_path": "frames/ruiSuGHJf6Q_002357/images/000019.jpg",
      "accident_id": 0,
      "accident_name": "normal",
      "objects": []
    },
    {
      "frame_id": 20,
      "image_path": "frames/ruiSuGHJf6Q_002357/images/000020.jpg",
      "accident_id": 0,
      "accident_name": "normal",
      "objects": []
    },
    {
      "frame_id": 21,
      "image_path": "frames/ruiSuGHJf6Q_002357/images/000021.jpg",
      "accident_id": 0,
      "accident_name": "normal",
      "objects": []
    },
    {
      "frame_id": 22,
      "image_path": "frames/ruiSuGHJf6Q_002357/images/000022.jpg",
      "accident_id": 0,
      "accident_name": "normal",
      "objects": []
    },
    {
      "frame_id": 23,
      "image_path": "frames/ruiSuGHJf6Q_002357/images/000023.jpg",
      "accident_id": 0,
      "accident_name": "normal",
      "objects": []
    },
    {
      "frame_id": 24,
      "image_path": "frames/ruiSuGHJf6Q_002357/images/000024.jpg",
      "accident_id": 0,
      "accident_name": "normal",
      "objects": []
    },
    {
      "frame_id": 25,
      "image_path": "frames/ruiSuGHJf6Q_002357/images/000025.jpg",
      "accident_id": 0,
      "accident_name": "normal",
      "objects": []
    },
    {
      "frame_id": 26,
      "image_path": "frames/ruiSuGHJf6Q_002357/images/000026.jpg",
      "accident_id": 0,
      "accident_name": "normal",
      "objects": []
    },
    {
      "frame_id": 27,
      "image_path": "frames/ruiSuGHJf6Q_002357/images/000027.jpg",
      "accident_id": 0,
      "accident_name": "normal",
      "objects": []
    },
    {
      "frame_id": 28,
      "image_path": "frames/ruiSuGHJf6Q_002357/images/000028.jpg",
      "accident_id": 0,
      "accident_name": "normal",
      "objects": []
    },
    {
      "frame_id": 29,
      "image_path": "frames/ruiSuGHJf6Q_002357/images/000029.jpg",
      "accident_id": 0,
      "accident_name": "normal",
      "objects": []
    },
    {
      "frame_id": 30,
      "image_path": "frames/ruiSuGHJf6Q_002357/images/000030.jpg",
      "accident_id": 0,
      "accident_name": "normal",
      "objects": []
    },
    {
      "frame_id": 31,
      "image_path": "frames/ruiSuGHJf6Q_002357/images/000031.jpg",
      "accident_id": 0,
      "accident_name": "normal",
      "objects": []
    },
    {
      "frame_id": 32,
      "image_path": "frames/ruiSuGHJf6Q_002357/images/000032.jpg",
      "accident_id": 0,
      "accident_name": "normal",
      "objects": []
    },
    {
      "frame_id": 33,
      "image_path": "frames/ruiSuGHJf6Q_002357/images/000033.jpg",
      "accident_id": 2,
      "accident_name": "moving_ahead_or_waiting",
      "objects": [
        {
          "obj_track_id": 0,
          "bbox": [
            877.408906882591,
            252.8744939271255,
            1128.8259109311741,
            468.582995951417
          ],
          "category": "car",
          "category ID": 3,
          "trunc": false
        },
        {
          "obj_track_id": 59,
          "bbox": [
            1120.080971659919,
            0,
            1280.0,
            540.7287449392712
          ],
          "category": "truck",
          "category ID": 5,
          "trunc": true
        }
      ]
    },
    {
      "frame_id": 34,
      "image_path": "frames/ruiSuGHJf6Q_002357/images/000034.jpg",
      "accident_id": 2,
      "accident_name": "moving_ahead_or_waiting",
      "objects": [
        {
          "obj_track_id": 0,
          "bbox": [
            872.3076923076923,
            253.60323886639677,
            1092.3886639676114,
            465.668016194332
          ],
          "category": "car",
          "category ID": 3,
          "trunc": false
        },
        {
          "obj_track_id": 59,
          "bbox": [
            1079.2712550607287,
            0,
            1280.0,
            545.1012145748988
          ],
          "category": "truck",
          "category ID": 5,
          "trunc": true
        }
      ]
    },
    {
      "frame_id": 35,
      "image_path": "frames/ruiSuGHJf6Q_002357/images/000035.jpg",
      "accident_id": 2,
      "accident_name": "moving_ahead_or_waiting",
      "objects": [
        {
          "obj_track_id": 0,
          "bbox": [
            867.9352226720648,
            252.8744939271255,
            1061.7813765182186,
            463.4817813765182
          ],
          "category": "car",
          "category ID": 3,
          "trunc": false
        },
        {
          "obj_track_id": 59,
          "bbox": [
            1046.4777327935224,
            0,
            1280.0,
            542.1862348178138
          ],
          "category": "truck",
          "category ID": 5,
          "trunc": true
        }
      ]
    },
    {
      "frame_id": 36,
      "image_path": "frames/ruiSuGHJf6Q_002357/images/000036.jpg",
      "accident_id": 2,
      "accident_name": "moving_ahead_or_waiting",
      "objects": [
        {
          "obj_track_id": 0,
          "bbox": [
            862.834008097166,
            250.68825910931173,
            1043.5627530364372,
            456.9230769230769
          ],
          "category": "car",
          "category ID": 3,
          "trunc": false
        },
        {
          "obj_track_id": 59,
          "bbox": [
            1020.9716599190283,
            0,
            1280.0,
            532.7125506072874
          ],
          "category": "truck",
          "category ID": 5,
          "trunc": true
        }
      ]
    },
    {
      "frame_id": 37,
      "image_path": "frames/ruiSuGHJf6Q_002357/images/000037.jpg",
      "accident_id": 2,
      "accident_name": "moving_ahead_or_waiting",
      "objects": [
        {
          "obj_track_id": 0,
          "bbox": [
            850.4453441295547,
            254.33198380566802,
            1019.5141700404859,
            445.9919028340081
          ],
          "category": "car",
          "category ID": 3,
          "trunc": false
        },
        {
          "obj_track_id": 59,
          "bbox": [
            996.1943319838057,
            0,
            1280.0,
            526.8825910931174
          ],
          "category": "truck",
          "category ID": 5,
          "trunc": true
        }
      ]
    },
    {
      "frame_id": 38,
      "image_path": "frames/ruiSuGHJf6Q_002357/images/000038.jpg",
      "accident_id": 2,
      "accident_name": "moving_ahead_or_waiting",
      "objects": [
        {
          "obj_track_id": 0,
          "bbox": [
            840.2429149797571,
            254.33198380566802,
            995.4655870445345,
            430.68825910931173
          ],
          "category": "car",
          "category ID": 3,
          "trunc": false
        },
        {
          "obj_track_id": 59,
          "bbox": [
            975.0607287449393,
            0,
            1280.0,
            504.2914979757085
          ],
          "category": "truck",
          "category ID": 5,
          "trunc": true
        }
      ]
    },
    {
      "frame_id": 39,
      "image_path": "frames/ruiSuGHJf6Q_002357/images/000039.jpg",
      "accident_id": 2,
      "accident_name": "moving_ahead_or_waiting",
      "objects": [
        {
          "obj_track_id": 0,
          "bbox": [
            830.7692307692307,
            254.33198380566802,
            980.1619433198381,
            419.7570850202429
          ],
          "category": "car",
          "category ID": 3,
          "trunc": false
        },
        {
          "obj_track_id": 59,
          "bbox": [
            956.1133603238866,
            0,
            1280.0,
            486.80161943319837
          ],
          "category": "truck",
          "category ID": 5,
          "trunc": true
        }
      ]
    },
    {
      "frame_id": 40,
      "image_path": "frames/ruiSuGHJf6Q_002357/images/000040.jpg",
      "accident_id": 2,
      "accident_name": "moving_ahead_or_waiting",
      "objects": [
        {
          "obj_track_id": 0,
          "bbox": [
            819.8380566801619,
            251.41700404858298,
            961.2145748987854,
            413.19838056680163
          ],
          "category": "car",
          "category ID": 3,
          "trunc": false
        },
        {
          "obj_track_id": 59,
          "bbox": [
            940.080971659919,
            0,
            1280.0,
            478.0566801619433
          ],
          "category": "truck",
          "category ID": 5,
          "trunc": true
        }
      ]
    },
    {
      "frame_id": 41,
      "image_path": "frames/ruiSuGHJf6Q_002357/images/000041.jpg",
      "accident_id": 2,
      "accident_name": "moving_ahead_or_waiting",
      "objects": [
        {
          "obj_track_id": 0,
          "bbox": [
            809.6356275303643,
            256.5182186234818,
            952.4696356275304,
            408.09716599190284
          ],
          "category": "car",
          "category ID": 3,
          "trunc": false
        },
        {
          "obj_track_id": 59,
          "bbox": [
            926.9635627530364,
            0,
            1280.0,
            555.3036437246964
          ],
          "category": "truck",
          "category ID": 5,
          "trunc": true
        }
      ]
    },
    {
      "frame_id": 42,
      "image_path": "frames/ruiSuGHJf6Q_002357/images/000042.jpg",
      "accident_id": 2,
      "accident_name": "moving_ahead_or_waiting",
      "objects": [
        {
          "obj_track_id": 0,
          "bbox": [
            801.6194331983805,
            254.33198380566802,
            942.2672064777328,
            396.43724696356276
          ],
          "category": "car",
          "category ID": 3,
          "trunc": false
        },
        {
          "obj_track_id": 59,
          "bbox": [
            916.0323886639676,
            0,
            1280.0,
            553.8461538461538
          ],
          "category": "truck",
          "category ID": 5,
          "trunc": true
        }
      ]
    },
    {
      "frame_id": 43,
      "image_path": "frames/ruiSuGHJf6Q_002357/images/000043.jpg",
      "accident_id": 2,
      "accident_name": "moving_ahead_or_waiting",
      "objects": [
        {
          "obj_track_id": 0,
          "bbox": [
            794.331983805668,
            255.06072874493927,
            930.6072874493927,
            389.1497975708502
          ],
          "category": "car",
          "category ID": 3,
          "trunc": false
        },
        {
          "obj_track_id": 59,
          "bbox": [
            902.914979757085,
            0,
            1280.0,
            543.6437246963562
          ],
          "category": "truck",
          "category ID": 5,
          "trunc": true
        }
      ]
    },
    {
      "frame_id": 44,
      "image_path": "frames/ruiSuGHJf6Q_002357/images/000044.jpg",
      "accident_id": 2,
      "accident_name": "moving_ahead_or_waiting",
      "objects": [
        {
          "obj_track_id": 0,
          "bbox": [
            784.8582995951417,
            257.246963562753,
            918.9473684210526,
            384.7773279352227
          ],
          "category": "car",
          "category ID": 3,
          "trunc": false
        },
        {
          "obj_track_id": 59,
          "bbox": [
            893.4412955465586,
            0,
            1280.0,
            539.2712550607288
          ],
          "category": "truck",
          "category ID": 5,
          "trunc": true
        }
      ]
    },
    {
      "frame_id": 45,
      "image_path": "frames/ruiSuGHJf6Q_002357/images/000045.jpg",
      "accident_id": 2,
      "accident_name": "moving_ahead_or_waiting",
      "objects": [
        {
          "obj_track_id": 0,
          "bbox": [
            778.2995951417004,
            256.5182186234818,
            908.744939271255,
            378.2186234817814
          ],
          "category": "car",
          "category ID": 3,
          "trunc": false
        },
        {
          "obj_track_id": 59,
          "bbox": [
            885.4251012145749,
            0,
            1280.0,
            531.9838056680162
          ],
          "category": "truck",
          "category ID": 5,
          "trunc": true
        }
      ]
    },
    {
      "frame_id": 46,
      "image_path": "frames/ruiSuGHJf6Q_002357/images/000046.jpg",
      "accident_id": 2,
      "accident_name": "moving_ahead_or_waiting",
      "objects": [
        {
          "obj_track_id": 0,
          "bbox": [
            770.2834008097166,
            255.78947368421052,
            903.6437246963562,
            373.1174089068826
          ],
          "category": "car",
          "category ID": 3,
          "trunc": false
        },
        {
          "obj_track_id": 59,
          "bbox": [
            877.408906882591,
            0,
            1280.0,
            544.3724696356276
          ],
          "category": "truck",
          "category ID": 5,
          "trunc": true
        }
      ]
    },
    {
      "frame_id": 47,
      "image_path": "frames/ruiSuGHJf6Q_002357/images/000047.jpg",
      "accident_id": 2,
      "accident_name": "moving_ahead_or_waiting",
      "objects": [
        {
          "obj_track_id": 0,
          "bbox": [
            762.2672064777328,
            257.9757085020243,
            896.3562753036438,
            367.2874493927126
          ],
          "category": "car",
          "category ID": 3,
          "trunc": false
        },
        {
          "obj_track_id": 59,
          "bbox": [
            871.578947368421,
            0,
            1280.0,
            543.6437246963562
          ],
          "category": "truck",
          "category ID": 5,
          "trunc": true
        }
      ]
    },
    {
      "frame_id": 48,
      "image_path": "frames/ruiSuGHJf6Q_002357/images/000048.jpg",
      "accident_id": 2,
      "accident_name": "moving_ahead_or_waiting",
      "objects": [
        {
          "obj_track_id": 0,
          "bbox": [
            756.4372469635628,
            257.246963562753,
            887.6113360323886,
            364.3724696356275
          ],
          "category": "car",
          "category ID": 3,
          "trunc": false
        },
        {
          "obj_track_id": 59,
          "bbox": [
            863.5627530364372,
            0,
            1280.0,
            542.914979757085
          ],
          "category": "truck",
          "category ID": 5,
          "trunc": true
        }
      ]
    },
    {
      "frame_id": 49,
      "image_path": "frames/ruiSuGHJf6Q_002357/images/000049.jpg",
      "accident_id": 2,
      "accident_name": "moving_ahead_or_waiting",
      "objects": [
        {
          "obj_track_id": 0,
          "bbox": [
            749.8785425101214,
            257.9757085020243,
            883.2388663967612,
            360.0
          ],
          "category": "car",
          "category ID": 3,
          "trunc": false
        },
        {
          "obj_track_id": 59,
          "bbox": [
            857.0040485829959,
            0,
            1280.0,
            537.8137651821862
          ],
          "category": "truck",
          "category ID": 5,
          "trunc": true
        }
      ]
    },
    {
      "frame_id": 50,
      "image_path": "frames/ruiSuGHJf6Q_002357/images/000050.jpg",
      "accident_id": 2,
      "accident_name": "moving_ahead_or_waiting",
      "objects": [
        {
          "obj_track_id": 0,
          "bbox": [
            744.0485829959514,
            257.9757085020243,
            877.408906882591,
            356.3562753036437
          ],
          "category": "car",
          "category ID": 3,
          "trunc": false
        },
        {
          "obj_track_id": 59,
          "bbox": [
            853.3603238866397,
            0,
            1280.0,
            511.57894736842104
          ],
          "category": "truck",
          "category ID": 5,
          "trunc": true
        }
      ]
    },
    {
      "frame_id": 51,
      "image_path": "frames/ruiSuGHJf6Q_002357/images/000051.jpg",
      "accident_id": 2,
      "accident_name": "moving_ahead_or_waiting",
      "objects": [
        {
          "obj_track_id": 0,
          "bbox": [
            738.2186234817814,
            258.7044534412955,
            871.578947368421,
            353.4412955465587
          ],
          "category": "car",
          "category ID": 3,
          "trunc": false
        },
        {
          "obj_track_id": 59,
          "bbox": [
            848.2591093117409,
            0,
            1280.0,
            499.91902834008096
          ],
          "category": "truck",
          "category ID": 5,
          "trunc": true
        }
      ]
    },
    {
      "frame_id": 52,
      "image_path": "frames/ruiSuGHJf6Q_002357/images/000052.jpg",
      "accident_id": 2,
      "accident_name": "moving_ahead_or_waiting",
      "objects": [
        {
          "obj_track_id": 0,
          "bbox": [
            734.5748987854251,
            259.4331983805668,
            863.5627530364372,
            355.6275303643725
          ],
          "category": "car",
          "category ID": 3,
          "trunc": false
        },
        {
          "obj_track_id": 59,
          "bbox": [
            844.6153846153846,
            0,
            1280.0,
            488.2591093117409
          ],
          "category": "truck",
          "category ID": 5,
          "trunc": true
        }
      ]
    },
    {
      "frame_id": 53,
      "image_path": "frames/ruiSuGHJf6Q_002357/images/000053.jpg",
      "accident_id": 2,
      "accident_name": "moving_ahead_or_waiting",
      "objects": [
        {
          "obj_track_id": 0,
          "bbox": [
            728.744939271255,
            260.8906882591093,
            857.7327935222672,
            348.3400809716599
          ],
          "category": "car",
          "category ID": 3,
          "trunc": false
        },
        {
          "obj_track_id": 59,
          "bbox": [
            840.9716599190283,
            0,
            1280.0,
            477.32793522267207
          ],
          "category": "truck",
          "category ID": 5,
          "trunc": true
        }
      ]
    },
    {
      "frame_id": 54,
      "image_path": "frames/ruiSuGHJf6Q_002357/images/000054.jpg",
      "accident_id": 2,
      "accident_name": "moving_ahead_or_waiting",
      "objects": [
        {
          "obj_track_id": 0,
          "bbox": [
            724.3724696356276,
            261.6194331983806,
            843.1578947368421,
            345.4251012145749
          ],
          "category": "car",
          "category ID": 3,
          "trunc": false
        },
        {
          "obj_track_id": 59,
          "bbox": [
            837.3279352226721,
            0,
            1280.0,
            469.31174089068827
          ],
          "category": "truck",
          "category ID": 5,
          "trunc": true
        }
      ]
    },
    {
      "frame_id": 55,
      "image_path": "frames/ruiSuGHJf6Q_002357/images/000055.jpg",
      "accident_id": 2,
      "accident_name": "moving_ahead_or_waiting",
      "objects": [
        {
          "obj_track_id": 0,
          "bbox": [
            720.7287449392712,
            262.3481781376518,
            836.5991902834008,
            343.2388663967611
          ],
          "category": "car",
          "category ID": 3,
          "trunc": false
        },
        {
          "obj_track_id": 59,
          "bbox": [
            833.6842105263158,
            8.016194331983806,
            1280.0,
            459.1093117408907
          ],
          "category": "truck",
          "category ID": 5,
          "trunc": true
        }
      ]
    },
    {
      "frame_id": 56,
      "image_path": "frames/ruiSuGHJf6Q_002357/images/000056.jpg",
      "accident_id": 2,
      "accident_name": "moving_ahead_or_waiting",
      "objects": [
        {
          "obj_track_id": 0,
          "bbox": [
            716.3562753036438,
            263.0769230769231,
            830.0404858299595,
            344.69635627530363
          ],
          "category": "car",
          "category ID": 3,
          "trunc": false
        },
        {
          "obj_track_id": 59,
          "bbox": [
            831.497975708502,
            18.94736842105263,
            1280.0,
            451.0931174089069
          ],
          "category": "truck",
          "category ID": 5,
          "trunc": true
        }
      ]
    },
    {
      "frame_id": 57,
      "image_path": "frames/ruiSuGHJf6Q_002357/images/000057.jpg",
      "accident_id": 2,
      "accident_name": "moving_ahead_or_waiting",
      "objects": [
        {
          "obj_track_id": 0,
          "bbox": [
            714.17004048583,
            263.8056680161943,
            821.2955465587045,
            342.5101214574899
          ],
          "category": "car",
          "category ID": 3,
          "trunc": false
        },
        {
          "obj_track_id": 59,
          "bbox": [
            828.582995951417,
            26.963562753036438,
            1280.0,
            450.36437246963555
          ],
          "category": "truck",
          "category ID": 5,
          "trunc": true
        }
      ]
    },
    {
      "frame_id": 58,
      "image_path": "frames/ruiSuGHJf6Q_002357/images/000058.jpg",
      "accident_id": 0,
      "accident_name": "normal",
      "objects": []
    },
    {
      "frame_id": 59,
      "image_path": "frames/ruiSuGHJf6Q_002357/images/000059.jpg",
      "accident_id": 0,
      "accident_name": "normal",
      "objects": []
    },
    {
      "frame_id": 60,
      "image_path": "frames/ruiSuGHJf6Q_002357/images/000060.jpg",
      "accident_id": 0,
      "accident_name": "normal",
      "objects": []
    },
    {
      "frame_id": 61,
      "image_path": "frames/ruiSuGHJf6Q_002357/images/000061.jpg",
      "accident_id": 0,
      "accident_name": "normal",
      "objects": []
    },
    {
      "frame_id": 62,
      "image_path": "frames/ruiSuGHJf6Q_002357/images/000062.jpg",
      "accident_id": 0,
      "accident_name": "normal",
      "objects": []
    },
    {
      "frame_id": 63,
      "image_path": "frames/ruiSuGHJf6Q_002357/images/000063.jpg",
      "accident_id": 0,
      "accident_name": "normal",
      "objects": []
    },
    {
      "frame_id": 64,
      "image_path": "frames/ruiSuGHJf6Q_002357/images/000064.jpg",
      "accident_id": 0,
      "accident_name": "normal",
      "objects": []
    },
    {
      "frame_id": 65,
      "image_path": "frames/ruiSuGHJf6Q_002357/images/000065.jpg",
      "accident_id": 0,
      "accident_name": "normal",
      "objects": []
    },
    {
      "frame_id": 66,
      "image_path": "frames/ruiSuGHJf6Q_002357/images/000066.jpg",
      "accident_id": 0,
      "accident_name": "normal",
      "objects": []
    },
    {
      "frame_id": 67,
      "image_path": "frames/ruiSuGHJf6Q_002357/images/000067.jpg",
      "accident_id": 0,
      "accident_name": "normal",
      "objects": []
    },
    {
      "frame_id": 68,
      "image_path": "frames/ruiSuGHJf6Q_002357/images/000068.jpg",
      "accident_id": 0,
      "accident_name": "normal",
      "objects": []
    },
    {
      "frame_id": 69,
      "image_path": "frames/ruiSuGHJf6Q_002357/images/000069.jpg",
      "accident_id": 0,
      "accident_name": "normal",
      "objects": []
    },
    {
      "frame_id": 70,
      "image_path": "frames/ruiSuGHJf6Q_002357/images/000070.jpg",
      "accident_id": 0,
      "accident_name": "normal",
      "objects": []
    },
    {
      "frame_id": 71,
      "image_path": "frames/ruiSuGHJf6Q_002357/images/000071.jpg",
      "accident_id": 0,
      "accident_name": "normal",
      "objects": []
    },
    {
      "frame_id": 72,
      "image_path": "frames/ruiSuGHJf6Q_002357/images/000072.jpg",
      "accident_id": 0,
      "accident_name": "normal",
      "objects": []
    },
    {
      "frame_id": 73,
      "image_path": "frames/ruiSuGHJf6Q_002357/images/000073.jpg",
      "accident_id": 0,
      "accident_name": "normal",
      "objects": []
    },
    {
      "frame_id": 74,
      "image_path": "frames/ruiSuGHJf6Q_002357/images/000074.jpg",
      "accident_id": 0,
      "accident_name": "normal",
      "objects": []
    },
    {
      "frame_id": 75,
      "image_path": "frames/ruiSuGHJf6Q_002357/images/000075.jpg",
      "accident_id": 0,
      "accident_name": "normal",
      "objects": []
    },
    {
      "frame_id": 76,
      "image_path": "frames/ruiSuGHJf6Q_002357/images/000076.jpg",
      "accident_id": 0,
      "accident_name": "normal",
      "objects": []
    },
    {
      "frame_id": 77,
      "image_path": "frames/ruiSuGHJf6Q_002357/images/000077.jpg",
      "accident_id": 0,
      "accident_name": "normal",
      "objects": []
    },
    {
      "frame_id": 78,
      "image_path": "frames/ruiSuGHJf6Q_002357/images/000078.jpg",
      "accident_id": 0,
      "accident_name": "normal",
      "objects": []
    },
    {
      "frame_id": 79,
      "image_path": "frames/ruiSuGHJf6Q_002357/images/000079.jpg",
      "accident_id": 0,
      "accident_name": "normal",
      "objects": []
    },
    {
      "frame_id": 80,
      "image_path": "frames/ruiSuGHJf6Q_002357/images/000080.jpg",
      "accident_id": 0,
      "accident_name": "normal",
      "objects": []
    },
    {
      "frame_id": 81,
      "image_path": "frames/ruiSuGHJf6Q_002357/images/000081.jpg",
      "accident_id": 0,
      "accident_name": "normal",
      "objects": []
    },
    {
      "frame_id": 82,
      "image_path": "frames/ruiSuGHJf6Q_002357/images/000082.jpg",
      "accident_id": 0,
      "accident_name": "normal",
      "objects": []
    },
    {
      "frame_id": 83,
      "image_path": "frames/ruiSuGHJf6Q_002357/images/000083.jpg",
      "accident_id": 0,
      "accident_name": "normal",
      "objects": []
    },
    {
      "frame_id": 84,
      "image_path": "frames/ruiSuGHJf6Q_002357/images/000084.jpg",
      "accident_id": 0,
      "accident_name": "normal",
      "objects": []
    },
    {
      "frame_id": 85,
      "image_path": "frames/ruiSuGHJf6Q_002357/images/000085.jpg",
      "accident_id": 0,
      "accident_name": "normal",
      "objects": []
    },
    {
      "frame_id": 86,
      "image_path": "frames/ruiSuGHJf6Q_002357/images/000086.jpg",
      "accident_id": 0,
      "accident_name": "normal",
      "objects": []
    },
    {
      "frame_id": 87,
      "image_path": "frames/ruiSuGHJf6Q_002357/images/000087.jpg",
      "accident_id": 0,
      "accident_name": "normal",
      "objects": []
    },
    {
      "frame_id": 88,
      "image_path": "frames/ruiSuGHJf6Q_002357/images/000088.jpg",
      "accident_id": 0,
      "accident_name": "normal",
      "objects": []
    }
  ]
}