{
  "video_name": "t4Cvbdtebk0_001262",
  "channel": "CarCrashesTime",
  "num_frames": 122,
  "ignore": false,
  "ego_involve": false,
  "night": false,
  "anomaly_start": 37,
  "anomaly_end": 77,
  "video_start": 1262,
  "video_end": 1383,
  "accident_id": "5",
  "accident_name": "turning",
  "labels": [
    {
      "frame_id": 0,
      "image_path": "frames/t4Cvbdtebk0_001262/images/000000.jpg",
      "accident_id": 0,
      "accident_name": "normal",
      "objects": []
    },
    {
      "frame_id": 1,
      "image_path": "frames/t4Cvbdtebk0_001262/images/000001.jpg",
      "accident_id": 0,
      "accident_name": "normal",
      "objects": []
    },
    {
      "frame_id": 2,
      "image_path": "frames/t4Cvbdtebk0_001262/images/000002.jpg",
      "accident_id": 0,
      "accident_name": "normal",
      "objects": []
    },
    {
      "frame_id": 3,
      "image_path": "frames/t4Cvbdtebk0_001262/images/000003.jpg",
      "accident_id": 0,
      "accident_name": "normal",
      "objects": []
    },
    {
      "frame_id": 4,
      "image_path": "frames/t4Cvbdtebk0_001262/images/000004.jpg",
      "accident_id": 0,
      "accident_name": "normal",
      "objects": []
    },
    {
      "frame_id": 5,
      "image_path": "frames/t4Cvbdtebk0_001262/images/000005.jpg",
      "accident_id": 0,
      "accident_name": "normal",
      "objects": []
    },
    {
      "frame_id": 6,
      "image_path": "frames/t4Cvbdtebk0_001262/images/000006.jpg",
      "accident_id": 0,
      "accident_name": "normal",
      "objects": []
    },
    {
      "frame_id": 7,
      "image_path": "frames/t4Cvbdtebk0_001262/images/000007.jpg",
      "accident_id": 0,
      "accident_name": "normal",
      "objects": []
    },
    {
      "frame_id": 8,
      "image_path": "frames/t4Cvbdtebk0_001262/images/000008.jpg",
      "accident_id": 0,
      "accident_name": "normal",
      "objects": []
    },
    {
      "frame_id": 9,
      "image_path": "frames/t4Cvbdtebk0_001262/images/000009.jpg",
      "accident_id": 0,
      "accident_name": "normal",
      "objects": []
    },
    {
      "frame_id": 10,
      "image_path": "frames/t4Cvbdtebk0_001262/images/000010.jpg",
      "accident_id": 0,
      "accident_name": "normal",
      "objects": []
    },
    {
      "frame_id": 11,
      "image_path": "frames/t4Cvbdtebk0_001262/images/000011.jpg",
      "accident_id": 0,
      "accident_name": "normal",
      "objects": []
    },
    {
      "frame_id": 12,
      "image_path": "frames/t4Cvbdtebk0_001262/images/000012.jpg",
      "accident_id": 0,
      "accident_name": "normal",
      "objects": []
    },
    {
      "frame_id": 13,
      "image_path": "frames/t4Cvbdtebk0_001262/images/000013.jpg",
      "accident_id": 0,
      "accident_name": "normal",
      "objects": []
    },
    {
      "frame_id": 14,
      "image_path": "frames/t4Cvbdtebk0_001262/images/000014.jpg",
      "accident_id": 0,
      "accident_name": "normal",
      "objects": []
    },
    {
      "frame_id": 15,
      "image_path": "frames/t4Cvbdtebk0_001262/images/000015.jpg",
      "accident_id": 0,
      "accident_name": "normal",
      "objects": []
    },
    {
      "frame_id": 16,
      "image_path": "frames/t4Cvbdtebk0_001262/images/000016.jpg",
      "accident_id": 0,
      "accident_name": "normal",
      "objects": []
    },
    {
      "frame_id": 17,
      "image_path": "frames/t4Cvbdtebk0_001262/images/000017.jpg",
      "accident_id": 0,
      "accident_name": "normal",
      "objects": []
    },
    {
      "frame_id": 18,
      "image_path": "frames/t4Cvbdtebk0_001262/images/000018.jpg",
      "accident_id": 0,
      "accident_name": "normal",
      "objects": []
    },
    {
      "frame_id": 19,
      "image_path": "frames/t4Cvbdtebk0_001262/images/000019.jpg",
      "accident_id": 0,
      "accident_name": "normal",
      "objects": []
    },
    {
      "frame_id": 20,
      "image_path": "frames/t4Cvbdtebk0_001262/images/000020.jpg",
      "accident_id": 0,
      "accident_name": "normal",
      "objects": []
    },
    {
      "frame_id": 21,
      "image_path": "frames/t4Cvbdtebk0_001262/images/000021.jpg",
      "accident_id": 0,
      "accident_name": "normal",
      "objects": []
    },
    {
      "frame_id": 22,
      "image_path": "frames/t4Cvbdtebk0_001262/images/000022.jpg",
      "accident_id": 0,
      "accident_name": "normal",
      "objects": []
    },
    {
      "frame_id": 23,
      "image_path": "frames/t4Cvbdtebk0_001262/images/000023.jpg",
      "accident_id": 0,
      "accident_name": "normal",
      "objects": []
    },
    {
      "frame_id": 24,
      "image_path": "frames/t4Cvbdtebk0_001262/images/000024.jpg",
      "accident_id": 0,
      "accident_name": "normal",
      "objects": []
    },
    {
      "frame_id": 25,
      "image_path": "frames/t4Cvbdtebk0_001262/images/000025.jpg",
      "accident_id": 0,
      "accident_name": "normal",
      "objects": []
    },
    {
      "frame_id": 26,
      "image_path": "frames/t4Cvbdtebk0_001262/images/000026.jpg",
      "accident_id": 0,
      "accident_name": "normal",
      "objects": []
    },
    {
      "frame_id": 27,
      "image_path": "frames/t4Cvbdtebk0_001262/images/000027.jpg",
      "accident_id": 0,
      "accident_name": "normal",
      "objects": []
    },
    {
      "frame_id": 28,
      "image_path": "frames/t4Cvbdtebk0_001262/images/000028.jpg",
      "accident_id": 0,
      "accident_name": "normal",
      "objects": []
    },
    {
      "frame_id": 29,
      "image_path": "frames/t4Cvbdtebk0_001262/images/000029.jpg",
      "accident_id": 0,
      "accident_name": "normal",
      "objects": []
    },
    {
      "frame_id": 30,
      "image_path": "frames/t4Cvbdtebk0_001262/images/000030.jpg",
      "accident_id": 0,
      "accident_name": "normal",
      "objects": []
    },
    {
      "frame_id": 31,
      "image_path": "frames/t4Cvbdtebk0_001262/images/000031.jpg",
      "accident_id": 0,
      "accident_name": "normal",
      "objects": []
    },
    {
      "frame_id": 32,
      "image_path": "frames/t4Cvbdtebk0_001262/images/000032.jpg",
      "accident_id": 0,
      "accident_name": "normal",
      "objects": []
    },
    {
      "frame_id": 33,
      "image_path": "frames/t4Cvbdtebk0_001262/images/000033.jpg",
      "accident_id": 0,
      "accident_name": "normal",
      "objects": []
    },
    {
      "frame_id": 34,
      "image_path": "frames/t4Cvbdtebk0_001262/images/000034.jpg",
      "accident_id": 0,
      "accident_name": "normal",
      "objects": []
    },
    {
      "frame_id": 35,
      "image_path": "frames/t4Cvbdtebk0_001262/images/000035.jpg",
      "accident_id": 0,
      "accident_name": "normal",
      "objects": []
    },
    {
      "frame_id": 36,
      "image_path": "frames/t4Cvbdtebk0_001262/images/000036.jpg",
      "accident_id": 0,
      "accident_name": "normal",
      "objects": []
    },
    {
      "frame_id": 37,
      "image_path": "frames/t4Cvbdtebk0_001262/images/000037.jpg",
      "accident_id": 5,
      "accident_name": "turning",
      "objects": [
        {
          "obj_track_id": 0,
          "bbox": [
            65.29625151148731,
            381.3301088270859,
            304.7158403869408,
            502.34582829504234
          ],
          "category": "truck",
          "category ID": 5,
          "trunc": false
        },
        {
          "obj_track_id": 90,
          "bbox": [
            536.2998790810158,
            440.53204353083436,
            592.8899637243047,
            482.32164449818623
          ],
          "category": "car",
          "category ID": 3,
          "trunc": false
        }
      ]
    },
    {
      "frame_id": 38,
      "image_path": "frames/t4Cvbdtebk0_001262/images/000038.jpg",
      "accident_id": 5,
      "accident_name": "turning",
      "objects": [
        {
          "obj_track_id": 0,
          "bbox": [
            64.42563482466748,
            378.7182587666264,
            309.0689238210399,
            505.82829504232166
          ],
          "category": "truck",
          "category ID": 5,
          "trunc": false
        },
        {
          "obj_track_id": 90,
          "bbox": [
            529.334945586457,
            441.4026602176542,
            585.925030229746,
            484.0628778718259
          ],
          "category": "car",
          "category ID": 3,
          "trunc": false
        }
      ]
    },
    {
      "frame_id": 39,
      "image_path": "frames/t4Cvbdtebk0_001262/images/000039.jpg",
      "accident_id": 5,
      "accident_name": "turning",
      "objects": [
        {
          "obj_track_id": 0,
          "bbox": [
            60.07255139056832,
            380.45949214026604,
            317.77509068923825,
            504.087061668682
          ],
          "category": "truck",
          "category ID": 5,
          "trunc": false
        },
        {
          "obj_track_id": 90,
          "bbox": [
            519.7581620314389,
            436.17896009673524,
            585.0544135429262,
            482.32164449818623
          ],
          "category": "car",
          "category ID": 3,
          "trunc": false
        }
      ]
    },
    {
      "frame_id": 40,
      "image_path": "frames/t4Cvbdtebk0_001262/images/000040.jpg",
      "accident_id": 5,
      "accident_name": "turning",
      "objects": [
        {
          "obj_track_id": 0,
          "bbox": [
            60.94316807738815,
            372.6239419588876,
            324.7400241837969,
            502.34582829504234
          ],
          "category": "truck",
          "category ID": 5,
          "trunc": false
        },
        {
          "obj_track_id": 90,
          "bbox": [
            506.6989117291414,
            431.82587666263606,
            577.2188633615478,
            484.0628778718259
          ],
          "category": "car",
          "category ID": 3,
          "trunc": false
        }
      ]
    },
    {
      "frame_id": 41,
      "image_path": "frames/t4Cvbdtebk0_001262/images/000041.jpg",
      "accident_id": 5,
      "accident_name": "turning",
      "objects": [
        {
          "obj_track_id": 0,
          "bbox": [
            70.51995163240629,
            380.45949214026604,
            335.18742442563484,
            515.4050785973399
          ],
          "category": "truck",
          "category ID": 5,
          "trunc": false
        },
        {
          "obj_track_id": 90,
          "bbox": [
            497.12212817412336,
            431.82587666263606,
            570.2539298669892,
            484.93349455864575
          ],
          "category": "car",
          "category ID": 3,
          "trunc": false
        }
      ]
    },
    {
      "frame_id": 42,
      "image_path": "frames/t4Cvbdtebk0_001262/images/000042.jpg",
      "accident_id": 5,
      "accident_name": "turning",
      "objects": [
        {
          "obj_track_id": 0,
          "bbox": [
            74.87303506650545,
            378.7182587666264,
            344.764207980653,
            518.0169286577993
          ],
          "category": "truck",
          "category ID": 5,
          "trunc": false
        },
        {
          "obj_track_id": 90,
          "bbox": [
            479.7097944377267,
            433.5671100362757,
            565.0302297460702,
            492.76904474002424
          ],
          "category": "car",
          "category ID": 3,
          "trunc": false
        }
      ]
    },
    {
      "frame_id": 43,
      "image_path": "frames/t4Cvbdtebk0_001262/images/000043.jpg",
      "accident_id": 5,
      "accident_name": "turning",
      "objects": [
        {
          "obj_track_id": 0,
          "bbox": [
            75.74365175332528,
            383.07134220072555,
            356.9528415961306,
            517.1463119709795
          ],
          "category": "truck",
          "category ID": 5,
          "trunc": false
        },
        {
          "obj_track_id": 90,
          "bbox": [
            459.68561064087066,
            431.82587666263606,
            563.2889963724305,
            501.47521160822254
          ],
          "category": "car",
          "category ID": 3,
          "trunc": false
        }
      ]
    },
    {
      "frame_id": 44,
      "image_path": "frames/t4Cvbdtebk0_001262/images/000044.jpg",
      "accident_id": 5,
      "accident_name": "turning",
      "objects": [
        {
          "obj_track_id": 0,
          "bbox": [
            75.74365175332528,
            373.4945586457074,
            373.49455864570734,
            517.1463119709795
          ],
          "category": "truck",
          "category ID": 5,
          "trunc": false
        },
        {
          "obj_track_id": 90,
          "bbox": [
            440.53204353083436,
            424.8609431680774,
            548.4885126964934,
            504.087061668682
          ],
          "category": "car",
          "category ID": 3,
          "trunc": false
        }
      ]
    },
    {
      "frame_id": 45,
      "image_path": "frames/t4Cvbdtebk0_001262/images/000045.jpg",
      "accident_id": 5,
      "accident_name": "turning",
      "objects": [
        {
          "obj_track_id": 0,
          "bbox": [
            84.44981862152359,
            373.4945586457074,
            390.0362756952842,
            524.1112454655381
          ],
          "category": "truck",
          "category ID": 5,
          "trunc": false
        },
        {
          "obj_track_id": 90,
          "bbox": [
            416.1547762998791,
            424.8609431680774,
            536.2998790810158,
            518.0169286577993
          ],
          "category": "car",
          "category ID": 3,
          "trunc": false
        }
      ]
    },
    {
      "frame_id": 46,
      "image_path": "frames/t4Cvbdtebk0_001262/images/000046.jpg",
      "accident_id": 5,
      "accident_name": "turning",
      "objects": [
        {
          "obj_track_id": 0,
          "bbox": [
            87.93228536880291,
            369.1414752116082,
            400.48367593712214,
            529.3349455864571
          ],
          "category": "truck",
          "category ID": 5,
          "trunc": false
        },
        {
          "obj_track_id": 90,
          "bbox": [
            392.64812575574365,
            421.3784764207981,
            525.8524788391778,
            528.4643288996373
          ],
          "category": "car",
          "category ID": 3,
          "trunc": false
        }
      ]
    },
    {
      "frame_id": 47,
      "image_path": "frames/t4Cvbdtebk0_001262/images/000047.jpg",
      "accident_id": 5,
      "accident_name": "turning",
      "objects": [
        {
          "obj_track_id": 0,
          "bbox": [
            87.06166868198308,
            369.1414752116082,
            396.130592503023,
            531.0761789600967
          ],
          "category": "truck",
          "category ID": 5,
          "trunc": false
        },
        {
          "obj_track_id": 90,
          "bbox": [
            369.1414752116082,
            416.15477629987913,
            526.7230955259976,
            541.5235792019347
          ],
          "category": "car",
          "category ID": 3,
          "trunc": false
        }
      ]
    },
    {
      "frame_id": 48,
      "image_path": "frames/t4Cvbdtebk0_001262/images/000048.jpg",
      "accident_id": 5,
      "accident_name": "turning",
      "objects": [
        {
          "obj_track_id": 0,
          "bbox": [
            88.80290205562274,
            367.40024183796857,
            392.8718703976436,
            531.0761789600967
          ],
          "category": "truck",
          "category ID": 5,
          "trunc": false
        },
        {
          "obj_track_id": 90,
          "bbox": [
            352.5997581620315,
            409.18984280532044,
            543.2648125755744,
            558.9359129383314
          ],
          "category": "car",
          "category ID": 3,
          "trunc": false
        }
      ]
    },
    {
      "frame_id": 49,
      "image_path": "frames/t4Cvbdtebk0_001262/images/000049.jpg",
      "accident_id": 5,
      "accident_name": "turning",
      "objects": [
        {
          "obj_track_id": 0,
          "bbox": [
            88.80290205562274,
            365.6590084643289,
            371.6642120765832,
            518.8875453446192
          ],
          "category": "truck",
          "category ID": 5,
          "trunc": false
        },
        {
          "obj_track_id": 90,
          "bbox": [
            322.99879081015723,
            394.38935912938337,
            568.5126964933495,
            591.1487303506651
          ],
          "category": "car",
          "category ID": 3,
          "trunc": false
        }
      ]
    },
    {
      "frame_id": 50,
      "image_path": "frames/t4Cvbdtebk0_001262/images/000050.jpg",
      "accident_id": 5,
      "accident_name": "turning",
      "objects": [
        {
          "obj_track_id": 0,
          "bbox": [
            88.80290205562274,
            365.6590084643289,
            351.5169366715759,
            518.8875453446192
          ],
          "category": "truck",
          "category ID": 5,
          "trunc": false
        },
        {
          "obj_track_id": 90,
          "bbox": [
            268.1499395405079,
            381.3301088270859,
            580.7013301088272,
            631.1970979443773
          ],
          "category": "car",
          "category ID": 3,
          "trunc": false
        }
      ]
    },
    {
      "frame_id": 51,
      "image_path": "frames/t4Cvbdtebk0_001262/images/000051.jpg",
      "accident_id": 5,
      "accident_name": "turning",
      "objects": [
        {
          "obj_track_id": 0,
          "bbox": [
            88.80290205562274,
            365.6590084643289,
            329.24889543446244,
            518.8875453446192
          ],
          "category": "truck",
          "category ID": 5,
          "trunc": false
        },
        {
          "obj_track_id": 90,
          "bbox": [
            169.770253929867,
            368.2708585247884,
            601.5961305925031,
            677.3397823458283
          ],
          "category": "car",
          "category ID": 3,
          "trunc": false
        }
      ]
    },
    {
      "frame_id": 52,
      "image_path": "frames/t4Cvbdtebk0_001262/images/000052.jpg",
      "accident_id": 5,
      "accident_name": "turning",
      "objects": [
        {
          "obj_track_id": 90,
          "bbox": [
            1.7412333736396615,
            350.8585247883918,
            640.7738814993954,
            719.1293833131803
          ],
          "category": "car",
          "category ID": 3,
          "trunc": true
        }
      ]
    },
    {
      "frame_id": 53,
      "image_path": "frames/t4Cvbdtebk0_001262/images/000053.jpg",
      "accident_id": 5,
      "accident_name": "turning",
      "objects": [
        {
          "obj_track_id": 90,
          "bbox": [
            1.7412333736396615,
            470.1330108827086,
            682.5634824667474,
            719.1293833131803
          ],
          "category": "car",
          "category ID": 3,
          "trunc": true
        }
      ]
    },
    {
      "frame_id": 54,
      "image_path": "frames/t4Cvbdtebk0_001262/images/000054.jpg",
      "accident_id": 5,
      "accident_name": "turning",
      "objects": [
        {
          "obj_track_id": 90,
          "bbox": [
            1.7412333736396615,
            146.26360338573156,
            625.1027811366384,
            431.8258766626361
          ],
          "category": "car",
          "category ID": 3,
          "trunc": true
        }
      ]
    },
    {
      "frame_id": 55,
      "image_path": "frames/t4Cvbdtebk0_001262/images/000055.jpg",
      "accident_id": 5,
      "accident_name": "turning",
      "objects": [
        {
          "obj_track_id": 90,
          "bbox": [
            1.7412333736396615,
            104.4740024183797,
            554.5828295042322,
            404.0058910162003
          ],
          "category": "car",
          "category ID": 3,
          "trunc": true
        }
      ]
    },
    {
      "frame_id": 56,
      "image_path": "frames/t4Cvbdtebk0_001262/images/000056.jpg",
      "accident_id": 5,
      "accident_name": "turning",
      "objects": [
        {
          "obj_track_id": 90,
          "bbox": [
            1.7412333736396615,
            111.43893591293833,
            484.0628778718259,
            400.82474226804123
          ],
          "category": "car",
          "category ID": 3,
          "trunc": true
        }
      ]
    },
    {
      "frame_id": 57,
      "image_path": "frames/t4Cvbdtebk0_001262/images/000057.jpg",
      "accident_id": 5,
      "accident_name": "turning",
      "objects": [
        {
          "obj_track_id": 90,
          "bbox": [
            1.7412333736396615,
            69.64933494558646,
            441.4026602176542,
            395.52282768777616
          ],
          "category": "car",
          "category ID": 3,
          "trunc": true
        }
      ]
    },
    {
      "frame_id": 58,
      "image_path": "frames/t4Cvbdtebk0_001262/images/000058.jpg",
      "accident_id": 5,
      "accident_name": "turning",
      "objects": [
        {
          "obj_track_id": 90,
          "bbox": [
            1.7412333736396615,
            17.412333736396615,
            470.1330108827086,
            401.88512518409425
          ],
          "category": "car",
          "category ID": 3,
          "trunc": true
        }
      ]
    },
    {
      "frame_id": 59,
      "image_path": "frames/t4Cvbdtebk0_001262/images/000059.jpg",
      "accident_id": 5,
      "accident_name": "turning",
      "objects": [
        {
          "obj_track_id": 90,
          "bbox": [
            1.7412333736396615,
            2.6118500604594925,
            565.90084643289,
            396.5832106038292
          ],
          "category": "car",
          "category ID": 3,
          "trunc": true
        }
      ]
    },
    {
      "frame_id": 60,
      "image_path": "frames/t4Cvbdtebk0_001262/images/000060.jpg",
      "accident_id": 5,
      "accident_name": "turning",
      "objects": [
        {
          "obj_track_id": 90,
          "bbox": [
            65.29625151148731,
            33.9540507859734,
            698.2345828295042,
            398.7039764359352
          ],
          "category": "car",
          "category ID": 3,
          "trunc": false
        }
      ]
    },
    {
      "frame_id": 61,
      "image_path": "frames/t4Cvbdtebk0_001262/images/000061.jpg",
      "accident_id": 5,
      "accident_name": "turning",
      "objects": [
        {
          "obj_track_id": 90,
          "bbox": [
            139.29866989117292,
            27.859733978234583,
            711.2938331318018,
            398.7039764359352
          ],
          "category": "car",
          "category ID": 3,
          "trunc": false
        }
      ]
    },
    {
      "frame_id": 62,
      "image_path": "frames/t4Cvbdtebk0_001262/images/000062.jpg",
      "accident_id": 5,
      "accident_name": "turning",
      "objects": [
        {
          "obj_track_id": 90,
          "bbox": [
            218.52478839177752,
            40.048367593712214,
            763.5308343409916,
            389.160530191458
          ],
          "category": "car",
          "category ID": 3,
          "trunc": false
        }
      ]
    },
    {
      "frame_id": 63,
      "image_path": "frames/t4Cvbdtebk0_001262/images/000063.jpg",
      "accident_id": 5,
      "accident_name": "turning",
      "objects": [
        {
          "obj_track_id": 90,
          "bbox": [
            265.53808948004837,
            43.53083434099154,
            811.4147521160822,
            370.0736377025037
          ],
          "category": "car",
          "category ID": 3,
          "trunc": false
        }
      ]
    },
    {
      "frame_id": 64,
      "image_path": "frames/t4Cvbdtebk0_001262/images/000064.jpg",
      "accident_id": 5,
      "accident_name": "turning",
      "objects": [
        {
          "obj_track_id": 90,
          "bbox": [
            336.9286577992745,
            38.307134220072555,
            893.2527206771465,
            376.4359351988218
          ],
          "category": "car",
          "category ID": 3,
          "trunc": false
        }
      ]
    },
    {
      "frame_id": 65,
      "image_path": "frames/t4Cvbdtebk0_001262/images/000065.jpg",
      "accident_id": 5,
      "accident_name": "turning",
      "objects": [
        {
          "obj_track_id": 90,
          "bbox": [
            402.2249093107618,
            47.013301088270865,
            961.1608222490931,
            405.7073760580411
          ],
          "category": "car",
          "category ID": 3,
          "trunc": false
        }
      ]
    },
    {
      "frame_id": 66,
      "image_path": "frames/t4Cvbdtebk0_001262/images/000066.jpg",
      "accident_id": 5,
      "accident_name": "turning",
      "objects": [
        {
          "obj_track_id": 90,
          "bbox": [
            456.20314389359135,
            61.81378476420799,
            1008.174123337364,
            405.7073760580411
          ],
          "category": "car",
          "category ID": 3,
          "trunc": false
        }
      ]
    },
    {
      "frame_id": 67,
      "image_path": "frames/t4Cvbdtebk0_001262/images/000067.jpg",
      "accident_id": 5,
      "accident_name": "turning",
      "objects": [
        {
          "obj_track_id": 90,
          "bbox": [
            504.087061668682,
            74.00241837968562,
            1045.6106408706169,
            405.7073760580412
          ],
          "category": "car",
          "category ID": 3,
          "trunc": false
        }
      ]
    },
    {
      "frame_id": 68,
      "image_path": "frames/t4Cvbdtebk0_001262/images/000068.jpg",
      "accident_id": 5,
      "accident_name": "turning",
      "objects": [
        {
          "obj_track_id": 90,
          "bbox": [
            542.3941958887546,
            75.74365175332528,
            1057.7992744860944,
            405.7073760580412
          ],
          "category": "car",
          "category ID": 3,
          "trunc": false
        }
      ]
    },
    {
      "frame_id": 69,
      "image_path": "frames/t4Cvbdtebk0_001262/images/000069.jpg",
      "accident_id": 5,
      "accident_name": "turning",
      "objects": [
        {
          "obj_track_id": 90,
          "bbox": [
            571.124546553809,
            98.37968561064088,
            1067.3760580411126,
            390.0362756952842
          ],
          "category": "car",
          "category ID": 3,
          "trunc": false
        }
      ]
    },
    {
      "frame_id": 70,
      "image_path": "frames/t4Cvbdtebk0_001262/images/000070.jpg",
      "accident_id": 5,
      "accident_name": "turning",
      "objects": [
        {
          "obj_track_id": 90,
          "bbox": [
            590.2781136638453,
            80.09673518742443,
            1067.3760580411126,
            390.0362756952842
          ],
          "category": "car",
          "category ID": 3,
          "trunc": false
        }
      ]
    },
    {
      "frame_id": 71,
      "image_path": "frames/t4Cvbdtebk0_001262/images/000071.jpg",
      "accident_id": 5,
      "accident_name": "turning",
      "objects": [
        {
          "obj_track_id": 90,
          "bbox": [
            611.1729141475212,
            95.76783555018139,
            1067.3760580411126,
            374.3651753325273
          ],
          "category": "car",
          "category ID": 3,
          "trunc": false
        }
      ]
    },
    {
      "frame_id": 72,
      "image_path": "frames/t4Cvbdtebk0_001262/images/000072.jpg",
      "accident_id": 5,
      "accident_name": "turning",
      "objects": [
        {
          "obj_track_id": 90,
          "bbox": [
            631.1970979443773,
            114.92140266021767,
            1076.9528415961306,
            374.3651753325273
          ],
          "category": "car",
          "category ID": 3,
          "trunc": false
        }
      ]
    },
    {
      "frame_id": 73,
      "image_path": "frames/t4Cvbdtebk0_001262/images/000073.jpg",
      "accident_id": 5,
      "accident_name": "turning",
      "objects": [
        {
          "obj_track_id": 90,
          "bbox": [
            648.6094316807739,
            110.5683192261185,
            1081.30592503023,
            363.04715840386945
          ],
          "category": "car",
          "category ID": 3,
          "trunc": false
        }
      ]
    },
    {
      "frame_id": 74,
      "image_path": "frames/t4Cvbdtebk0_001262/images/000074.jpg",
      "accident_id": 5,
      "accident_name": "turning",
      "objects": [
        {
          "obj_track_id": 90,
          "bbox": [
            662.5392986698912,
            121.01571946795647,
            1086.5296251511488,
            358.69407496977027
          ],
          "category": "car",
          "category ID": 3,
          "trunc": false
        }
      ]
    },
    {
      "frame_id": 75,
      "image_path": "frames/t4Cvbdtebk0_001262/images/000075.jpg",
      "accident_id": 5,
      "accident_name": "turning",
      "objects": [
        {
          "obj_track_id": 90,
          "bbox": [
            675.5985489721887,
            131.46311970979446,
            1086.5296251511488,
            364.7883917775091
          ],
          "category": "car",
          "category ID": 3,
          "trunc": false
        }
      ]
    },
    {
      "frame_id": 76,
      "image_path": "frames/t4Cvbdtebk0_001262/images/000076.jpg",
      "accident_id": 5,
      "accident_name": "turning",
      "objects": [
        {
          "obj_track_id": 90,
          "bbox": [
            685.1753325272068,
            131.46311970979446,
            1086.5296251511488,
            351.72914147521163
          ],
          "category": "car",
          "category ID": 3,
          "trunc": false
        }
      ]
    },
    {
      "frame_id": 77,
      "image_path": "frames/t4Cvbdtebk0_001262/images/000077.jpg",
      "accident_id": 0,
      "accident_name": "normal",
      "objects": []
    },
    {
      "frame_id": 78,
      "image_path": "frames/t4Cvbdtebk0_001262/images/000078.jpg",
      "accident_id": 0,
      "accident_name": "normal",
      "objects": []
    },
    {
      "frame_id": 79,
      "image_path": "frames/t4Cvbdtebk0_001262/images/000079.jpg",
      "accident_id": 0,
      "accident_name": "normal",
      "objects": []
    },
    {
      "frame_id": 80,
      "image_path": "frames/t4Cvbdtebk0_001262/images/000080.jpg",
      "accident_id": 0,
      "accident_name": "normal",
      "objects": []
    },
    {
      "frame_id": 81,
      "image_path": "frames/t4Cvbdtebk0_001262/images/000081.jpg",
      "accident_id": 0,
      "accident_name": "normal",
      "objects": []
    },
    {
      "frame_id": 82,
      "image_path": "frames/t4Cvbdtebk0_001262/images/000082.jpg",
      "accident_id": 0,
      "accident_name": "normal",
      "objects": []
    },
    {
      "frame_id": 83,
      "image_path": "frames/t4Cvbdtebk0_001262/images/000083.jpg",
      "accident_id": 0,
      "accident_name": "normal",
      "objects": []
    },
    {
      "frame_id": 84,
      "image_path": "frames/t4Cvbdtebk0_001262/images/000084.jpg",
      "accident_id": 0,
      "accident_name": "normal",
      "objects": []
    },
    {
      "frame_id": 85,
      "image_path": "frames/t4Cvbdtebk0_001262/images/000085.jpg",
      "accident_id": 0,
      "accident_name": "normal",
      "objects": []
    },
    {
      "frame_id": 86,
      "image_path": "frames/t4Cvbdtebk0_001262/images/000086.jpg",
      "accident_id": 0,
      "accident_name": "normal",
      "objects": []
    },
    {
      "frame_id": 87,
      "image_path": "frames/t4Cvbdtebk0_001262/images/000087.jpg",
      "accident_id": 0,
      "accident_name": "normal",
      "objects": []
    },
    {
      "frame_id": 88,
      "image_path": "frames/t4Cvbdtebk0_001262/images/000088.jpg",
      "accident_id": 0,
      "accident_name": "normal",
      "objects": []
    },
    {
      "frame_id": 89,
      "image_path": "frames/t4Cvbdtebk0_001262/images/000089.jpg",
      "accident_id": 0,
      "accident_name": "normal",
      "objects": []
    },
    {
      "frame_id": 90,
      "image_path": "frames/t4Cvbdtebk0_001262/images/000090.jpg",
      "accident_id": 0,
      "accident_name": "normal",
      "objects": []
    },
    {
      "frame_id": 91,
      "image_path": "frames/t4Cvbdtebk0_001262/images/000091.jpg",
      "accident_id": 0,
      "accident_name": "normal",
      "objects": []
    },
    {
      "frame_id": 92,
      "image_path": "frames/t4Cvbdtebk0_001262/images/000092.jpg",
      "accident_id": 0,
      "accident_name": "normal",
      "objects": []
    },
    {
      "frame_id": 93,
      "image_path": "frames/t4Cvbdtebk0_001262/images/000093.jpg",
      "accident_id": 0,
      "accident_name": "normal",
      "objects": []
    },
    {
      "frame_id": 94,
      "image_path": "frames/t4Cvbdtebk0_001262/images/000094.jpg",
      "accident_id": 0,
      "accident_name": "normal",
      "objects": []
    },
    {
      "frame_id": 95,
      "image_path": "frames/t4Cvbdtebk0_001262/images/000095.jpg",
      "accident_id": 0,
      "accident_name": "normal",
      "objects": []
    },
    {
      "frame_id": 96,
      "image_path": "frames/t4Cvbdtebk0_001262/images/000096.jpg",
      "accident_id": 0,
      "accident_name": "normal",
      "objects": []
    },
    {
      "frame_id": 97,
      "image_path": "frames/t4Cvbdtebk0_001262/images/000097.jpg",
      "accident_id": 0,
      "accident_name": "normal",
      "objects": []
    },
    {
      "frame_id": 98,
      "image_path": "frames/t4Cvbdtebk0_001262/images/000098.jpg",
      "accident_id": 0,
      "accident_name": "normal",
      "objects": []
    },
    {
      "frame_id": 99,
      "image_path": "frames/t4Cvbdtebk0_001262/images/000099.jpg",
      "accident_id": 0,
      "accident_name": "normal",
      "objects": []
    },
    {
      "frame_id": 100,
      "image_path": "frames/t4Cvbdtebk0_001262/images/000100.jpg",
      "accident_id": 0,
      "accident_name": "normal",
      "objects": []
    },
    {
      "frame_id": 101,
      "image_path": "frames/t4Cvbdtebk0_001262/images/000101.jpg",
      "accident_id": 0,
      "accident_name": "normal",
      "objects": []
    },
    {
      "frame_id": 102,
      "image_path": "frames/t4Cvbdtebk0_001262/images/000102.jpg",
      "accident_id": 0,
      "accident_name": "normal",
      "objects": []
    },
    {
      "frame_id": 103,
      "image_path": "frames/t4Cvbdtebk0_001262/images/000103.jpg",
      "accident_id": 0,
      "accident_name": "normal",
      "objects": []
    },
    {
      "frame_id": 104,
      "image_path": "frames/t4Cvbdtebk0_001262/images/000104.jpg",
      "accident_id": 0,
      "accident_name": "normal",
      "objects": []
    },
    {
      "frame_id": 105,
      "image_path": "frames/t4Cvbdtebk0_001262/images/000105.jpg",
      "accident_id": 0,
      "accident_name": "normal",
      "objects": []
    },
    {
      "frame_id": 106,
      "image_path": "frames/t4Cvbdtebk0_001262/images/000106.jpg",
      "accident_id": 0,
      "accident_name": "normal",
      "objects": []
    },
    {
      "frame_id": 107,
      "image_path": "frames/t4Cvbdtebk0_001262/images/000107.jpg",
      "accident_id": 0,
      "accident_name": "normal",
      "objects": []
    },
    {
      "frame_id": 108,
      "image_path": "frames/t4Cvbdtebk0_001262/images/000108.jpg",
      "accident_id": 0,
      "accident_name": "normal",
      "objects": []
    },
    {
      "frame_id": 109,
      "image_path": "frames/t4Cvbdtebk0_001262/images/000109.jpg",
      "accident_id": 0,
      "accident_name": "normal",
      "objects": []
    },
    {
      "frame_id": 110,
      "image_path": "frames/t4Cvbdtebk0_001262/images/000110.jpg",
      "accident_id": 0,
      "accident_name": "normal",
      "objects": []
    },
    {
      "frame_id": 111,
      "image_path": "frames/t4Cvbdtebk0_001262/images/000111.jpg",
      "accident_id": 0,
      "accident_name": "normal",
      "objects": []
    },
    {
      "frame_id": 112,
      "image_path": "frames/t4Cvbdtebk0_001262/images/000112.jpg",
      "accident_id": 0,
      "accident_name": "normal",
      "objects": []
    },
    {
      "frame_id": 113,
      "image_path": "frames/t4Cvbdtebk0_001262/images/000113.jpg",
      "accident_id": 0,
      "accident_name": "normal",
      "objects": []
    },
    {
      "frame_id": 114,
      "image_path": "frames/t4Cvbdtebk0_001262/images/000114.jpg",
      "accident_id": 0,
      "accident_name": "normal",
      "objects": []
    },
    {
      "frame_id": 115,
      "image_path": "frames/t4Cvbdtebk0_001262/images/000115.jpg",
      "accident_id": 0,
      "accident_name": "normal",
      "objects": []
    },
    {
      "frame_id": 116,
      "image_path": "frames/t4Cvbdtebk0_001262/images/000116.jpg",
      "accident_id": 0,
      "accident_name": "normal",
      "objects": []
    },
    {
      "frame_id": 117,
      "image_path": "frames/t4Cvbdtebk0_001262/images/000117.jpg",
      "accident_id": 0,
      "accident_name": "normal",
      "objects": []
    },
    {
      "frame_id": 118,
      "image_path": "frames/t4Cvbdtebk0_001262/images/000118.jpg",
      "accident_id": 0,
      "accident_name": "normal",
      "objects": []
    },
    {
      "frame_id": 119,
      "image_path": "frames/t4Cvbdtebk0_001262/images/000119.jpg",
      "accident_id": 0,
      "accident_name": "normal",
      "objects": []
    },
    {
      "frame_id": 120,
      "image_path": "frames/t4Cvbdtebk0_001262/images/000120.jpg",
      "accident_id": 0,
      "accident_name": "normal",
      "objects": []
    },
    {
      "frame_id": 121,
      "image_path": "frames/t4Cvbdtebk0_001262/images/000121.jpg",
      "accident_id": 0,
      "accident_name": "normal",
      "objects": []
    }
  ]
}