{
  "video_name": "u33fdjUY_Iw_000748",
  "channel": "CarCrashesTime",
  "num_frames": 102,
  "ignore": false,
  "ego_involve": false,
  "night": true,
  "anomaly_start": 34,
  "anomaly_end": 72,
  "video_start": 748,
  "video_end": 849,
  "accident_id": "4",
  "accident_name": "oncoming",
  "labels": [
    {
      "frame_id": 0,
      "image_path": "frames/u33fdjUY_Iw_000748/images/000000.jpg",
      "accident_id": 0,
      "accident_name": "normal",
      "objects": []
    },
    {
      "frame_id": 1,
      "image_path": "frames/u33fdjUY_Iw_000748/images/000001.jpg",
      "accident_id": 0,
      "accident_name": "normal",
      "objects": []
    },
    {
      "frame_id": 2,
      "image_path": "frames/u33fdjUY_Iw_000748/images/000002.jpg",
      "accident_id": 0,
      "accident_name": "normal",
      "objects": []
    },
    {
      "frame_id": 3,
      "image_path": "frames/u33fdjUY_Iw_000748/images/000003.jpg",
      "accident_id": 0,
      "accident_name": "normal",
      "objects": []
    },
    {
      "frame_id": 4,
      "image_path": "frames/u33fdjUY_Iw_000748/images/000004.jpg",
      "accident_id": 0,
      "accident_name": "normal",
      "objects": []
    },
    {
      "frame_id": 5,
      "image_path": "frames/u33fdjUY_Iw_000748/images/000005.jpg",
      "accident_id": 0,
      "accident_name": "normal",
      "objects": []
    },
    {
      "frame_id": 6,
      "image_path": "frames/u33fdjUY_Iw_000748/images/000006.jpg",
      "accident_id": 0,
      "accident_name": "normal",
      "objects": []
    },
    {
      "frame_id": 7,
      "image_path": "frames/u33fdjUY_Iw_000748/images/000007.jpg",
      "accident_id": 0,
      "accident_name": "normal",
      "objects": []
    },
    {
      "frame_id": 8,
      "image_path": "frames/u33fdjUY_Iw_000748/images/000008.jpg",
      "accident_id": 0,
      "accident_name": "normal",
      "objects": []
    },
    {
      "frame_id": 9,
      "image_path": "frames/u33fdjUY_Iw_000748/images/000009.jpg",
      "accident_id": 0,
      "accident_name": "normal",
      "objects": []
    },
    {
      "frame_id": 10,
      "image_path": "frames/u33fdjUY_Iw_000748/images/000010.jpg",
      "accident_id": 0,
      "accident_name": "normal",
      "objects": []
    },
    {
      "frame_id": 11,
      "image_path": "frames/u33fdjUY_Iw_000748/images/000011.jpg",
      "accident_id": 0,
      "accident_name": "normal",
      "objects": []
    },
    {
      "frame_id": 12,
      "image_path": "frames/u33fdjUY_Iw_000748/images/000012.jpg",
      "accident_id": 0,
      "accident_name": "normal",
      "objects": []
    },
    {
      "frame_id": 13,
      "image_path": "frames/u33fdjUY_Iw_000748/images/000013.jpg",
      "accident_id": 0,
      "accident_name": "normal",
      "objects": []
    },
    {
      "frame_id": 14,
      "image_path": "frames/u33fdjUY_Iw_000748/images/000014.jpg",
      "accident_id": 0,
      "accident_name": "normal",
      "objects": []
    },
    {
      "frame_id": 15,
      "image_path": "frames/u33fdjUY_Iw_000748/images/000015.jpg",
      "accident_id": 0,
      "accident_name": "normal",
      "objects": []
    },
    {
      "frame_id": 16,
      "image_path": "frames/u33fdjUY_Iw_000748/images/000016.jpg",
      "accident_id": 0,
      "accident_name": "normal",
      "objects": []
    },
    {
      "frame_id": 17,
      "image_path": "frames/u33fdjUY_Iw_000748/images/000017.jpg",
      "accident_id": 0,
      "accident_name": "normal",
      "objects": []
    },
    {
      "frame_id": 18,
      "image_path": "frames/u33fdjUY_Iw_000748/images/000018.jpg",
      "accident_id": 0,
      "accident_name": "normal",
      "objects": []
    },
    {
      "frame_id": 19,
      "image_path": "frames/u33fdjUY_Iw_000748/images/000019.jpg",
      "accident_id": 0,
      "accident_name": "normal",
      "objects": []
    },
    {
      "frame_id": 20,
      "image_path": "frames/u33fdjUY_Iw_000748/images/000020.jpg",
      "accident_id": 0,
      "accident_name": "normal",
      "objects": []
    },
    {
      "frame_id": 21,
      "image_path": "frames/u33fdjUY_Iw_000748/images/000021.jpg",
      "accident_id": 0,
      "accident_name": "normal",
      "objects": []
    },
    {
      "frame_id": 22,
      "image_path": "frames/u33fdjUY_Iw_000748/images/000022.jpg",
      "accident_id": 0,
      "accident_name": "normal",
      "objects": []
    },
    {
      "frame_id": 23,
      "image_path": "frames/u33fdjUY_Iw_000748/images/000023.jpg",
      "accident_id": 0,
      "accident_name": "normal",
      "objects": []
    },
    {
      "frame_id": 24,
      "image_path": "frames/u33fdjUY_Iw_000748/images/000024.jpg",
      "accident_id": 0,
      "accident_name": "normal",
      "objects": []
    },
    {
      "frame_id": 25,
      "image_path": "frames/u33fdjUY_Iw_000748/images/000025.jpg",
      "accident_id": 0,
      "accident_name": "normal",
      "objects": []
    },
    {
      "frame_id": 26,
      "image_path": "frames/u33fdjUY_Iw_000748/images/000026.jpg",
      "accident_id": 0,
      "accident_name": "normal",
      "objects": []
    },
    {
      "frame_id": 27,
      "image_path": "frames/u33fdjUY_Iw_000748/images/000027.jpg",
      "accident_id": 0,
      "accident_name": "normal",
      "objects": []
    },
    {
      "frame_id": 28,
      "image_path": "frames/u33fdjUY_Iw_000748/images/000028.jpg",
      "accident_id": 0,
      "accident_name": "normal",
      "objects": []
    },
    {
      "frame_id": 29,
      "image_path": "frames/u33fdjUY_Iw_000748/images/000029.jpg",
      "accident_id": 0,
      "accident_name": "normal",
      "objects": []
    },
    {
      "frame_id": 30,
      "image_path": "frames/u33fdjUY_Iw_000748/images/000030.jpg",
      "accident_id": 0,
      "accident_name": "normal",
      "objects": []
    },
    {
      "frame_id": 31,
      "image_path": "frames/u33fdjUY_Iw_000748/images/000031.jpg",
      "accident_id": 0,
      "accident_name": "normal",
      "objects": []
    },
    {
      "frame_id": 32,
      "image_path": "frames/u33fdjUY_Iw_000748/images/000032.jpg",
      "accident_id": 0,
      "accident_name": "normal",
      "objects": []
    },
    {
      "frame_id": 33,
      "image_path": "frames/u33fdjUY_Iw_000748/images/000033.jpg",
      "accident_id": 0,
      "accident_name": "normal",
      "objects": []
    },
    {
      "frame_id": 34,
      "image_path": "frames/u33fdjUY_Iw_000748/images/000034.jpg",
      "accident_id": 4,
      "accident_name": "oncoming",
      "objects": [
        {
          "obj_track_id": 438,
          "bbox": [
            522.3776223776224,
            313.006993006993,
            587.8321678321678,
            373.42657342657344
          ],
          "category": "bus",
          "category ID": 4,
          "trunc": false
        },
        {
          "obj_track_id": 2402,
          "bbox": [
            564.6539027982327,
            337.2017673048601,
            624.0353460972018,
            388.100147275405
          ],
          "category": "car",
          "category ID": 3,
          "trunc": false
        }
      ]
    },
    {
      "frame_id": 35,
      "image_path": "frames/u33fdjUY_Iw_000748/images/000035.jpg",
      "accident_id": 4,
      "accident_name": "oncoming",
      "objects": [
        {
          "obj_track_id": 438,
          "bbox": [
            519.020979020979,
            312.16783216783216,
            588.6713286713286,
            375.1048951048951
          ],
          "category": "bus",
          "category ID": 4,
          "trunc": false
        },
        {
          "obj_track_id": 2402,
          "bbox": [
            564.6539027982327,
            337.7319587628866,
            624.0353460972018,
            390.2209131075111
          ],
          "category": "car",
          "category ID": 3,
          "trunc": false
        }
      ]
    },
    {
      "frame_id": 36,
      "image_path": "frames/u33fdjUY_Iw_000748/images/000036.jpg",
      "accident_id": 4,
      "accident_name": "oncoming",
      "objects": [
        {
          "obj_track_id": 438,
          "bbox": [
            517.3426573426574,
            310.4895104895105,
            591.1888111888112,
            376.7832167832168
          ],
          "category": "bus",
          "category ID": 4,
          "trunc": false
        },
        {
          "obj_track_id": 2402,
          "bbox": [
            564.6539027982327,
            338.2621502209131,
            624.0353460972018,
            392.3416789396171
          ],
          "category": "car",
          "category ID": 3,
          "trunc": false
        }
      ]
    },
    {
      "frame_id": 37,
      "image_path": "frames/u33fdjUY_Iw_000748/images/000037.jpg",
      "accident_id": 4,
      "accident_name": "oncoming",
      "objects": [
        {
          "obj_track_id": 438,
          "bbox": [
            522.3776223776224,
            302.0979020979021,
            595.3846153846154,
            367.5524475524476
          ],
          "category": "bus",
          "category ID": 4,
          "trunc": false
        },
        {
          "obj_track_id": 2402,
          "bbox": [
            564.6539027982327,
            332.960235640648,
            624.0353460972018,
            385.97938144329896
          ],
          "category": "car",
          "category ID": 3,
          "trunc": false
        }
      ]
    },
    {
      "frame_id": 38,
      "image_path": "frames/u33fdjUY_Iw_000748/images/000038.jpg",
      "accident_id": 4,
      "accident_name": "oncoming",
      "objects": [
        {
          "obj_track_id": 438,
          "bbox": [
            522.3776223776224,
            294.54545454545456,
            602.0979020979021,
            368.3916083916084
          ],
          "category": "bus",
          "category ID": 4,
          "trunc": false
        },
        {
          "obj_track_id": 2402,
          "bbox": [
            563.5935198821796,
            327.65832106038295,
            622.9749631811487,
            380.6774668630339
          ],
          "category": "car",
          "category ID": 3,
          "trunc": false
        }
      ]
    },
    {
      "frame_id": 39,
      "image_path": "frames/u33fdjUY_Iw_000748/images/000039.jpg",
      "accident_id": 4,
      "accident_name": "oncoming",
      "objects": [
        {
          "obj_track_id": 438,
          "bbox": [
            519.8601398601398,
            286.15384615384613,
            607.1328671328671,
            363.35664335664336
          ],
          "category": "bus",
          "category ID": 4,
          "trunc": false
        },
        {
          "obj_track_id": 2402,
          "bbox": [
            563.5935198821796,
            324.4771723122239,
            622.9749631811487,
            377.49631811487484
          ],
          "category": "car",
          "category ID": 3,
          "trunc": false
        }
      ]
    },
    {
      "frame_id": 40,
      "image_path": "frames/u33fdjUY_Iw_000748/images/000040.jpg",
      "accident_id": 4,
      "accident_name": "oncoming",
      "objects": [
        {
          "obj_track_id": 438,
          "bbox": [
            517.3426573426574,
            286.15384615384613,
            606.2937062937064,
            364.1958041958042
          ],
          "category": "bus",
          "category ID": 4,
          "trunc": false
        },
        {
          "obj_track_id": 2402,
          "bbox": [
            563.5935198821796,
            324.4771723122239,
            622.9749631811487,
            377.49631811487484
          ],
          "category": "car",
          "category ID": 3,
          "trunc": false
        }
      ]
    },
    {
      "frame_id": 41,
      "image_path": "frames/u33fdjUY_Iw_000748/images/000041.jpg",
      "accident_id": 4,
      "accident_name": "oncoming",
      "objects": [
        {
          "obj_track_id": 438,
          "bbox": [
            524.0559440559441,
            286.15384615384613,
            609.6503496503497,
            364.1958041958042
          ],
          "category": "bus",
          "category ID": 4,
          "trunc": false
        },
        {
          "obj_track_id": 2402,
          "bbox": [
            562.4818480488584,
            322.9014284684388,
            625.0957290132548,
            380.6774668630339
          ],
          "category": "car",
          "category ID": 3,
          "trunc": false
        }
      ]
    },
    {
      "frame_id": 42,
      "image_path": "frames/u33fdjUY_Iw_000748/images/000042.jpg",
      "accident_id": 4,
      "accident_name": "oncoming",
      "objects": [
        {
          "obj_track_id": 438,
          "bbox": [
            533.2867132867133,
            284.4755244755245,
            610.4895104895105,
            369.2307692307692
          ],
          "category": "bus",
          "category ID": 4,
          "trunc": false
        },
        {
          "obj_track_id": 2402,
          "bbox": [
            560.7806626363326,
            322.8785647342348,
            627.9135297691998,
            378.26318011885024
          ],
          "category": "car",
          "category ID": 3,
          "trunc": false
        }
      ]
    },
    {
      "frame_id": 43,
      "image_path": "frames/u33fdjUY_Iw_000748/images/000043.jpg",
      "accident_id": 4,
      "accident_name": "oncoming",
      "objects": [
        {
          "obj_track_id": 438,
          "bbox": [
            529.93006993007,
            280.27972027972027,
            609.6503496503497,
            371.74825174825173
          ],
          "category": "bus",
          "category ID": 4,
          "trunc": false
        },
        {
          "obj_track_id": 2402,
          "bbox": [
            560.1398601398602,
            323.9160839160839,
            626.1561119293078,
            380.13986013986016
          ],
          "category": "car",
          "category ID": 3,
          "trunc": false
        }
      ]
    },
    {
      "frame_id": 44,
      "image_path": "frames/u33fdjUY_Iw_000748/images/000044.jpg",
      "accident_id": 4,
      "accident_name": "oncoming",
      "objects": [
        {
          "obj_track_id": 438,
          "bbox": [
            526.5734265734266,
            276.9230769230769,
            608.3916083916083,
            371.74825174825173
          ],
          "category": "bus",
          "category ID": 4,
          "trunc": false
        },
        {
          "obj_track_id": 2402,
          "bbox": [
            560.1398601398602,
            322.23776223776224,
            624.7552447552448,
            379.61708394698087
          ],
          "category": "car",
          "category ID": 3,
          "trunc": false
        }
      ]
    },
    {
      "frame_id": 45,
      "image_path": "frames/u33fdjUY_Iw_000748/images/000045.jpg",
      "accident_id": 4,
      "accident_name": "oncoming",
      "objects": [
        {
          "obj_track_id": 438,
          "bbox": [
            523.2167832167833,
            273.56643356643355,
            607.1328671328671,
            371.74825174825173
          ],
          "category": "bus",
          "category ID": 4,
          "trunc": false
        },
        {
          "obj_track_id": 2402,
          "bbox": [
            559.020979020979,
            321.3986013986014,
            625.3146853146853,
            379.61708394698087
          ],
          "category": "car",
          "category ID": 3,
          "trunc": false
        }
      ]
    },
    {
      "frame_id": 46,
      "image_path": "frames/u33fdjUY_Iw_000748/images/000046.jpg",
      "accident_id": 4,
      "accident_name": "oncoming",
      "objects": [
        {
          "obj_track_id": 438,
          "bbox": [
            517.3426573426574,
            273.56643356643355,
            599.5804195804196,
            370.90909090909093
          ],
          "category": "bus",
          "category ID": 4,
          "trunc": false
        },
        {
          "obj_track_id": 2402,
          "bbox": [
            557.9020979020979,
            320.5594405594406,
            625.8741258741259,
            376.4359351988218
          ],
          "category": "car",
          "category ID": 3,
          "trunc": false
        }
      ]
    },
    {
      "frame_id": 47,
      "image_path": "frames/u33fdjUY_Iw_000748/images/000047.jpg",
      "accident_id": 4,
      "accident_name": "oncoming",
      "objects": [
        {
          "obj_track_id": 438,
          "bbox": [
            503.91608391608395,
            271.04895104895104,
            594.5454545454545,
            373.42657342657344
          ],
          "category": "bus",
          "category ID": 4,
          "trunc": false
        },
        {
          "obj_track_id": 2402,
          "bbox": [
            556.7832167832167,
            319.72027972027973,
            626.4335664335664,
            375.94405594405595
          ],
          "category": "car",
          "category ID": 3,
          "trunc": false
        }
      ]
    },
    {
      "frame_id": 48,
      "image_path": "frames/u33fdjUY_Iw_000748/images/000048.jpg",
      "accident_id": 4,
      "accident_name": "oncoming",
      "objects": [
        {
          "obj_track_id": 438,
          "bbox": [
            498.8811188811189,
            272.72727272727275,
            591.1888111888112,
            381.8181818181818
          ],
          "category": "bus",
          "category ID": 4,
          "trunc": false
        },
        {
          "obj_track_id": 2402,
          "bbox": [
            550.06993006993,
            321.3986013986014,
            633.986013986014,
            381.8181818181818
          ],
          "category": "car",
          "category ID": 3,
          "trunc": false
        }
      ]
    },
    {
      "frame_id": 49,
      "image_path": "frames/u33fdjUY_Iw_000748/images/000049.jpg",
      "accident_id": 4,
      "accident_name": "oncoming",
      "objects": [
        {
          "obj_track_id": 438,
          "bbox": [
            487.972027972028,
            281.958041958042,
            602.0979020979021,
            395.24475524475525
          ],
          "category": "bus",
          "category ID": 4,
          "trunc": false
        },
        {
          "obj_track_id": 2402,
          "bbox": [
            547.5524475524476,
            329.7902097902098,
            644.0559440559441,
            394.4055944055944
          ],
          "category": "car",
          "category ID": 3,
          "trunc": false
        }
      ]
    },
    {
      "frame_id": 50,
      "image_path": "frames/u33fdjUY_Iw_000748/images/000050.jpg",
      "accident_id": 4,
      "accident_name": "oncoming",
      "objects": [
        {
          "obj_track_id": 438,
          "bbox": [
            482.0979020979021,
            292.02797202797206,
            602.9370629370629,
            407.83216783216784
          ],
          "category": "bus",
          "category ID": 4,
          "trunc": false
        },
        {
          "obj_track_id": 2402,
          "bbox": [
            541.6783216783217,
            339.02097902097904,
            657.4825174825174,
            404.4755244755245
          ],
          "category": "car",
          "category ID": 3,
          "trunc": false
        }
      ]
    },
    {
      "frame_id": 51,
      "image_path": "frames/u33fdjUY_Iw_000748/images/000051.jpg",
      "accident_id": 4,
      "accident_name": "oncoming",
      "objects": [
        {
          "obj_track_id": 438,
          "bbox": [
            468.6713286713287,
            290.34965034965035,
            602.9370629370629,
            406.993006993007
          ],
          "category": "bus",
          "category ID": 4,
          "trunc": false
        },
        {
          "obj_track_id": 2402,
          "bbox": [
            539.1608391608391,
            340.6993006993007,
            666.7132867132867,
            407.83216783216784
          ],
          "category": "car",
          "category ID": 3,
          "trunc": false
        }
      ]
    },
    {
      "frame_id": 52,
      "image_path": "frames/u33fdjUY_Iw_000748/images/000052.jpg",
      "accident_id": 4,
      "accident_name": "oncoming",
      "objects": [
        {
          "obj_track_id": 438,
          "bbox": [
            452.72727272727275,
            281.958041958042,
            601.2587412587412,
            399.44055944055947
          ],
          "category": "bus",
          "category ID": 4,
          "trunc": false
        },
        {
          "obj_track_id": 2402,
          "bbox": [
            534.965034965035,
            335.6643356643357,
            682.6573426573426,
            405.31468531468533
          ],
          "category": "car",
          "category ID": 3,
          "trunc": false
        }
      ]
    },
    {
      "frame_id": 53,
      "image_path": "frames/u33fdjUY_Iw_000748/images/000053.jpg",
      "accident_id": 4,
      "accident_name": "oncoming",
      "objects": [
        {
          "obj_track_id": 438,
          "bbox": [
            440.97902097902096,
            280.27972027972027,
            602.9370629370629,
            402.79720279720283
          ],
          "category": "bus",
          "category ID": 4,
          "trunc": false
        },
        {
          "obj_track_id": 2402,
          "bbox": [
            534.965034965035,
            329.7902097902098,
            696.9230769230769,
            404.4755244755245
          ],
          "category": "car",
          "category ID": 3,
          "trunc": false
        }
      ]
    },
    {
      "frame_id": 54,
      "image_path": "frames/u33fdjUY_Iw_000748/images/000054.jpg",
      "accident_id": 4,
      "accident_name": "oncoming",
      "objects": [
        {
          "obj_track_id": 438,
          "bbox": [
            425.87412587412587,
            276.9230769230769,
            604.6153846153846,
            403.6363636363636
          ],
          "category": "bus",
          "category ID": 4,
          "trunc": false
        },
        {
          "obj_track_id": 2402,
          "bbox": [
            537.4825174825174,
            329.7902097902098,
            720.4195804195805,
            404.4755244755245
          ],
          "category": "car",
          "category ID": 3,
          "trunc": false
        }
      ]
    },
    {
      "frame_id": 55,
      "image_path": "frames/u33fdjUY_Iw_000748/images/000055.jpg",
      "accident_id": 4,
      "accident_name": "oncoming",
      "objects": [
        {
          "obj_track_id": 438,
          "bbox": [
            409.9300699300699,
            276.9230769230769,
            600.4195804195804,
            403.6363636363636
          ],
          "category": "bus",
          "category ID": 4,
          "trunc": false
        },
        {
          "obj_track_id": 2402,
          "bbox": [
            542.5174825174826,
            329.7902097902098,
            729.6503496503497,
            405.31468531468533
          ],
          "category": "car",
          "category ID": 3,
          "trunc": false
        }
      ]
    },
    {
      "frame_id": 56,
      "image_path": "frames/u33fdjUY_Iw_000748/images/000056.jpg",
      "accident_id": 4,
      "accident_name": "oncoming",
      "objects": [
        {
          "obj_track_id": 438,
          "bbox": [
            399.02097902097904,
            276.9230769230769,
            602.0979020979021,
            412.86713286713285
          ],
          "category": "bus",
          "category ID": 4,
          "trunc": false
        },
        {
          "obj_track_id": 2402,
          "bbox": [
            551.7482517482517,
            328.1118881118881,
            753.1468531468531,
            406.993006993007
          ],
          "category": "car",
          "category ID": 3,
          "trunc": false
        }
      ]
    },
    {
      "frame_id": 57,
      "image_path": "frames/u33fdjUY_Iw_000748/images/000057.jpg",
      "accident_id": 4,
      "accident_name": "oncoming",
      "objects": [
        {
          "obj_track_id": 438,
          "bbox": [
            388.1118881118881,
            280.27972027972027,
            602.9370629370629,
            417.06293706293707
          ],
          "category": "bus",
          "category ID": 4,
          "trunc": false
        },
        {
          "obj_track_id": 2402,
          "bbox": [
            564.3356643356643,
            326.43356643356645,
            769.0909090909091,
            412.02797202797206
          ],
          "category": "car",
          "category ID": 3,
          "trunc": false
        }
      ]
    },
    {
      "frame_id": 58,
      "image_path": "frames/u33fdjUY_Iw_000748/images/000058.jpg",
      "accident_id": 4,
      "accident_name": "oncoming",
      "objects": [
        {
          "obj_track_id": 438,
          "bbox": [
            377.2027972027972,
            281.1188811188811,
            597.9020979020979,
            406.993006993007
          ],
          "category": "bus",
          "category ID": 4,
          "trunc": false
        },
        {
          "obj_track_id": 2402,
          "bbox": [
            578.6013986013986,
            328.1118881118881,
            795.944055944056,
            417.90209790209786
          ],
          "category": "car",
          "category ID": 3,
          "trunc": false
        }
      ]
    },
    {
      "frame_id": 59,
      "image_path": "frames/u33fdjUY_Iw_000748/images/000059.jpg",
      "accident_id": 4,
      "accident_name": "oncoming",
      "objects": [
        {
          "obj_track_id": 438,
          "bbox": [
            365.45454545454544,
            281.1188811188811,
            597.0629370629371,
            413.7062937062937
          ],
          "category": "bus",
          "category ID": 4,
          "trunc": false
        },
        {
          "obj_track_id": 2402,
          "bbox": [
            595.3846153846154,
            325.5944055944056,
            819.4405594405595,
            412.86713286713285
          ],
          "category": "car",
          "category ID": 3,
          "trunc": false
        }
      ]
    },
    {
      "frame_id": 60,
      "image_path": "frames/u33fdjUY_Iw_000748/images/000060.jpg",
      "accident_id": 4,
      "accident_name": "oncoming",
      "objects": [
        {
          "obj_track_id": 438,
          "bbox": [
            352.86713286713285,
            277.76223776223776,
            601.2587412587412,
            407.83216783216784
          ],
          "category": "bus",
          "category ID": 4,
          "trunc": false
        },
        {
          "obj_track_id": 2402,
          "bbox": [
            613.8461538461538,
            324.75524475524475,
            831.1888111888112,
            416.2237762237762
          ],
          "category": "car",
          "category ID": 3,
          "trunc": false
        }
      ]
    },
    {
      "frame_id": 61,
      "image_path": "frames/u33fdjUY_Iw_000748/images/000061.jpg",
      "accident_id": 4,
      "accident_name": "oncoming",
      "objects": [
        {
          "obj_track_id": 438,
          "bbox": [
            346.57342657342656,
            277.76223776223776,
            597.4825174825176,
            410.7692307692308
          ],
          "category": "bus",
          "category ID": 4,
          "trunc": false
        },
        {
          "obj_track_id": 2402,
          "bbox": [
            638.1818181818182,
            323.49650349650346,
            846.2937062937064,
            414.5454545454545
          ],
          "category": "car",
          "category ID": 3,
          "trunc": false
        }
      ]
    },
    {
      "frame_id": 62,
      "image_path": "frames/u33fdjUY_Iw_000748/images/000062.jpg",
      "accident_id": 4,
      "accident_name": "oncoming",
      "objects": [
        {
          "obj_track_id": 438,
          "bbox": [
            340.27972027972027,
            277.76223776223776,
            593.7062937062938,
            413.7062937062937
          ],
          "category": "bus",
          "category ID": 4,
          "trunc": false
        },
        {
          "obj_track_id": 2402,
          "bbox": [
            642.3776223776224,
            322.23776223776224,
            849.6503496503497,
            412.86713286713285
          ],
          "category": "car",
          "category ID": 3,
          "trunc": false
        }
      ]
    },
    {
      "frame_id": 63,
      "image_path": "frames/u33fdjUY_Iw_000748/images/000063.jpg",
      "accident_id": 4,
      "accident_name": "oncoming",
      "objects": [
        {
          "obj_track_id": 2402,
          "bbox": [
            679.3006993006993,
            322.23776223776224,
            855.5244755244755,
            412.02797202797206
          ],
          "category": "car",
          "category ID": 3,
          "trunc": false
        }
      ]
    },
    {
      "frame_id": 64,
      "image_path": "frames/u33fdjUY_Iw_000748/images/000064.jpg",
      "accident_id": 4,
      "accident_name": "oncoming",
      "objects": [
        {
          "obj_track_id": 2402,
          "bbox": [
            682.6573426573426,
            322.23776223776224,
            853.8461538461538,
            411.1888111888112
          ],
          "category": "car",
          "category ID": 3,
          "trunc": false
        }
      ]
    },
    {
      "frame_id": 65,
      "image_path": "frames/u33fdjUY_Iw_000748/images/000065.jpg",
      "accident_id": 4,
      "accident_name": "oncoming",
      "objects": [
        {
          "obj_track_id": 2402,
          "bbox": [
            689.3706293706293,
            322.23776223776224,
            848.8111888111888,
            411.1888111888112
          ],
          "category": "car",
          "category ID": 3,
          "trunc": false
        }
      ]
    },
    {
      "frame_id": 66,
      "image_path": "frames/u33fdjUY_Iw_000748/images/000066.jpg",
      "accident_id": 4,
      "accident_name": "oncoming",
      "objects": [
        {
          "obj_track_id": 2402,
          "bbox": [
            713.1075110456554,
            322.23776223776224,
            843.7762237762238,
            416.2237762237762
          ],
          "category": "car",
          "category ID": 3,
          "trunc": false
        }
      ]
    },
    {
      "frame_id": 67,
      "image_path": "frames/u33fdjUY_Iw_000748/images/000067.jpg",
      "accident_id": 4,
      "accident_name": "oncoming",
      "objects": [
        {
          "obj_track_id": 2402,
          "bbox": [
            727.972027972028,
            321.3986013986014,
            836.2237762237762,
            413.7062937062937
          ],
          "category": "car",
          "category ID": 3,
          "trunc": false
        }
      ]
    },
    {
      "frame_id": 68,
      "image_path": "frames/u33fdjUY_Iw_000748/images/000068.jpg",
      "accident_id": 4,
      "accident_name": "oncoming",
      "objects": [
        {
          "obj_track_id": 2402,
          "bbox": [
            738.8811188811189,
            324.75524475524475,
            855.5244755244755,
            420.4195804195804
          ],
          "category": "car",
          "category ID": 3,
          "trunc": false
        }
      ]
    },
    {
      "frame_id": 69,
      "image_path": "frames/u33fdjUY_Iw_000748/images/000069.jpg",
      "accident_id": 4,
      "accident_name": "oncoming",
      "objects": [
        {
          "obj_track_id": 2402,
          "bbox": [
            744.7552447552448,
            322.23776223776224,
            860.5594405594405,
            414.54545454545456
          ],
          "category": "car",
          "category ID": 3,
          "trunc": false
        }
      ]
    },
    {
      "frame_id": 70,
      "image_path": "frames/u33fdjUY_Iw_000748/images/000070.jpg",
      "accident_id": 4,
      "accident_name": "oncoming",
      "objects": [
        {
          "obj_track_id": 2402,
          "bbox": [
            745.5944055944057,
            322.23776223776224,
            864.7552447552448,
            420.4195804195804
          ],
          "category": "car",
          "category ID": 3,
          "trunc": false
        }
      ]
    },
    {
      "frame_id": 71,
      "image_path": "frames/u33fdjUY_Iw_000748/images/000071.jpg",
      "accident_id": 4,
      "accident_name": "oncoming",
      "objects": [
        {
          "obj_track_id": 2402,
          "bbox": [
            745.5944055944057,
            322.23776223776224,
            865.1282051282052,
            420.4195804195804
          ],
          "category": "car",
          "category ID": 3,
          "trunc": false
        }
      ]
    },
    {
      "frame_id": 72,
      "image_path": "frames/u33fdjUY_Iw_000748/images/000072.jpg",
      "accident_id": 0,
      "accident_name": "normal",
      "objects": []
    },
    {
      "frame_id": 73,
      "image_path": "frames/u33fdjUY_Iw_000748/images/000073.jpg",
      "accident_id": 0,
      "accident_name": "normal",
      "objects": []
    },
    {
      "frame_id": 74,
      "image_path": "frames/u33fdjUY_Iw_000748/images/000074.jpg",
      "accident_id": 0,
      "accident_name": "normal",
      "objects": []
    },
    {
      "frame_id": 75,
      "image_path": "frames/u33fdjUY_Iw_000748/images/000075.jpg",
      "accident_id": 0,
      "accident_name": "normal",
      "objects": []
    },
    {
      "frame_id": 76,
      "image_path": "frames/u33fdjUY_Iw_000748/images/000076.jpg",
      "accident_id": 0,
      "accident_name": "normal",
      "objects": []
    },
    {
      "frame_id": 77,
      "image_path": "frames/u33fdjUY_Iw_000748/images/000077.jpg",
      "accident_id": 0,
      "accident_name": "normal",
      "objects": []
    },
    {
      "frame_id": 78,
      "image_path": "frames/u33fdjUY_Iw_000748/images/000078.jpg",
      "accident_id": 0,
      "accident_name": "normal",
      "objects": []
    },
    {
      "frame_id": 79,
      "image_path": "frames/u33fdjUY_Iw_000748/images/000079.jpg",
      "accident_id": 0,
      "accident_name": "normal",
      "objects": []
    },
    {
      "frame_id": 80,
      "image_path": "frames/u33fdjUY_Iw_000748/images/000080.jpg",
      "accident_id": 0,
      "accident_name": "normal",
      "objects": []
    },
    {
      "frame_id": 81,
      "image_path": "frames/u33fdjUY_Iw_000748/images/000081.jpg",
      "accident_id": 0,
      "accident_name": "normal",
      "objects": []
    },
    {
      "frame_id": 82,
      "image_path": "frames/u33fdjUY_Iw_000748/images/000082.jpg",
      "accident_id": 0,
      "accident_name": "normal",
      "objects": []
    },
    {
      "frame_id": 83,
      "image_path": "frames/u33fdjUY_Iw_000748/images/000083.jpg",
      "accident_id": 0,
      "accident_name": "normal",
      "objects": []
    },
    {
      "frame_id": 84,
      "image_path": "frames/u33fdjUY_Iw_000748/images/000084.jpg",
      "accident_id": 0,
      "accident_name": "normal",
      "objects": []
    },
    {
      "frame_id": 85,
      "image_path": "frames/u33fdjUY_Iw_000748/images/000085.jpg",
      "accident_id": 0,
      "accident_name": "normal",
      "objects": []
    },
    {
      "frame_id": 86,
      "image_path": "frames/u33fdjUY_Iw_000748/images/000086.jpg",
      "accident_id": 0,
      "accident_name": "normal",
      "objects": []
    },
    {
      "frame_id": 87,
      "image_path": "frames/u33fdjUY_Iw_000748/images/000087.jpg",
      "accident_id": 0,
      "accident_name": "normal",
      "objects": []
    },
    {
      "frame_id": 88,
      "image_path": "frames/u33fdjUY_Iw_000748/images/000088.jpg",
      "accident_id": 0,
      "accident_name": "normal",
      "objects": []
    },
    {
      "frame_id": 89,
      "image_path": "frames/u33fdjUY_Iw_000748/images/000089.jpg",
      "accident_id": 0,
      "accident_name": "normal",
      "objects": []
    },
    {
      "frame_id": 90,
      "image_path": "frames/u33fdjUY_Iw_000748/images/000090.jpg",
      "accident_id": 0,
      "accident_name": "normal",
      "objects": []
    },
    {
      "frame_id": 91,
      "image_path": "frames/u33fdjUY_Iw_000748/images/000091.jpg",
      "accident_id": 0,
      "accident_name": "normal",
      "objects": []
    },
    {
      "frame_id": 92,
      "image_path": "frames/u33fdjUY_Iw_000748/images/000092.jpg",
      "accident_id": 0,
      "accident_name": "normal",
      "objects": []
    },
    {
      "frame_id": 93,
      "image_path": "frames/u33fdjUY_Iw_000748/images/000093.jpg",
      "accident_id": 0,
      "accident_name": "normal",
      "objects": []
    },
    {
      "frame_id": 94,
      "image_path": "frames/u33fdjUY_Iw_000748/images/000094.jpg",
      "accident_id": 0,
      "accident_name": "normal",
      "objects": []
    },
    {
      "frame_id": 95,
      "image_path": "frames/u33fdjUY_Iw_000748/images/000095.jpg",
      "accident_id": 0,
      "accident_name": "normal",
      "objects": []
    },
    {
      "frame_id": 96,
      "image_path": "frames/u33fdjUY_Iw_000748/images/000096.jpg",
      "accident_id": 0,
      "accident_name": "normal",
      "objects": []
    },
    {
      "frame_id": 97,
      "image_path": "frames/u33fdjUY_Iw_000748/images/000097.jpg",
      "accident_id": 0,
      "accident_name": "normal",
      "objects": []
    },
    {
      "frame_id": 98,
      "image_path": "frames/u33fdjUY_Iw_000748/images/000098.jpg",
      "accident_id": 0,
      "accident_name": "normal",
      "objects": []
    },
    {
      "frame_id": 99,
      "image_path": "frames/u33fdjUY_Iw_000748/images/000099.jpg",
      "accident_id": 0,
      "accident_name": "normal",
      "objects": []
    },
    {
      "frame_id": 100,
      "image_path": "frames/u33fdjUY_Iw_000748/images/000100.jpg",
      "accident_id": 0,
      "accident_name": "normal",
      "objects": []
    },
    {
      "frame_id": 101,
      "image_path": "frames/u33fdjUY_Iw_000748/images/000101.jpg",
      "accident_id": 0,
      "accident_name": "normal",
      "objects": []
    }
  ]
}