{
  "video_name": "UbDCiQVuzPY_001585",
  "channel": "CarCrashesTime",
  "num_frames": 109,
  "ignore": false,
  "ego_involve": false,
  "night": false,
  "anomaly_start": 40,
  "anomaly_end": 64,
  "video_start": 1585,
  "video_end": 1693,
  "accident_id": "4",
  "accident_name": "oncoming",
  "labels": [
    {
      "frame_id": 0,
      "image_path": "frames/UbDCiQVuzPY_001585/images/000000.jpg",
      "accident_id": 0,
      "accident_name": "normal",
      "objects": []
    },
    {
      "frame_id": 1,
      "image_path": "frames/UbDCiQVuzPY_001585/images/000001.jpg",
      "accident_id": 0,
      "accident_name": "normal",
      "objects": []
    },
    {
      "frame_id": 2,
      "image_path": "frames/UbDCiQVuzPY_001585/images/000002.jpg",
      "accident_id": 0,
      "accident_name": "normal",
      "objects": []
    },
    {
      "frame_id": 3,
      "image_path": "frames/UbDCiQVuzPY_001585/images/000003.jpg",
      "accident_id": 0,
      "accident_name": "normal",
      "objects": []
    },
    {
      "frame_id": 4,
      "image_path": "frames/UbDCiQVuzPY_001585/images/000004.jpg",
      "accident_id": 0,
      "accident_name": "normal",
      "objects": []
    },
    {
      "frame_id": 5,
      "image_path": "frames/UbDCiQVuzPY_001585/images/000005.jpg",
      "accident_id": 0,
      "accident_name": "normal",
      "objects": []
    },
    {
      "frame_id": 6,
      "image_path": "frames/UbDCiQVuzPY_001585/images/000006.jpg",
      "accident_id": 0,
      "accident_name": "normal",
      "objects": []
    },
    {
      "frame_id": 7,
      "image_path": "frames/UbDCiQVuzPY_001585/images/000007.jpg",
      "accident_id": 0,
      "accident_name": "normal",
      "objects": []
    },
    {
      "frame_id": 8,
      "image_path": "frames/UbDCiQVuzPY_001585/images/000008.jpg",
      "accident_id": 0,
      "accident_name": "normal",
      "objects": []
    },
    {
      "frame_id": 9,
      "image_path": "frames/UbDCiQVuzPY_001585/images/000009.jpg",
      "accident_id": 0,
      "accident_name": "normal",
      "objects": []
    },
    {
      "frame_id": 10,
      "image_path": "frames/UbDCiQVuzPY_001585/images/000010.jpg",
      "accident_id": 0,
      "accident_name": "normal",
      "objects": []
    },
    {
      "frame_id": 11,
      "image_path": "frames/UbDCiQVuzPY_001585/images/000011.jpg",
      "accident_id": 0,
      "accident_name": "normal",
      "objects": []
    },
    {
      "frame_id": 12,
      "image_path": "frames/UbDCiQVuzPY_001585/images/000012.jpg",
      "accident_id": 0,
      "accident_name": "normal",
      "objects": []
    },
    {
      "frame_id": 13,
      "image_path": "frames/UbDCiQVuzPY_001585/images/000013.jpg",
      "accident_id": 0,
      "accident_name": "normal",
      "objects": []
    },
    {
      "frame_id": 14,
      "image_path": "frames/UbDCiQVuzPY_001585/images/000014.jpg",
      "accident_id": 0,
      "accident_name": "normal",
      "objects": []
    },
    {
      "frame_id": 15,
      "image_path": "frames/UbDCiQVuzPY_001585/images/000015.jpg",
      "accident_id": 0,
      "accident_name": "normal",
      "objects": []
    },
    {
      "frame_id": 16,
      "image_path": "frames/UbDCiQVuzPY_001585/images/000016.jpg",
      "accident_id": 0,
      "accident_name": "normal",
      "objects": []
    },
    {
      "frame_id": 17,
      "image_path": "frames/UbDCiQVuzPY_001585/images/000017.jpg",
      "accident_id": 0,
      "accident_name": "normal",
      "objects": []
    },
    {
      "frame_id": 18,
      "image_path": "frames/UbDCiQVuzPY_001585/images/000018.jpg",
      "accident_id": 0,
      "accident_name": "normal",
      "objects": []
    },
    {
      "frame_id": 19,
      "image_path": "frames/UbDCiQVuzPY_001585/images/000019.jpg",
      "accident_id": 0,
      "accident_name": "normal",
      "objects": []
    },
    {
      "frame_id": 20,
      "image_path": "frames/UbDCiQVuzPY_001585/images/000020.jpg",
      "accident_id": 0,
      "accident_name": "normal",
      "objects": []
    },
    {
      "frame_id": 21,
      "image_path": "frames/UbDCiQVuzPY_001585/images/000021.jpg",
      "accident_id": 0,
      "accident_name": "normal",
      "objects": []
    },
    {
      "frame_id": 22,
      "image_path": "frames/UbDCiQVuzPY_001585/images/000022.jpg",
      "accident_id": 0,
      "accident_name": "normal",
      "objects": []
    },
    {
      "frame_id": 23,
      "image_path": "frames/UbDCiQVuzPY_001585/images/000023.jpg",
      "accident_id": 0,
      "accident_name": "normal",
      "objects": []
    },
    {
      "frame_id": 24,
      "image_path": "frames/UbDCiQVuzPY_001585/images/000024.jpg",
      "accident_id": 0,
      "accident_name": "normal",
      "objects": []
    },
    {
      "frame_id": 25,
      "image_path": "frames/UbDCiQVuzPY_001585/images/000025.jpg",
      "accident_id": 0,
      "accident_name": "normal",
      "objects": []
    },
    {
      "frame_id": 26,
      "image_path": "frames/UbDCiQVuzPY_001585/images/000026.jpg",
      "accident_id": 0,
      "accident_name": "normal",
      "objects": []
    },
    {
      "frame_id": 27,
      "image_path": "frames/UbDCiQVuzPY_001585/images/000027.jpg",
      "accident_id": 0,
      "accident_name": "normal",
      "objects": []
    },
    {
      "frame_id": 28,
      "image_path": "frames/UbDCiQVuzPY_001585/images/000028.jpg",
      "accident_id": 0,
      "accident_name": "normal",
      "objects": []
    },
    {
      "frame_id": 29,
      "image_path": "frames/UbDCiQVuzPY_001585/images/000029.jpg",
      "accident_id": 0,
      "accident_name": "normal",
      "objects": []
    },
    {
      "frame_id": 30,
      "image_path": "frames/UbDCiQVuzPY_001585/images/000030.jpg",
      "accident_id": 0,
      "accident_name": "normal",
      "objects": []
    },
    {
      "frame_id": 31,
      "image_path": "frames/UbDCiQVuzPY_001585/images/000031.jpg",
      "accident_id": 0,
      "accident_name": "normal",
      "objects": []
    },
    {
      "frame_id": 32,
      "image_path": "frames/UbDCiQVuzPY_001585/images/000032.jpg",
      "accident_id": 0,
      "accident_name": "normal",
      "objects": []
    },
    {
      "frame_id": 33,
      "image_path": "frames/UbDCiQVuzPY_001585/images/000033.jpg",
      "accident_id": 0,
      "accident_name": "normal",
      "objects": []
    },
    {
      "frame_id": 34,
      "image_path": "frames/UbDCiQVuzPY_001585/images/000034.jpg",
      "accident_id": 0,
      "accident_name": "normal",
      "objects": []
    },
    {
      "frame_id": 35,
      "image_path": "frames/UbDCiQVuzPY_001585/images/000035.jpg",
      "accident_id": 0,
      "accident_name": "normal",
      "objects": []
    },
    {
      "frame_id": 36,
      "image_path": "frames/UbDCiQVuzPY_001585/images/000036.jpg",
      "accident_id": 0,
      "accident_name": "normal",
      "objects": []
    },
    {
      "frame_id": 37,
      "image_path": "frames/UbDCiQVuzPY_001585/images/000037.jpg",
      "accident_id": 0,
      "accident_name": "normal",
      "objects": []
    },
    {
      "frame_id": 38,
      "image_path": "frames/UbDCiQVuzPY_001585/images/000038.jpg",
      "accident_id": 0,
      "accident_name": "normal",
      "objects": []
    },
    {
      "frame_id": 39,
      "image_path": "frames/UbDCiQVuzPY_001585/images/000039.jpg",
      "accident_id": 0,
      "accident_name": "normal",
      "objects": []
    },
    {
      "frame_id": 40,
      "image_path": "frames/UbDCiQVuzPY_001585/images/000040.jpg",
      "accident_id": 4,
      "accident_name": "oncoming",
      "objects": [
        {
          "obj_track_id": 0,
          "bbox": [
            368.43371416220276,
            322.70081490104775,
            450.523864959255,
            385.92916986264254
          ],
          "category": "car",
          "category ID": 3,
          "trunc": false
        }
      ]
    },
    {
      "frame_id": 41,
      "image_path": "frames/UbDCiQVuzPY_001585/images/000041.jpg",
      "accident_id": 4,
      "accident_name": "oncoming",
      "objects": [
        {
          "obj_track_id": 0,
          "bbox": [
            341.55995343422586,
            322.70081490104775,
            450.523864959255,
            385.92916986264254
          ],
          "category": "car",
          "category ID": 3,
          "trunc": false
        }
      ]
    },
    {
      "frame_id": 42,
      "image_path": "frames/UbDCiQVuzPY_001585/images/000042.jpg",
      "accident_id": 4,
      "accident_name": "oncoming",
      "objects": [
        {
          "obj_track_id": 0,
          "bbox": [
            319.76717112922,
            322.70081490104775,
            448.84749708963915,
            386.4027939464494
          ],
          "category": "car",
          "category ID": 3,
          "trunc": false
        }
      ]
    },
    {
      "frame_id": 43,
      "image_path": "frames/UbDCiQVuzPY_001585/images/000043.jpg",
      "accident_id": 4,
      "accident_name": "oncoming",
      "objects": [
        {
          "obj_track_id": 0,
          "bbox": [
            300.488940628638,
            322.70081490104775,
            448.84749708963915,
            393.9464493597206
          ],
          "category": "car",
          "category ID": 3,
          "trunc": false
        }
      ]
    },
    {
      "frame_id": 44,
      "image_path": "frames/UbDCiQVuzPY_001585/images/000044.jpg",
      "accident_id": 4,
      "accident_name": "oncoming",
      "objects": [
        {
          "obj_track_id": 0,
          "bbox": [
            276.1816065192084,
            322.70081490104775,
            448.84749708963915,
            393.1082654249127
          ],
          "category": "car",
          "category ID": 3,
          "trunc": false
        },
        {
          "obj_track_id": 70,
          "bbox": [
            453.87660069848664,
            306.7753201396973,
            656.7171129220023,
            440.8847497089639
          ],
          "category": "car",
          "category ID": 3,
          "trunc": false
        }
      ]
    },
    {
      "frame_id": 45,
      "image_path": "frames/UbDCiQVuzPY_001585/images/000045.jpg",
      "accident_id": 4,
      "accident_name": "oncoming",
      "objects": [
        {
          "obj_track_id": 0,
          "bbox": [
            258.57974388824215,
            322.70081490104775,
            448.84749708963915,
            400.65192083818397
          ],
          "category": "car",
          "category ID": 3,
          "trunc": false
        },
        {
          "obj_track_id": 70,
          "bbox": [
            451.36204889406287,
            306.7753201396973,
            656.7171129220023,
            440.04656577415597
          ],
          "category": "car",
          "category ID": 3,
          "trunc": false
        }
      ]
    },
    {
      "frame_id": 46,
      "image_path": "frames/UbDCiQVuzPY_001585/images/000046.jpg",
      "accident_id": 4,
      "accident_name": "oncoming",
      "objects": [
        {
          "obj_track_id": 0,
          "bbox": [
            239.30151338766007,
            318.50989522700814,
            448.84749708963915,
            400.65192083818397
          ],
          "category": "car",
          "category ID": 3,
          "trunc": false
        },
        {
          "obj_track_id": 70,
          "bbox": [
            448.84749708963915,
            306.7753201396973,
            656.7171129220023,
            439.20838183934814
          ],
          "category": "car",
          "category ID": 3,
          "trunc": false
        }
      ]
    },
    {
      "frame_id": 47,
      "image_path": "frames/UbDCiQVuzPY_001585/images/000047.jpg",
      "accident_id": 4,
      "accident_name": "oncoming",
      "objects": [
        {
          "obj_track_id": 0,
          "bbox": [
            222.53783469150176,
            318.50989522700814,
            448.84749708963915,
            404.8428405122235
          ],
          "category": "car",
          "category ID": 3,
          "trunc": false
        },
        {
          "obj_track_id": 70,
          "bbox": [
            446.3329452852154,
            306.7753201396973,
            656.7171129220023,
            438.3701979045402
          ],
          "category": "car",
          "category ID": 3,
          "trunc": false
        }
      ]
    },
    {
      "frame_id": 48,
      "image_path": "frames/UbDCiQVuzPY_001585/images/000048.jpg",
      "accident_id": 4,
      "accident_name": "oncoming",
      "objects": [
        {
          "obj_track_id": 0,
          "bbox": [
            204.0977881257276,
            315.1571594877765,
            448.84749708963915,
            409.0337601862631
          ],
          "category": "car",
          "category ID": 3,
          "trunc": false
        },
        {
          "obj_track_id": 70,
          "bbox": [
            443.81839348079166,
            306.7753201396973,
            656.7171129220023,
            439.62747380675205
          ],
          "category": "car",
          "category ID": 3,
          "trunc": false
        }
      ]
    },
    {
      "frame_id": 49,
      "image_path": "frames/UbDCiQVuzPY_001585/images/000049.jpg",
      "accident_id": 4,
      "accident_name": "oncoming",
      "objects": [
        {
          "obj_track_id": 0,
          "bbox": [
            192.36321303841677,
            315.1571594877765,
            448.8474970896392,
            414.0628637951106
          ],
          "category": "car",
          "category ID": 3,
          "trunc": false
        },
        {
          "obj_track_id": 70,
          "bbox": [
            441.3038416763679,
            306.7753201396973,
            656.7171129220023,
            440.8847497089639
          ],
          "category": "car",
          "category ID": 3,
          "trunc": false
        }
      ]
    },
    {
      "frame_id": 50,
      "image_path": "frames/UbDCiQVuzPY_001585/images/000050.jpg",
      "accident_id": 4,
      "accident_name": "oncoming",
      "objects": [
        {
          "obj_track_id": 0,
          "bbox": [
            179.790454016298,
            310.96623981373693,
            448.8474970896392,
            417.4155995343423
          ],
          "category": "car",
          "category ID": 3,
          "trunc": false
        },
        {
          "obj_track_id": 70,
          "bbox": [
            442.14202561117577,
            306.7753201396973,
            656.7171129220023,
            448.4284051222352
          ],
          "category": "car",
          "category ID": 3,
          "trunc": false
        }
      ]
    },
    {
      "frame_id": 51,
      "image_path": "frames/UbDCiQVuzPY_001585/images/000051.jpg",
      "accident_id": 4,
      "accident_name": "oncoming",
      "objects": [
        {
          "obj_track_id": 0,
          "bbox": [
            165.54132712456345,
            310.96623981373693,
            448.8474970896392,
            426.6356228172293
          ],
          "category": "car",
          "category ID": 3,
          "trunc": false
        },
        {
          "obj_track_id": 70,
          "bbox": [
            440.8847497089639,
            311.52502910360886,
            654.2025611175786,
            450.104772991851
          ],
          "category": "car",
          "category ID": 3,
          "trunc": false
        }
      ]
    },
    {
      "frame_id": 52,
      "image_path": "frames/UbDCiQVuzPY_001585/images/000052.jpg",
      "accident_id": 4,
      "accident_name": "oncoming",
      "objects": [
        {
          "obj_track_id": 0,
          "bbox": [
            157.1594877764843,
            308.45168800931316,
            450.523864959255,
            433.3410942956927
          ],
          "category": "car",
          "category ID": 3,
          "trunc": false
        },
        {
          "obj_track_id": 70,
          "bbox": [
            439.62747380675205,
            316.2747380675204,
            661.1874272409779,
            451.78114086146684
          ],
          "category": "car",
          "category ID": 3,
          "trunc": false
        }
      ]
    },
    {
      "frame_id": 53,
      "image_path": "frames/UbDCiQVuzPY_001585/images/000053.jpg",
      "accident_id": 4,
      "accident_name": "oncoming",
      "objects": [
        {
          "obj_track_id": 0,
          "bbox": [
            128.66123399301514,
            305.9371362048894,
            495.78579743888235,
            435.01746216530853
          ],
          "category": "car",
          "category ID": 3,
          "trunc": false
        },
        {
          "obj_track_id": 70,
          "bbox": [
            478.1839348079162,
            310.128055878929,
            662.5844004656577,
            458.48661233993016
          ],
          "category": "car",
          "category ID": 3,
          "trunc": false
        }
      ]
    },
    {
      "frame_id": 54,
      "image_path": "frames/UbDCiQVuzPY_001585/images/000054.jpg",
      "accident_id": 4,
      "accident_name": "oncoming",
      "objects": [
        {
          "obj_track_id": 0,
          "bbox": [
            102.67753201396974,
            303.42258440046567,
            509.1967403958091,
            445.0756693830035
          ],
          "category": "car",
          "category ID": 3,
          "trunc": false
        },
        {
          "obj_track_id": 70,
          "bbox": [
            510.87310826542495,
            305.9371362048894,
            684.3771827706636,
            457.6484284051222
          ],
          "category": "car",
          "category ID": 3,
          "trunc": false
        }
      ]
    },
    {
      "frame_id": 55,
      "image_path": "frames/UbDCiQVuzPY_001585/images/000055.jpg",
      "accident_id": 4,
      "accident_name": "oncoming",
      "objects": [
        {
          "obj_track_id": 0,
          "bbox": [
            85.91385331781142,
            303.42258440046567,
            512.5494761350408,
            450.9429569266589
          ],
          "category": "car",
          "category ID": 3,
          "trunc": false
        },
        {
          "obj_track_id": 70,
          "bbox": [
            521.7694994179278,
            305.9371362048894,
            719.5809080325961,
            460.162980209546
          ],
          "category": "car",
          "category ID": 3,
          "trunc": false
        }
      ]
    },
    {
      "frame_id": 56,
      "image_path": "frames/UbDCiQVuzPY_001585/images/000056.jpg",
      "accident_id": 4,
      "accident_name": "oncoming",
      "objects": [
        {
          "obj_track_id": 0,
          "bbox": [
            66.63562281722933,
            301.74621653084984,
            517.5785797438882,
            458.48661233993016
          ],
          "category": "car",
          "category ID": 3,
          "trunc": false
        },
        {
          "obj_track_id": 70,
          "bbox": [
            523.4458672875437,
            303.4225844004656,
            725.4481955762516,
            457.6484284051222
          ],
          "category": "car",
          "category ID": 3,
          "trunc": false
        }
      ]
    },
    {
      "frame_id": 57,
      "image_path": "frames/UbDCiQVuzPY_001585/images/000057.jpg",
      "accident_id": 4,
      "accident_name": "oncoming",
      "objects": [
        {
          "obj_track_id": 0,
          "bbox": [
            52.38649592549476,
            300.069848661234,
            517.5785797438882,
            469.3830034924331
          ],
          "category": "car",
          "category ID": 3,
          "trunc": false
        },
        {
          "obj_track_id": 70,
          "bbox": [
            522.6076833527358,
            305.09895227008144,
            735.5064027939467,
            459.32479627473805
          ],
          "category": "car",
          "category ID": 3,
          "trunc": false
        }
      ]
    },
    {
      "frame_id": 58,
      "image_path": "frames/UbDCiQVuzPY_001585/images/000058.jpg",
      "accident_id": 4,
      "accident_name": "oncoming",
      "objects": [
        {
          "obj_track_id": 0,
          "bbox": [
            41.49010477299185,
            300.069848661234,
            517.5785797438882,
            471.8975552968568
          ],
          "category": "car",
          "category ID": 3,
          "trunc": false
        },
        {
          "obj_track_id": 70,
          "bbox": [
            521.3504074505239,
            304.05122235157154,
            735.5064027939467,
            459.32479627473805
          ],
          "category": "car",
          "category ID": 3,
          "trunc": false
        }
      ]
    },
    {
      "frame_id": 59,
      "image_path": "frames/UbDCiQVuzPY_001585/images/000059.jpg",
      "accident_id": 4,
      "accident_name": "oncoming",
      "objects": [
        {
          "obj_track_id": 0,
          "bbox": [
            30.59371362048894,
            291.68800931315485,
            519.2549476135041,
            476.0884749708964
          ],
          "category": "car",
          "category ID": 3,
          "trunc": false
        }
      ]
    },
    {
      "frame_id": 60,
      "image_path": "frames/UbDCiQVuzPY_001585/images/000060.jpg",
      "accident_id": 4,
      "accident_name": "oncoming",
      "objects": [
        {
          "obj_track_id": 0,
          "bbox": [
            18.859138533178115,
            291.68800931315485,
            519.2549476135041,
            476.0884749708964
          ],
          "category": "car",
          "category ID": 3,
          "trunc": false
        }
      ]
    },
    {
      "frame_id": 61,
      "image_path": "frames/UbDCiQVuzPY_001585/images/000061.jpg",
      "accident_id": 4,
      "accident_name": "oncoming",
      "objects": [
        {
          "obj_track_id": 0,
          "bbox": [
            4.610011641443539,
            284.9825378346915,
            512.5494761350408,
            484.47031431897557
          ],
          "category": "car",
          "category ID": 3,
          "trunc": false
        }
      ]
    },
    {
      "frame_id": 62,
      "image_path": "frames/UbDCiQVuzPY_001585/images/000062.jpg",
      "accident_id": 4,
      "accident_name": "oncoming",
      "objects": [
        {
          "obj_track_id": 0,
          "bbox": [
            4.610011641443539,
            284.9825378346915,
            501.65308498253785,
            493.69033760186267
          ],
          "category": "car",
          "category ID": 3,
          "trunc": false
        }
      ]
    },
    {
      "frame_id": 63,
      "image_path": "frames/UbDCiQVuzPY_001585/images/000063.jpg",
      "accident_id": 4,
      "accident_name": "oncoming",
      "objects": [
        {
          "obj_track_id": 0,
          "bbox": [
            4.610011641443539,
            284.9825378346915,
            497.46216530849824,
            493.69033760186267
          ],
          "category": "car",
          "category ID": 3,
          "trunc": false
        }
      ]
    },
    {
      "frame_id": 64,
      "image_path": "frames/UbDCiQVuzPY_001585/images/000064.jpg",
      "accident_id": 0,
      "accident_name": "normal",
      "objects": []
    },
    {
      "frame_id": 65,
      "image_path": "frames/UbDCiQVuzPY_001585/images/000065.jpg",
      "accident_id": 0,
      "accident_name": "normal",
      "objects": []
    },
    {
      "frame_id": 66,
      "image_path": "frames/UbDCiQVuzPY_001585/images/000066.jpg",
      "accident_id": 0,
      "accident_name": "normal",
      "objects": []
    },
    {
      "frame_id": 67,
      "image_path": "frames/UbDCiQVuzPY_001585/images/000067.jpg",
      "accident_id": 0,
      "accident_name": "normal",
      "objects": []
    },
    {
      "frame_id": 68,
      "image_path": "frames/UbDCiQVuzPY_001585/images/000068.jpg",
      "accident_id": 0,
      "accident_name": "normal",
      "objects": []
    },
    {
      "frame_id": 69,
      "image_path": "frames/UbDCiQVuzPY_001585/images/000069.jpg",
      "accident_id": 0,
      "accident_name": "normal",
      "objects": []
    },
    {
      "frame_id": 70,
      "image_path": "frames/UbDCiQVuzPY_001585/images/000070.jpg",
      "accident_id": 0,
      "accident_name": "normal",
      "objects": []
    },
    {
      "frame_id": 71,
      "image_path": "frames/UbDCiQVuzPY_001585/images/000071.jpg",
      "accident_id": 0,
      "accident_name": "normal",
      "objects": []
    },
    {
      "frame_id": 72,
      "image_path": "frames/UbDCiQVuzPY_001585/images/000072.jpg",
      "accident_id": 0,
      "accident_name": "normal",
      "objects": []
    },
    {
      "frame_id": 73,
      "image_path": "frames/UbDCiQVuzPY_001585/images/000073.jpg",
      "accident_id": 0,
      "accident_name": "normal",
      "objects": []
    },
    {
      "frame_id": 74,
      "image_path": "frames/UbDCiQVuzPY_001585/images/000074.jpg",
      "accident_id": 0,
      "accident_name": "normal",
      "objects": []
    },
    {
      "frame_id": 75,
      "image_path": "frames/UbDCiQVuzPY_001585/images/000075.jpg",
      "accident_id": 0,
      "accident_name": "normal",
      "objects": []
    },
    {
      "frame_id": 76,
      "image_path": "frames/UbDCiQVuzPY_001585/images/000076.jpg",
      "accident_id": 0,
      "accident_name": "normal",
      "objects": []
    },
    {
      "frame_id": 77,
      "image_path": "frames/UbDCiQVuzPY_001585/images/000077.jpg",
      "accident_id": 0,
      "accident_name": "normal",
      "objects": []
    },
    {
      "frame_id": 78,
      "image_path": "frames/UbDCiQVuzPY_001585/images/000078.jpg",
      "accident_id": 0,
      "accident_name": "normal",
      "objects": []
    },
    {
      "frame_id": 79,
      "image_path": "frames/UbDCiQVuzPY_001585/images/000079.jpg",
      "accident_id": 0,
      "accident_name": "normal",
      "objects": []
    },
    {
      "frame_id": 80,
      "image_path": "frames/UbDCiQVuzPY_001585/images/000080.jpg",
      "accident_id": 0,
      "accident_name": "normal",
      "objects": []
    },
    {
      "frame_id": 81,
      "image_path": "frames/UbDCiQVuzPY_001585/images/000081.jpg",
      "accident_id": 0,
      "accident_name": "normal",
      "objects": []
    },
    {
      "frame_id": 82,
      "image_path": "frames/UbDCiQVuzPY_001585/images/000082.jpg",
      "accident_id": 0,
      "accident_name": "normal",
      "objects": []
    },
    {
      "frame_id": 83,
      "image_path": "frames/UbDCiQVuzPY_001585/images/000083.jpg",
      "accident_id": 0,
      "accident_name": "normal",
      "objects": []
    },
    {
      "frame_id": 84,
      "image_path": "frames/UbDCiQVuzPY_001585/images/000084.jpg",
      "accident_id": 0,
      "accident_name": "normal",
      "objects": []
    },
    {
      "frame_id": 85,
      "image_path": "frames/UbDCiQVuzPY_001585/images/000085.jpg",
      "accident_id": 0,
      "accident_name": "normal",
      "objects": []
    },
    {
      "frame_id": 86,
      "image_path": "frames/UbDCiQVuzPY_001585/images/000086.jpg",
      "accident_id": 0,
      "accident_name": "normal",
      "objects": []
    },
    {
      "frame_id": 87,
      "image_path": "frames/UbDCiQVuzPY_001585/images/000087.jpg",
      "accident_id": 0,
      "accident_name": "normal",
      "objects": []
    },
    {
      "frame_id": 88,
      "image_path": "frames/UbDCiQVuzPY_001585/images/000088.jpg",
      "accident_id": 0,
      "accident_name": "normal",
      "objects": []
    },
    {
      "frame_id": 89,
      "image_path": "frames/UbDCiQVuzPY_001585/images/000089.jpg",
      "accident_id": 0,
      "accident_name": "normal",
      "objects": []
    },
    {
      "frame_id": 90,
      "image_path": "frames/UbDCiQVuzPY_001585/images/000090.jpg",
      "accident_id": 0,
      "accident_name": "normal",
      "objects": []
    },
    {
      "frame_id": 91,
      "image_path": "frames/UbDCiQVuzPY_001585/images/000091.jpg",
      "accident_id": 0,
      "accident_name": "normal",
      "objects": []
    },
    {
      "frame_id": 92,
      "image_path": "frames/UbDCiQVuzPY_001585/images/000092.jpg",
      "accident_id": 0,
      "accident_name": "normal",
      "objects": []
    },
    {
      "frame_id": 93,
      "image_path": "frames/UbDCiQVuzPY_001585/images/000093.jpg",
      "accident_id": 0,
      "accident_name": "normal",
      "objects": []
    },
    {
      "frame_id": 94,
      "image_path": "frames/UbDCiQVuzPY_001585/images/000094.jpg",
      "accident_id": 0,
      "accident_name": "normal",
      "objects": []
    },
    {
      "frame_id": 95,
      "image_path": "frames/UbDCiQVuzPY_001585/images/000095.jpg",
      "accident_id": 0,
      "accident_name": "normal",
      "objects": []
    },
    {
      "frame_id": 96,
      "image_path": "frames/UbDCiQVuzPY_001585/images/000096.jpg",
      "accident_id": 0,
      "accident_name": "normal",
      "objects": []
    },
    {
      "frame_id": 97,
      "image_path": "frames/UbDCiQVuzPY_001585/images/000097.jpg",
      "accident_id": 0,
      "accident_name": "normal",
      "objects": []
    },
    {
      "frame_id": 98,
      "image_path": "frames/UbDCiQVuzPY_001585/images/000098.jpg",
      "accident_id": 0,
      "accident_name": "normal",
      "objects": []
    },
    {
      "frame_id": 99,
      "image_path": "frames/UbDCiQVuzPY_001585/images/000099.jpg",
      "accident_id": 0,
      "accident_name": "normal",
      "objects": []
    },
    {
      "frame_id": 100,
      "image_path": "frames/UbDCiQVuzPY_001585/images/000100.jpg",
      "accident_id": 0,
      "accident_name": "normal",
      "objects": []
    },
    {
      "frame_id": 101,
      "image_path": "frames/UbDCiQVuzPY_001585/images/000101.jpg",
      "accident_id": 0,
      "accident_name": "normal",
      "objects": []
    },
    {
      "frame_id": 102,
      "image_path": "frames/UbDCiQVuzPY_001585/images/000102.jpg",
      "accident_id": 0,
      "accident_name": "normal",
      "objects": []
    },
    {
      "frame_id": 103,
      "image_path": "frames/UbDCiQVuzPY_001585/images/000103.jpg",
      "accident_id": 0,
      "accident_name": "normal",
      "objects": []
    },
    {
      "frame_id": 104,
      "image_path": "frames/UbDCiQVuzPY_001585/images/000104.jpg",
      "accident_id": 0,
      "accident_name": "normal",
      "objects": []
    },
    {
      "frame_id": 105,
      "image_path": "frames/UbDCiQVuzPY_001585/images/000105.jpg",
      "accident_id": 0,
      "accident_name": "normal",
      "objects": []
    },
    {
      "frame_id": 106,
      "image_path": "frames/UbDCiQVuzPY_001585/images/000106.jpg",
      "accident_id": 0,
      "accident_name": "normal",
      "objects": []
    },
    {
      "frame_id": 107,
      "image_path": "frames/UbDCiQVuzPY_001585/images/000107.jpg",
      "accident_id": 0,
      "accident_name": "normal",
      "objects": []
    },
    {
      "frame_id": 108,
      "image_path": "frames/UbDCiQVuzPY_001585/images/000108.jpg",
      "accident_id": 0,
      "accident_name": "normal",
      "objects": []
    }
  ]
}