{
  "video_name": "V3--0ubJkNE_000340",
  "channel": "AnAn",
  "num_frames": 112,
  "ignore": false,
  "ego_involve": true,
  "night": false,
  "anomaly_start": 21,
  "anomaly_end": 79,
  "video_start": 340,
  "video_end": 451,
  "accident_id": "9",
  "accident_name": "leave_to_left",
  "labels": [
    {
      "frame_id": 0,
      "image_path": "frames/V3--0ubJkNE_000340/images/000000.jpg",
      "accident_id": 0,
      "accident_name": "normal",
      "objects": []
    },
    {
      "frame_id": 1,
      "image_path": "frames/V3--0ubJkNE_000340/images/000001.jpg",
      "accident_id": 0,
      "accident_name": "normal",
      "objects": []
    },
    {
      "frame_id": 2,
      "image_path": "frames/V3--0ubJkNE_000340/images/000002.jpg",
      "accident_id": 0,
      "accident_name": "normal",
      "objects": []
    },
    {
      "frame_id": 3,
      "image_path": "frames/V3--0ubJkNE_000340/images/000003.jpg",
      "accident_id": 0,
      "accident_name": "normal",
      "objects": []
    },
    {
      "frame_id": 4,
      "image_path": "frames/V3--0ubJkNE_000340/images/000004.jpg",
      "accident_id": 0,
      "accident_name": "normal",
      "objects": []
    },
    {
      "frame_id": 5,
      "image_path": "frames/V3--0ubJkNE_000340/images/000005.jpg",
      "accident_id": 0,
      "accident_name": "normal",
      "objects": []
    },
    {
      "frame_id": 6,
      "image_path": "frames/V3--0ubJkNE_000340/images/000006.jpg",
      "accident_id": 0,
      "accident_name": "normal",
      "objects": []
    },
    {
      "frame_id": 7,
      "image_path": "frames/V3--0ubJkNE_000340/images/000007.jpg",
      "accident_id": 0,
      "accident_name": "normal",
      "objects": []
    },
    {
      "frame_id": 8,
      "image_path": "frames/V3--0ubJkNE_000340/images/000008.jpg",
      "accident_id": 0,
      "accident_name": "normal",
      "objects": []
    },
    {
      "frame_id": 9,
      "image_path": "frames/V3--0ubJkNE_000340/images/000009.jpg",
      "accident_id": 0,
      "accident_name": "normal",
      "objects": []
    },
    {
      "frame_id": 10,
      "image_path": "frames/V3--0ubJkNE_000340/images/000010.jpg",
      "accident_id": 0,
      "accident_name": "normal",
      "objects": []
    },
    {
      "frame_id": 11,
      "image_path": "frames/V3--0ubJkNE_000340/images/000011.jpg",
      "accident_id": 0,
      "accident_name": "normal",
      "objects": []
    },
    {
      "frame_id": 12,
      "image_path": "frames/V3--0ubJkNE_000340/images/000012.jpg",
      "accident_id": 0,
      "accident_name": "normal",
      "objects": []
    },
    {
      "frame_id": 13,
      "image_path": "frames/V3--0ubJkNE_000340/images/000013.jpg",
      "accident_id": 0,
      "accident_name": "normal",
      "objects": []
    },
    {
      "frame_id": 14,
      "image_path": "frames/V3--0ubJkNE_000340/images/000014.jpg",
      "accident_id": 0,
      "accident_name": "normal",
      "objects": []
    },
    {
      "frame_id": 15,
      "image_path": "frames/V3--0ubJkNE_000340/images/000015.jpg",
      "accident_id": 0,
      "accident_name": "normal",
      "objects": []
    },
    {
      "frame_id": 16,
      "image_path": "frames/V3--0ubJkNE_000340/images/000016.jpg",
      "accident_id": 0,
      "accident_name": "normal",
      "objects": []
    },
    {
      "frame_id": 17,
      "image_path": "frames/V3--0ubJkNE_000340/images/000017.jpg",
      "accident_id": 0,
      "accident_name": "normal",
      "objects": []
    },
    {
      "frame_id": 18,
      "image_path": "frames/V3--0ubJkNE_000340/images/000018.jpg",
      "accident_id": 0,
      "accident_name": "normal",
      "objects": []
    },
    {
      "frame_id": 19,
      "image_path": "frames/V3--0ubJkNE_000340/images/000019.jpg",
      "accident_id": 0,
      "accident_name": "normal",
      "objects": []
    },
    {
      "frame_id": 20,
      "image_path": "frames/V3--0ubJkNE_000340/images/000020.jpg",
      "accident_id": 0,
      "accident_name": "normal",
      "objects": []
    },
    {
      "frame_id": 21,
      "image_path": "frames/V3--0ubJkNE_000340/images/000021.jpg",
      "accident_id": 9,
      "accident_name": "leave_to_left",
      "objects": [
        {
          "obj_track_id": 0,
          "bbox": [
            505.929648241206,
            495.0753768844221,
            582.5125628140703,
            533.6683417085427
          ],
          "category": "car",
          "category ID": 3,
          "trunc": false
        }
      ]
    },
    {
      "frame_id": 22,
      "image_path": "frames/V3--0ubJkNE_000340/images/000022.jpg",
      "accident_id": 9,
      "accident_name": "leave_to_left",
      "objects": [
        {
          "obj_track_id": 0,
          "bbox": [
            516.7839195979899,
            501.7085427135678,
            601.2060301507537,
            543.3165829145728
          ],
          "category": "car",
          "category ID": 3,
          "trunc": false
        }
      ]
    },
    {
      "frame_id": 23,
      "image_path": "frames/V3--0ubJkNE_000340/images/000023.jpg",
      "accident_id": 9,
      "accident_name": "leave_to_left",
      "objects": [
        {
          "obj_track_id": 0,
          "bbox": [
            531.2562814070351,
            505.929648241206,
            620.502512562814,
            547.537688442211
          ],
          "category": "car",
          "category ID": 3,
          "trunc": false
        }
      ]
    },
    {
      "frame_id": 24,
      "image_path": "frames/V3--0ubJkNE_000340/images/000024.jpg",
      "accident_id": 9,
      "accident_name": "leave_to_left",
      "objects": [
        {
          "obj_track_id": 0,
          "bbox": [
            550.5527638190954,
            501.7085427135678,
            642.8140703517588,
            548.7437185929648
          ],
          "category": "car",
          "category ID": 3,
          "trunc": false
        }
      ]
    },
    {
      "frame_id": 25,
      "image_path": "frames/V3--0ubJkNE_000340/images/000025.jpg",
      "accident_id": 9,
      "accident_name": "leave_to_left",
      "objects": [
        {
          "obj_track_id": 0,
          "bbox": [
            566.2311557788944,
            501.7085427135678,
            652.4623115577889,
            549.3467336683417
          ],
          "category": "car",
          "category ID": 3,
          "trunc": false
        }
      ]
    },
    {
      "frame_id": 26,
      "image_path": "frames/V3--0ubJkNE_000340/images/000026.jpg",
      "accident_id": 9,
      "accident_name": "leave_to_left",
      "objects": [
        {
          "obj_track_id": 0,
          "bbox": [
            594.572864321608,
            499.29648241206024,
            672.964824120603,
            548.7437185929648
          ],
          "category": "car",
          "category ID": 3,
          "trunc": false
        }
      ]
    },
    {
      "frame_id": 27,
      "image_path": "frames/V3--0ubJkNE_000340/images/000027.jpg",
      "accident_id": 9,
      "accident_name": "leave_to_left",
      "objects": [
        {
          "obj_track_id": 0,
          "bbox": [
            631.356783919598,
            498.0904522613065,
            715.7788944723618,
            549.9497487437186
          ],
          "category": "car",
          "category ID": 3,
          "trunc": false
        }
      ]
    },
    {
      "frame_id": 28,
      "image_path": "frames/V3--0ubJkNE_000340/images/000028.jpg",
      "accident_id": 9,
      "accident_name": "leave_to_left",
      "objects": [
        {
          "obj_track_id": 0,
          "bbox": [
            646.4321608040201,
            495.67839195979894,
            751.3567839195979,
            551.7587939698492
          ],
          "category": "car",
          "category ID": 3,
          "trunc": false
        }
      ]
    },
    {
      "frame_id": 29,
      "image_path": "frames/V3--0ubJkNE_000340/images/000029.jpg",
      "accident_id": 9,
      "accident_name": "leave_to_left",
      "objects": [
        {
          "obj_track_id": 0,
          "bbox": [
            655.4773869346733,
            492.06030150753764,
            782.7135678391959,
            552.964824120603
          ],
          "category": "car",
          "category ID": 3,
          "trunc": false
        }
      ]
    },
    {
      "frame_id": 30,
      "image_path": "frames/V3--0ubJkNE_000340/images/000030.jpg",
      "accident_id": 9,
      "accident_name": "leave_to_left",
      "objects": [
        {
          "obj_track_id": 0,
          "bbox": [
            665.1256281407035,
            490.8542713567839,
            815.8793969849246,
            556.5829145728643
          ],
          "category": "car",
          "category ID": 3,
          "trunc": false
        }
      ]
    },
    {
      "frame_id": 31,
      "image_path": "frames/V3--0ubJkNE_000340/images/000031.jpg",
      "accident_id": 9,
      "accident_name": "leave_to_left",
      "objects": [
        {
          "obj_track_id": 0,
          "bbox": [
            680.8040201005025,
            485.42713567839195,
            867.1356783919598,
            557.1859296482412
          ],
          "category": "car",
          "category ID": 3,
          "trunc": false
        }
      ]
    },
    {
      "frame_id": 32,
      "image_path": "frames/V3--0ubJkNE_000340/images/000032.jpg",
      "accident_id": 9,
      "accident_name": "leave_to_left",
      "objects": [
        {
          "obj_track_id": 0,
          "bbox": [
            689.2462311557789,
            481.80904522613065,
            894.2713567839195,
            558.3919597989949
          ],
          "category": "car",
          "category ID": 3,
          "trunc": false
        }
      ]
    },
    {
      "frame_id": 33,
      "image_path": "frames/V3--0ubJkNE_000340/images/000033.jpg",
      "accident_id": 9,
      "accident_name": "leave_to_left",
      "objects": [
        {
          "obj_track_id": 0,
          "bbox": [
            704.6231155778894,
            482.713567839196,
            937.0854271356783,
            566.8341708542713
          ],
          "category": "car",
          "category ID": 3,
          "trunc": false
        }
      ]
    },
    {
      "frame_id": 34,
      "image_path": "frames/V3--0ubJkNE_000340/images/000034.jpg",
      "accident_id": 9,
      "accident_name": "leave_to_left",
      "objects": [
        {
          "obj_track_id": 0,
          "bbox": [
            720,
            483.6180904522613,
            980.502512562814,
            575.2763819095477
          ],
          "category": "car",
          "category ID": 3,
          "trunc": false
        }
      ]
    },
    {
      "frame_id": 35,
      "image_path": "frames/V3--0ubJkNE_000340/images/000035.jpg",
      "accident_id": 9,
      "accident_name": "leave_to_left",
      "objects": [
        {
          "obj_track_id": 0,
          "bbox": [
            734.7738693467336,
            483.6180904522613,
            1024.221105527638,
            584.9246231155779
          ],
          "category": "car",
          "category ID": 3,
          "trunc": false
        }
      ]
    },
    {
      "frame_id": 36,
      "image_path": "frames/V3--0ubJkNE_000340/images/000036.jpg",
      "accident_id": 9,
      "accident_name": "leave_to_left",
      "objects": [
        {
          "obj_track_id": 0,
          "bbox": [
            749.5477386934673,
            480.60301507537685,
            1067.9396984924622,
            587.9396984924623
          ],
          "category": "car",
          "category ID": 3,
          "trunc": false
        }
      ]
    },
    {
      "frame_id": 37,
      "image_path": "frames/V3--0ubJkNE_000340/images/000037.jpg",
      "accident_id": 9,
      "accident_name": "leave_to_left",
      "objects": [
        {
          "obj_track_id": 0,
          "bbox": [
            757.9899497487437,
            473.6683417085427,
            1114.3718592964824,
            596.0804020100503
          ],
          "category": "car",
          "category ID": 3,
          "trunc": false
        }
      ]
    },
    {
      "frame_id": 38,
      "image_path": "frames/V3--0ubJkNE_000340/images/000038.jpg",
      "accident_id": 9,
      "accident_name": "leave_to_left",
      "objects": [
        {
          "obj_track_id": 0,
          "bbox": [
            766.4321608040201,
            466.7336683417085,
            1162.6130653266332,
            604.2211055276382
          ],
          "category": "car",
          "category ID": 3,
          "trunc": false
        }
      ]
    },
    {
      "frame_id": 39,
      "image_path": "frames/V3--0ubJkNE_000340/images/000039.jpg",
      "accident_id": 9,
      "accident_name": "leave_to_left",
      "objects": [
        {
          "obj_track_id": 0,
          "bbox": [
            770.6532663316582,
            466.7336683417085,
            1221.1055276381908,
            633.467336683417
          ],
          "category": "car",
          "category ID": 3,
          "trunc": false
        }
      ]
    },
    {
      "frame_id": 40,
      "image_path": "frames/V3--0ubJkNE_000340/images/000040.jpg",
      "accident_id": 9,
      "accident_name": "leave_to_left",
      "objects": [
        {
          "obj_track_id": 0,
          "bbox": [
            774.8743718592964,
            466.7336683417085,
            1279.5979899497486,
            662.7135678391959
          ],
          "category": "car",
          "category ID": 3,
          "trunc": true
        }
      ]
    },
    {
      "frame_id": 41,
      "image_path": "frames/V3--0ubJkNE_000340/images/000041.jpg",
      "accident_id": 9,
      "accident_name": "leave_to_left",
      "objects": [
        {
          "obj_track_id": 0,
          "bbox": [
            778.4924623115577,
            465.52763819095475,
            1279.5979899497486,
            675.9798994974874
          ],
          "category": "car",
          "category ID": 3,
          "trunc": true
        }
      ]
    },
    {
      "frame_id": 42,
      "image_path": "frames/V3--0ubJkNE_000340/images/000042.jpg",
      "accident_id": 9,
      "accident_name": "leave_to_left",
      "objects": [
        {
          "obj_track_id": 0,
          "bbox": [
            807.4371859296482,
            448.643216080402,
            1279.5979899497486,
            677.1859296482412
          ],
          "category": "car",
          "category ID": 3,
          "trunc": true
        }
      ]
    },
    {
      "frame_id": 43,
      "image_path": "frames/V3--0ubJkNE_000340/images/000043.jpg",
      "accident_id": 9,
      "accident_name": "leave_to_left",
      "objects": [
        {
          "obj_track_id": 0,
          "bbox": [
            841.8090452261306,
            456.4824120603015,
            1279.5979899497486,
            677.1859296482412
          ],
          "category": "car",
          "category ID": 3,
          "trunc": true
        }
      ]
    },
    {
      "frame_id": 44,
      "image_path": "frames/V3--0ubJkNE_000340/images/000044.jpg",
      "accident_id": 9,
      "accident_name": "leave_to_left",
      "objects": [
        {
          "obj_track_id": 0,
          "bbox": [
            1007.6381909547738,
            560.2010050251256,
            1279.5979899497486,
            677.1859296482412
          ],
          "category": "car",
          "category ID": 3,
          "trunc": true
        }
      ]
    },
    {
      "frame_id": 45,
      "image_path": "frames/V3--0ubJkNE_000340/images/000045.jpg",
      "accident_id": 9,
      "accident_name": "leave_to_left",
      "objects": []
    },
    {
      "frame_id": 46,
      "image_path": "frames/V3--0ubJkNE_000340/images/000046.jpg",
      "accident_id": 9,
      "accident_name": "leave_to_left",
      "objects": []
    },
    {
      "frame_id": 47,
      "image_path": "frames/V3--0ubJkNE_000340/images/000047.jpg",
      "accident_id": 9,
      "accident_name": "leave_to_left",
      "objects": []
    },
    {
      "frame_id": 48,
      "image_path": "frames/V3--0ubJkNE_000340/images/000048.jpg",
      "accident_id": 9,
      "accident_name": "leave_to_left",
      "objects": []
    },
    {
      "frame_id": 49,
      "image_path": "frames/V3--0ubJkNE_000340/images/000049.jpg",
      "accident_id": 9,
      "accident_name": "leave_to_left",
      "objects": []
    },
    {
      "frame_id": 50,
      "image_path": "frames/V3--0ubJkNE_000340/images/000050.jpg",
      "accident_id": 9,
      "accident_name": "leave_to_left",
      "objects": []
    },
    {
      "frame_id": 51,
      "image_path": "frames/V3--0ubJkNE_000340/images/000051.jpg",
      "accident_id": 9,
      "accident_name": "leave_to_left",
      "objects": []
    },
    {
      "frame_id": 52,
      "image_path": "frames/V3--0ubJkNE_000340/images/000052.jpg",
      "accident_id": 9,
      "accident_name": "leave_to_left",
      "objects": []
    },
    {
      "frame_id": 53,
      "image_path": "frames/V3--0ubJkNE_000340/images/000053.jpg",
      "accident_id": 9,
      "accident_name": "leave_to_left",
      "objects": []
    },
    {
      "frame_id": 54,
      "image_path": "frames/V3--0ubJkNE_000340/images/000054.jpg",
      "accident_id": 9,
      "accident_name": "leave_to_left",
      "objects": []
    },
    {
      "frame_id": 55,
      "image_path": "frames/V3--0ubJkNE_000340/images/000055.jpg",
      "accident_id": 9,
      "accident_name": "leave_to_left",
      "objects": []
    },
    {
      "frame_id": 56,
      "image_path": "frames/V3--0ubJkNE_000340/images/000056.jpg",
      "accident_id": 9,
      "accident_name": "leave_to_left",
      "objects": []
    },
    {
      "frame_id": 57,
      "image_path": "frames/V3--0ubJkNE_000340/images/000057.jpg",
      "accident_id": 9,
      "accident_name": "leave_to_left",
      "objects": []
    },
    {
      "frame_id": 58,
      "image_path": "frames/V3--0ubJkNE_000340/images/000058.jpg",
      "accident_id": 9,
      "accident_name": "leave_to_left",
      "objects": []
    },
    {
      "frame_id": 59,
      "image_path": "frames/V3--0ubJkNE_000340/images/000059.jpg",
      "accident_id": 9,
      "accident_name": "leave_to_left",
      "objects": []
    },
    {
      "frame_id": 60,
      "image_path": "frames/V3--0ubJkNE_000340/images/000060.jpg",
      "accident_id": 9,
      "accident_name": "leave_to_left",
      "objects": []
    },
    {
      "frame_id": 61,
      "image_path": "frames/V3--0ubJkNE_000340/images/000061.jpg",
      "accident_id": 9,
      "accident_name": "leave_to_left",
      "objects": []
    },
    {
      "frame_id": 62,
      "image_path": "frames/V3--0ubJkNE_000340/images/000062.jpg",
      "accident_id": 9,
      "accident_name": "leave_to_left",
      "objects": []
    },
    {
      "frame_id": 63,
      "image_path": "frames/V3--0ubJkNE_000340/images/000063.jpg",
      "accident_id": 9,
      "accident_name": "leave_to_left",
      "objects": []
    },
    {
      "frame_id": 64,
      "image_path": "frames/V3--0ubJkNE_000340/images/000064.jpg",
      "accident_id": 9,
      "accident_name": "leave_to_left",
      "objects": []
    },
    {
      "frame_id": 65,
      "image_path": "frames/V3--0ubJkNE_000340/images/000065.jpg",
      "accident_id": 9,
      "accident_name": "leave_to_left",
      "objects": []
    },
    {
      "frame_id": 66,
      "image_path": "frames/V3--0ubJkNE_000340/images/000066.jpg",
      "accident_id": 9,
      "accident_name": "leave_to_left",
      "objects": []
    },
    {
      "frame_id": 67,
      "image_path": "frames/V3--0ubJkNE_000340/images/000067.jpg",
      "accident_id": 9,
      "accident_name": "leave_to_left",
      "objects": []
    },
    {
      "frame_id": 68,
      "image_path": "frames/V3--0ubJkNE_000340/images/000068.jpg",
      "accident_id": 9,
      "accident_name": "leave_to_left",
      "objects": []
    },
    {
      "frame_id": 69,
      "image_path": "frames/V3--0ubJkNE_000340/images/000069.jpg",
      "accident_id": 9,
      "accident_name": "leave_to_left",
      "objects": []
    },
    {
      "frame_id": 70,
      "image_path": "frames/V3--0ubJkNE_000340/images/000070.jpg",
      "accident_id": 9,
      "accident_name": "leave_to_left",
      "objects": []
    },
    {
      "frame_id": 71,
      "image_path": "frames/V3--0ubJkNE_000340/images/000071.jpg",
      "accident_id": 9,
      "accident_name": "leave_to_left",
      "objects": []
    },
    {
      "frame_id": 72,
      "image_path": "frames/V3--0ubJkNE_000340/images/000072.jpg",
      "accident_id": 9,
      "accident_name": "leave_to_left",
      "objects": []
    },
    {
      "frame_id": 73,
      "image_path": "frames/V3--0ubJkNE_000340/images/000073.jpg",
      "accident_id": 9,
      "accident_name": "leave_to_left",
      "objects": []
    },
    {
      "frame_id": 74,
      "image_path": "frames/V3--0ubJkNE_000340/images/000074.jpg",
      "accident_id": 9,
      "accident_name": "leave_to_left",
      "objects": []
    },
    {
      "frame_id": 75,
      "image_path": "frames/V3--0ubJkNE_000340/images/000075.jpg",
      "accident_id": 9,
      "accident_name": "leave_to_left",
      "objects": []
    },
    {
      "frame_id": 76,
      "image_path": "frames/V3--0ubJkNE_000340/images/000076.jpg",
      "accident_id": 9,
      "accident_name": "leave_to_left",
      "objects": []
    },
    {
      "frame_id": 77,
      "image_path": "frames/V3--0ubJkNE_000340/images/000077.jpg",
      "accident_id": 9,
      "accident_name": "leave_to_left",
      "objects": []
    },
    {
      "frame_id": 78,
      "image_path": "frames/V3--0ubJkNE_000340/images/000078.jpg",
      "accident_id": 9,
      "accident_name": "leave_to_left",
      "objects": []
    },
    {
      "frame_id": 79,
      "image_path": "frames/V3--0ubJkNE_000340/images/000079.jpg",
      "accident_id": 0,
      "accident_name": "normal",
      "objects": []
    },
    {
      "frame_id": 80,
      "image_path": "frames/V3--0ubJkNE_000340/images/000080.jpg",
      "accident_id": 0,
      "accident_name": "normal",
      "objects": []
    },
    {
      "frame_id": 81,
      "image_path": "frames/V3--0ubJkNE_000340/images/000081.jpg",
      "accident_id": 0,
      "accident_name": "normal",
      "objects": []
    },
    {
      "frame_id": 82,
      "image_path": "frames/V3--0ubJkNE_000340/images/000082.jpg",
      "accident_id": 0,
      "accident_name": "normal",
      "objects": []
    },
    {
      "frame_id": 83,
      "image_path": "frames/V3--0ubJkNE_000340/images/000083.jpg",
      "accident_id": 0,
      "accident_name": "normal",
      "objects": []
    },
    {
      "frame_id": 84,
      "image_path": "frames/V3--0ubJkNE_000340/images/000084.jpg",
      "accident_id": 0,
      "accident_name": "normal",
      "objects": []
    },
    {
      "frame_id": 85,
      "image_path": "frames/V3--0ubJkNE_000340/images/000085.jpg",
      "accident_id": 0,
      "accident_name": "normal",
      "objects": []
    },
    {
      "frame_id": 86,
      "image_path": "frames/V3--0ubJkNE_000340/images/000086.jpg",
      "accident_id": 0,
      "accident_name": "normal",
      "objects": []
    },
    {
      "frame_id": 87,
      "image_path": "frames/V3--0ubJkNE_000340/images/000087.jpg",
      "accident_id": 0,
      "accident_name": "normal",
      "objects": []
    },
    {
      "frame_id": 88,
      "image_path": "frames/V3--0ubJkNE_000340/images/000088.jpg",
      "accident_id": 0,
      "accident_name": "normal",
      "objects": []
    },
    {
      "frame_id": 89,
      "image_path": "frames/V3--0ubJkNE_000340/images/000089.jpg",
      "accident_id": 0,
      "accident_name": "normal",
      "objects": []
    },
    {
      "frame_id": 90,
      "image_path": "frames/V3--0ubJkNE_000340/images/000090.jpg",
      "accident_id": 0,
      "accident_name": "normal",
      "objects": []
    },
    {
      "frame_id": 91,
      "image_path": "frames/V3--0ubJkNE_000340/images/000091.jpg",
      "accident_id": 0,
      "accident_name": "normal",
      "objects": []
    },
    {
      "frame_id": 92,
      "image_path": "frames/V3--0ubJkNE_000340/images/000092.jpg",
      "accident_id": 0,
      "accident_name": "normal",
      "objects": []
    },
    {
      "frame_id": 93,
      "image_path": "frames/V3--0ubJkNE_000340/images/000093.jpg",
      "accident_id": 0,
      "accident_name": "normal",
      "objects": []
    },
    {
      "frame_id": 94,
      "image_path": "frames/V3--0ubJkNE_000340/images/000094.jpg",
      "accident_id": 0,
      "accident_name": "normal",
      "objects": []
    },
    {
      "frame_id": 95,
      "image_path": "frames/V3--0ubJkNE_000340/images/000095.jpg",
      "accident_id": 0,
      "accident_name": "normal",
      "objects": []
    },
    {
      "frame_id": 96,
      "image_path": "frames/V3--0ubJkNE_000340/images/000096.jpg",
      "accident_id": 0,
      "accident_name": "normal",
      "objects": []
    },
    {
      "frame_id": 97,
      "image_path": "frames/V3--0ubJkNE_000340/images/000097.jpg",
      "accident_id": 0,
      "accident_name": "normal",
      "objects": []
    },
    {
      "frame_id": 98,
      "image_path": "frames/V3--0ubJkNE_000340/images/000098.jpg",
      "accident_id": 0,
      "accident_name": "normal",
      "objects": []
    },
    {
      "frame_id": 99,
      "image_path": "frames/V3--0ubJkNE_000340/images/000099.jpg",
      "accident_id": 0,
      "accident_name": "normal",
      "objects": []
    },
    {
      "frame_id": 100,
      "image_path": "frames/V3--0ubJkNE_000340/images/000100.jpg",
      "accident_id": 0,
      "accident_name": "normal",
      "objects": []
    },
    {
      "frame_id": 101,
      "image_path": "frames/V3--0ubJkNE_000340/images/000101.jpg",
      "accident_id": 0,
      "accident_name": "normal",
      "objects": []
    },
    {
      "frame_id": 102,
      "image_path": "frames/V3--0ubJkNE_000340/images/000102.jpg",
      "accident_id": 0,
      "accident_name": "normal",
      "objects": []
    },
    {
      "frame_id": 103,
      "image_path": "frames/V3--0ubJkNE_000340/images/000103.jpg",
      "accident_id": 0,
      "accident_name": "normal",
      "objects": []
    },
    {
      "frame_id": 104,
      "image_path": "frames/V3--0ubJkNE_000340/images/000104.jpg",
      "accident_id": 0,
      "accident_name": "normal",
      "objects": []
    },
    {
      "frame_id": 105,
      "image_path": "frames/V3--0ubJkNE_000340/images/000105.jpg",
      "accident_id": 0,
      "accident_name": "normal",
      "objects": []
    },
    {
      "frame_id": 106,
      "image_path": "frames/V3--0ubJkNE_000340/images/000106.jpg",
      "accident_id": 0,
      "accident_name": "normal",
      "objects": []
    },
    {
      "frame_id": 107,
      "image_path": "frames/V3--0ubJkNE_000340/images/000107.jpg",
      "accident_id": 0,
      "accident_name": "normal",
      "objects": []
    },
    {
      "frame_id": 108,
      "image_path": "frames/V3--0ubJkNE_000340/images/000108.jpg",
      "accident_id": 0,
      "accident_name": "normal",
      "objects": []
    },
    {
      "frame_id": 109,
      "image_path": "frames/V3--0ubJkNE_000340/images/000109.jpg",
      "accident_id": 0,
      "accident_name": "normal",
      "objects": []
    },
    {
      "frame_id": 110,
      "image_path": "frames/V3--0ubJkNE_000340/images/000110.jpg",
      "accident_id": 0,
      "accident_name": "normal",
      "objects": []
    },
    {
      "frame_id": 111,
      "image_path": "frames/V3--0ubJkNE_000340/images/000111.jpg",
      "accident_id": 0,
      "accident_name": "normal",
      "objects": []
    }
  ]
}