{
  "video_name": "yB6fjM1UUC0_001177",
  "channel": "CarCrashesTime",
  "num_frames": 119,
  "ignore": false,
  "ego_involve": false,
  "night": false,
  "anomaly_start": 29,
  "anomaly_end": 49,
  "video_start": 1177,
  "video_end": 1295,
  "accident_id": "2",
  "accident_name": "moving_ahead_or_waiting",
  "labels": [
    {
      "frame_id": 0,
      "image_path": "frames/yB6fjM1UUC0_001177/images/000000.jpg",
      "accident_id": 0,
      "accident_name": "normal",
      "objects": []
    },
    {
      "frame_id": 1,
      "image_path": "frames/yB6fjM1UUC0_001177/images/000001.jpg",
      "accident_id": 0,
      "accident_name": "normal",
      "objects": []
    },
    {
      "frame_id": 2,
      "image_path": "frames/yB6fjM1UUC0_001177/images/000002.jpg",
      "accident_id": 0,
      "accident_name": "normal",
      "objects": []
    },
    {
      "frame_id": 3,
      "image_path": "frames/yB6fjM1UUC0_001177/images/000003.jpg",
      "accident_id": 0,
      "accident_name": "normal",
      "objects": []
    },
    {
      "frame_id": 4,
      "image_path": "frames/yB6fjM1UUC0_001177/images/000004.jpg",
      "accident_id": 0,
      "accident_name": "normal",
      "objects": []
    },
    {
      "frame_id": 5,
      "image_path": "frames/yB6fjM1UUC0_001177/images/000005.jpg",
      "accident_id": 0,
      "accident_name": "normal",
      "objects": []
    },
    {
      "frame_id": 6,
      "image_path": "frames/yB6fjM1UUC0_001177/images/000006.jpg",
      "accident_id": 0,
      "accident_name": "normal",
      "objects": []
    },
    {
      "frame_id": 7,
      "image_path": "frames/yB6fjM1UUC0_001177/images/000007.jpg",
      "accident_id": 0,
      "accident_name": "normal",
      "objects": []
    },
    {
      "frame_id": 8,
      "image_path": "frames/yB6fjM1UUC0_001177/images/000008.jpg",
      "accident_id": 0,
      "accident_name": "normal",
      "objects": []
    },
    {
      "frame_id": 9,
      "image_path": "frames/yB6fjM1UUC0_001177/images/000009.jpg",
      "accident_id": 0,
      "accident_name": "normal",
      "objects": []
    },
    {
      "frame_id": 10,
      "image_path": "frames/yB6fjM1UUC0_001177/images/000010.jpg",
      "accident_id": 0,
      "accident_name": "normal",
      "objects": []
    },
    {
      "frame_id": 11,
      "image_path": "frames/yB6fjM1UUC0_001177/images/000011.jpg",
      "accident_id": 0,
      "accident_name": "normal",
      "objects": []
    },
    {
      "frame_id": 12,
      "image_path": "frames/yB6fjM1UUC0_001177/images/000012.jpg",
      "accident_id": 0,
      "accident_name": "normal",
      "objects": []
    },
    {
      "frame_id": 13,
      "image_path": "frames/yB6fjM1UUC0_001177/images/000013.jpg",
      "accident_id": 0,
      "accident_name": "normal",
      "objects": []
    },
    {
      "frame_id": 14,
      "image_path": "frames/yB6fjM1UUC0_001177/images/000014.jpg",
      "accident_id": 0,
      "accident_name": "normal",
      "objects": []
    },
    {
      "frame_id": 15,
      "image_path": "frames/yB6fjM1UUC0_001177/images/000015.jpg",
      "accident_id": 0,
      "accident_name": "normal",
      "objects": []
    },
    {
      "frame_id": 16,
      "image_path": "frames/yB6fjM1UUC0_001177/images/000016.jpg",
      "accident_id": 0,
      "accident_name": "normal",
      "objects": []
    },
    {
      "frame_id": 17,
      "image_path": "frames/yB6fjM1UUC0_001177/images/000017.jpg",
      "accident_id": 0,
      "accident_name": "normal",
      "objects": []
    },
    {
      "frame_id": 18,
      "image_path": "frames/yB6fjM1UUC0_001177/images/000018.jpg",
      "accident_id": 0,
      "accident_name": "normal",
      "objects": []
    },
    {
      "frame_id": 19,
      "image_path": "frames/yB6fjM1UUC0_001177/images/000019.jpg",
      "accident_id": 0,
      "accident_name": "normal",
      "objects": []
    },
    {
      "frame_id": 20,
      "image_path": "frames/yB6fjM1UUC0_001177/images/000020.jpg",
      "accident_id": 0,
      "accident_name": "normal",
      "objects": []
    },
    {
      "frame_id": 21,
      "image_path": "frames/yB6fjM1UUC0_001177/images/000021.jpg",
      "accident_id": 0,
      "accident_name": "normal",
      "objects": []
    },
    {
      "frame_id": 22,
      "image_path": "frames/yB6fjM1UUC0_001177/images/000022.jpg",
      "accident_id": 0,
      "accident_name": "normal",
      "objects": []
    },
    {
      "frame_id": 23,
      "image_path": "frames/yB6fjM1UUC0_001177/images/000023.jpg",
      "accident_id": 0,
      "accident_name": "normal",
      "objects": []
    },
    {
      "frame_id": 24,
      "image_path": "frames/yB6fjM1UUC0_001177/images/000024.jpg",
      "accident_id": 0,
      "accident_name": "normal",
      "objects": []
    },
    {
      "frame_id": 25,
      "image_path": "frames/yB6fjM1UUC0_001177/images/000025.jpg",
      "accident_id": 0,
      "accident_name": "normal",
      "objects": []
    },
    {
      "frame_id": 26,
      "image_path": "frames/yB6fjM1UUC0_001177/images/000026.jpg",
      "accident_id": 0,
      "accident_name": "normal",
      "objects": []
    },
    {
      "frame_id": 27,
      "image_path": "frames/yB6fjM1UUC0_001177/images/000027.jpg",
      "accident_id": 0,
      "accident_name": "normal",
      "objects": []
    },
    {
      "frame_id": 28,
      "image_path": "frames/yB6fjM1UUC0_001177/images/000028.jpg",
      "accident_id": 0,
      "accident_name": "normal",
      "objects": []
    },
    {
      "frame_id": 29,
      "image_path": "frames/yB6fjM1UUC0_001177/images/000029.jpg",
      "accident_id": 2,
      "accident_name": "moving_ahead_or_waiting",
      "objects": [
        {
          "obj_track_id": 0,
          "bbox": [
            711.8890814558058,
            220.86655112651644,
            733.102253032929,
            243.32755632582322
          ],
          "category": "car",
          "category ID": 3,
          "trunc": false
        },
        {
          "obj_track_id": 91,
          "bbox": [
            696.9150779896014,
            200.90121317157713,
            729.3587521663778,
            242.0797227036395
          ],
          "category": "bus",
          "category ID": 4,
          "trunc": false
        }
      ]
    },
    {
      "frame_id": 30,
      "image_path": "frames/yB6fjM1UUC0_001177/images/000030.jpg",
      "accident_id": 2,
      "accident_name": "moving_ahead_or_waiting",
      "objects": [
        {
          "obj_track_id": 0,
          "bbox": [
            711.8890814558058,
            218.68284228769497,
            736.0138648180242,
            243.32755632582322
          ],
          "category": "car",
          "category ID": 3,
          "trunc": false
        },
        {
          "obj_track_id": 91,
          "bbox": [
            695.6672443674177,
            200.90121317157713,
            729.3587521663778,
            242.4956672443674
          ],
          "category": "bus",
          "category ID": 4,
          "trunc": false
        }
      ]
    },
    {
      "frame_id": 31,
      "image_path": "frames/yB6fjM1UUC0_001177/images/000031.jpg",
      "accident_id": 2,
      "accident_name": "moving_ahead_or_waiting",
      "objects": [
        {
          "obj_track_id": 0,
          "bbox": [
            711.8890814558058,
            216.49913344887347,
            738.9254766031196,
            243.32755632582322
          ],
          "category": "car",
          "category ID": 3,
          "trunc": false
        },
        {
          "obj_track_id": 91,
          "bbox": [
            694.419410745234,
            200.90121317157713,
            729.3587521663778,
            242.91161178509532
          ],
          "category": "bus",
          "category ID": 4,
          "trunc": false
        }
      ]
    },
    {
      "frame_id": 32,
      "image_path": "frames/yB6fjM1UUC0_001177/images/000032.jpg",
      "accident_id": 2,
      "accident_name": "moving_ahead_or_waiting",
      "objects": [
        {
          "obj_track_id": 0,
          "bbox": [
            711.8890814558058,
            214.315424610052,
            741.8370883882149,
            243.32755632582322
          ],
          "category": "car",
          "category ID": 3,
          "trunc": false
        },
        {
          "obj_track_id": 91,
          "bbox": [
            693.1715771230503,
            200.90121317157713,
            729.3587521663778,
            243.32755632582322
          ],
          "category": "bus",
          "category ID": 4,
          "trunc": false
        }
      ]
    },
    {
      "frame_id": 33,
      "image_path": "frames/yB6fjM1UUC0_001177/images/000033.jpg",
      "accident_id": 2,
      "accident_name": "moving_ahead_or_waiting",
      "objects": [
        {
          "obj_track_id": 0,
          "bbox": [
            711.8890814558058,
            212.1317157712305,
            746.8284228769497,
            243.32755632582322
          ],
          "category": "car",
          "category ID": 3,
          "trunc": false
        },
        {
          "obj_track_id": 91,
          "bbox": [
            691.2998266897747,
            199.02946273830156,
            729.3587521663778,
            243.32755632582322
          ],
          "category": "bus",
          "category ID": 4,
          "trunc": false
        }
      ]
    },
    {
      "frame_id": 34,
      "image_path": "frames/yB6fjM1UUC0_001177/images/000034.jpg",
      "accident_id": 2,
      "accident_name": "moving_ahead_or_waiting",
      "objects": [
        {
          "obj_track_id": 0,
          "bbox": [
            711.8890814558058,
            209.0121317157712,
            753.0675909878682,
            243.3275563258232
          ],
          "category": "car",
          "category ID": 3,
          "trunc": false
        },
        {
          "obj_track_id": 91,
          "bbox": [
            689.4280762564991,
            197.157712305026,
            729.3587521663778,
            243.32755632582322
          ],
          "category": "bus",
          "category ID": 4,
          "trunc": false
        }
      ]
    },
    {
      "frame_id": 35,
      "image_path": "frames/yB6fjM1UUC0_001177/images/000035.jpg",
      "accident_id": 2,
      "accident_name": "moving_ahead_or_waiting",
      "objects": [
        {
          "obj_track_id": 0,
          "bbox": [
            711.8890814558058,
            205.89254766031195,
            759.3067590987868,
            243.32755632582322
          ],
          "category": "car",
          "category ID": 3,
          "trunc": false
        },
        {
          "obj_track_id": 91,
          "bbox": [
            688.1802426343154,
            195.90987868284228,
            727.4870017331023,
            243.32755632582322
          ],
          "category": "bus",
          "category ID": 4,
          "trunc": false
        }
      ]
    },
    {
      "frame_id": 36,
      "image_path": "frames/yB6fjM1UUC0_001177/images/000036.jpg",
      "accident_id": 2,
      "accident_name": "moving_ahead_or_waiting",
      "objects": [
        {
          "obj_track_id": 0,
          "bbox": [
            711.8890814558058,
            205.89254766031195,
            763.0502599653379,
            243.32755632582322
          ],
          "category": "car",
          "category ID": 3,
          "trunc": false
        },
        {
          "obj_track_id": 91,
          "bbox": [
            686.9324090121316,
            194.66204506065856,
            725.6152512998267,
            243.32755632582322
          ],
          "category": "bus",
          "category ID": 4,
          "trunc": false
        }
      ]
    },
    {
      "frame_id": 37,
      "image_path": "frames/yB6fjM1UUC0_001177/images/000037.jpg",
      "accident_id": 2,
      "accident_name": "moving_ahead_or_waiting",
      "objects": [
        {
          "obj_track_id": 0,
          "bbox": [
            716.2564991334489,
            208.38821490467936,
            769.2894280762565,
            243.32755632582322
          ],
          "category": "car",
          "category ID": 3,
          "trunc": false
        },
        {
          "obj_track_id": 91,
          "bbox": [
            686.9324090121316,
            194.66204506065856,
            724.367417677643,
            243.32755632582322
          ],
          "category": "bus",
          "category ID": 4,
          "trunc": false
        }
      ]
    },
    {
      "frame_id": 38,
      "image_path": "frames/yB6fjM1UUC0_001177/images/000038.jpg",
      "accident_id": 2,
      "accident_name": "moving_ahead_or_waiting",
      "objects": [
        {
          "obj_track_id": 0,
          "bbox": [
            720.6239168110918,
            210.88388214904677,
            775.528596187175,
            243.32755632582322
          ],
          "category": "car",
          "category ID": 3,
          "trunc": false
        },
        {
          "obj_track_id": 91,
          "bbox": [
            686.9324090121316,
            194.66204506065856,
            723.1195840554592,
            243.32755632582322
          ],
          "category": "bus",
          "category ID": 4,
          "trunc": false
        }
      ]
    },
    {
      "frame_id": 39,
      "image_path": "frames/yB6fjM1UUC0_001177/images/000039.jpg",
      "accident_id": 2,
      "accident_name": "moving_ahead_or_waiting",
      "objects": [
        {
          "obj_track_id": 0,
          "bbox": [
            720.6239168110918,
            215.87521663778162,
            778.0242634315424,
            247.07105719237433
          ],
          "category": "car",
          "category ID": 3,
          "trunc": false
        },
        {
          "obj_track_id": 91,
          "bbox": [
            686.5164644714038,
            194.24610051993065,
            723.5355285961871,
            243.95147313691507
          ],
          "category": "bus",
          "category ID": 4,
          "trunc": false
        }
      ]
    },
    {
      "frame_id": 40,
      "image_path": "frames/yB6fjM1UUC0_001177/images/000040.jpg",
      "accident_id": 2,
      "accident_name": "moving_ahead_or_waiting",
      "objects": [
        {
          "obj_track_id": 0,
          "bbox": [
            726.8630849220103,
            220.86655112651644,
            785.5112651646447,
            249.56672443674177
          ],
          "category": "car",
          "category ID": 3,
          "trunc": false
        },
        {
          "obj_track_id": 91,
          "bbox": [
            686.1005199306759,
            193.83015597920274,
            723.9514731369151,
            244.57538994800692
          ],
          "category": "bus",
          "category ID": 4,
          "trunc": false
        }
      ]
    },
    {
      "frame_id": 41,
      "image_path": "frames/yB6fjM1UUC0_001177/images/000041.jpg",
      "accident_id": 2,
      "accident_name": "moving_ahead_or_waiting",
      "objects": [
        {
          "obj_track_id": 0,
          "bbox": [
            730.6065857885615,
            219.61871750433272,
            788.630849220104,
            249.56672443674177
          ],
          "category": "car",
          "category ID": 3,
          "trunc": false
        },
        {
          "obj_track_id": 91,
          "bbox": [
            685.6845753899479,
            193.41421143847487,
            724.3674176776428,
            245.1993067590988
          ],
          "category": "bus",
          "category ID": 4,
          "trunc": false
        }
      ]
    },
    {
      "frame_id": 42,
      "image_path": "frames/yB6fjM1UUC0_001177/images/000042.jpg",
      "accident_id": 2,
      "accident_name": "moving_ahead_or_waiting",
      "objects": [
        {
          "obj_track_id": 0,
          "bbox": [
            734.3500866551126,
            218.37088388214903,
            791.7504332755632,
            249.56672443674177
          ],
          "category": "car",
          "category ID": 3,
          "trunc": false
        }
      ]
    },
    {
      "frame_id": 43,
      "image_path": "frames/yB6fjM1UUC0_001177/images/000043.jpg",
      "accident_id": 2,
      "accident_name": "moving_ahead_or_waiting",
      "objects": [
        {
          "obj_track_id": 0,
          "bbox": [
            734.3500866551126,
            217.74696707105718,
            795.4939341421143,
            249.56672443674177
          ],
          "category": "car",
          "category ID": 3,
          "trunc": false
        }
      ]
    },
    {
      "frame_id": 44,
      "image_path": "frames/yB6fjM1UUC0_001177/images/000044.jpg",
      "accident_id": 2,
      "accident_name": "moving_ahead_or_waiting",
      "objects": [
        {
          "obj_track_id": 0,
          "bbox": [
            734.3500866551126,
            217.12305025996534,
            799.2374350086654,
            249.56672443674177
          ],
          "category": "car",
          "category ID": 3,
          "trunc": false
        }
      ]
    },
    {
      "frame_id": 45,
      "image_path": "frames/yB6fjM1UUC0_001177/images/000045.jpg",
      "accident_id": 2,
      "accident_name": "moving_ahead_or_waiting",
      "objects": [
        {
          "obj_track_id": 0,
          "bbox": [
            738.0935875216637,
            218.9948006932409,
            804.2287694974002,
            251.43847487001733
          ],
          "category": "car",
          "category ID": 3,
          "trunc": false
        }
      ]
    },
    {
      "frame_id": 46,
      "image_path": "frames/yB6fjM1UUC0_001177/images/000046.jpg",
      "accident_id": 2,
      "accident_name": "moving_ahead_or_waiting",
      "objects": [
        {
          "obj_track_id": 0,
          "bbox": [
            741.8370883882149,
            220.86655112651644,
            809.2201039861351,
            253.3102253032929
          ],
          "category": "car",
          "category ID": 3,
          "trunc": false
        }
      ]
    },
    {
      "frame_id": 47,
      "image_path": "frames/yB6fjM1UUC0_001177/images/000047.jpg",
      "accident_id": 2,
      "accident_name": "moving_ahead_or_waiting",
      "objects": [
        {
          "obj_track_id": 0,
          "bbox": [
            744.1247833622183,
            220.2426343154246,
            813.795493934142,
            253.3102253032929
          ],
          "category": "car",
          "category ID": 3,
          "trunc": false
        }
      ]
    },
    {
      "frame_id": 48,
      "image_path": "frames/yB6fjM1UUC0_001177/images/000048.jpg",
      "accident_id": 2,
      "accident_name": "moving_ahead_or_waiting",
      "objects": [
        {
          "obj_track_id": 0,
          "bbox": [
            746.4124783362217,
            219.61871750433275,
            818.370883882149,
            253.3102253032929
          ],
          "category": "car",
          "category ID": 3,
          "trunc": false
        }
      ]
    },
    {
      "frame_id": 49,
      "image_path": "frames/yB6fjM1UUC0_001177/images/000049.jpg",
      "accident_id": 0,
      "accident_name": "normal",
      "objects": []
    },
    {
      "frame_id": 50,
      "image_path": "frames/yB6fjM1UUC0_001177/images/000050.jpg",
      "accident_id": 0,
      "accident_name": "normal",
      "objects": []
    },
    {
      "frame_id": 51,
      "image_path": "frames/yB6fjM1UUC0_001177/images/000051.jpg",
      "accident_id": 0,
      "accident_name": "normal",
      "objects": []
    },
    {
      "frame_id": 52,
      "image_path": "frames/yB6fjM1UUC0_001177/images/000052.jpg",
      "accident_id": 0,
      "accident_name": "normal",
      "objects": []
    },
    {
      "frame_id": 53,
      "image_path": "frames/yB6fjM1UUC0_001177/images/000053.jpg",
      "accident_id": 0,
      "accident_name": "normal",
      "objects": []
    },
    {
      "frame_id": 54,
      "image_path": "frames/yB6fjM1UUC0_001177/images/000054.jpg",
      "accident_id": 0,
      "accident_name": "normal",
      "objects": []
    },
    {
      "frame_id": 55,
      "image_path": "frames/yB6fjM1UUC0_001177/images/000055.jpg",
      "accident_id": 0,
      "accident_name": "normal",
      "objects": []
    },
    {
      "frame_id": 56,
      "image_path": "frames/yB6fjM1UUC0_001177/images/000056.jpg",
      "accident_id": 0,
      "accident_name": "normal",
      "objects": []
    },
    {
      "frame_id": 57,
      "image_path": "frames/yB6fjM1UUC0_001177/images/000057.jpg",
      "accident_id": 0,
      "accident_name": "normal",
      "objects": []
    },
    {
      "frame_id": 58,
      "image_path": "frames/yB6fjM1UUC0_001177/images/000058.jpg",
      "accident_id": 0,
      "accident_name": "normal",
      "objects": []
    },
    {
      "frame_id": 59,
      "image_path": "frames/yB6fjM1UUC0_001177/images/000059.jpg",
      "accident_id": 0,
      "accident_name": "normal",
      "objects": []
    },
    {
      "frame_id": 60,
      "image_path": "frames/yB6fjM1UUC0_001177/images/000060.jpg",
      "accident_id": 0,
      "accident_name": "normal",
      "objects": []
    },
    {
      "frame_id": 61,
      "image_path": "frames/yB6fjM1UUC0_001177/images/000061.jpg",
      "accident_id": 0,
      "accident_name": "normal",
      "objects": []
    },
    {
      "frame_id": 62,
      "image_path": "frames/yB6fjM1UUC0_001177/images/000062.jpg",
      "accident_id": 0,
      "accident_name": "normal",
      "objects": []
    },
    {
      "frame_id": 63,
      "image_path": "frames/yB6fjM1UUC0_001177/images/000063.jpg",
      "accident_id": 0,
      "accident_name": "normal",
      "objects": []
    },
    {
      "frame_id": 64,
      "image_path": "frames/yB6fjM1UUC0_001177/images/000064.jpg",
      "accident_id": 0,
      "accident_name": "normal",
      "objects": []
    },
    {
      "frame_id": 65,
      "image_path": "frames/yB6fjM1UUC0_001177/images/000065.jpg",
      "accident_id": 0,
      "accident_name": "normal",
      "objects": []
    },
    {
      "frame_id": 66,
      "image_path": "frames/yB6fjM1UUC0_001177/images/000066.jpg",
      "accident_id": 0,
      "accident_name": "normal",
      "objects": []
    },
    {
      "frame_id": 67,
      "image_path": "frames/yB6fjM1UUC0_001177/images/000067.jpg",
      "accident_id": 0,
      "accident_name": "normal",
      "objects": []
    },
    {
      "frame_id": 68,
      "image_path": "frames/yB6fjM1UUC0_001177/images/000068.jpg",
      "accident_id": 0,
      "accident_name": "normal",
      "objects": []
    },
    {
      "frame_id": 69,
      "image_path": "frames/yB6fjM1UUC0_001177/images/000069.jpg",
      "accident_id": 0,
      "accident_name": "normal",
      "objects": []
    },
    {
      "frame_id": 70,
      "image_path": "frames/yB6fjM1UUC0_001177/images/000070.jpg",
      "accident_id": 0,
      "accident_name": "normal",
      "objects": []
    },
    {
      "frame_id": 71,
      "image_path": "frames/yB6fjM1UUC0_001177/images/000071.jpg",
      "accident_id": 0,
      "accident_name": "normal",
      "objects": []
    },
    {
      "frame_id": 72,
      "image_path": "frames/yB6fjM1UUC0_001177/images/000072.jpg",
      "accident_id": 0,
      "accident_name": "normal",
      "objects": []
    },
    {
      "frame_id": 73,
      "image_path": "frames/yB6fjM1UUC0_001177/images/000073.jpg",
      "accident_id": 0,
      "accident_name": "normal",
      "objects": []
    },
    {
      "frame_id": 74,
      "image_path": "frames/yB6fjM1UUC0_001177/images/000074.jpg",
      "accident_id": 0,
      "accident_name": "normal",
      "objects": []
    },
    {
      "frame_id": 75,
      "image_path": "frames/yB6fjM1UUC0_001177/images/000075.jpg",
      "accident_id": 0,
      "accident_name": "normal",
      "objects": []
    },
    {
      "frame_id": 76,
      "image_path": "frames/yB6fjM1UUC0_001177/images/000076.jpg",
      "accident_id": 0,
      "accident_name": "normal",
      "objects": []
    },
    {
      "frame_id": 77,
      "image_path": "frames/yB6fjM1UUC0_001177/images/000077.jpg",
      "accident_id": 0,
      "accident_name": "normal",
      "objects": []
    },
    {
      "frame_id": 78,
      "image_path": "frames/yB6fjM1UUC0_001177/images/000078.jpg",
      "accident_id": 0,
      "accident_name": "normal",
      "objects": []
    },
    {
      "frame_id": 79,
      "image_path": "frames/yB6fjM1UUC0_001177/images/000079.jpg",
      "accident_id": 0,
      "accident_name": "normal",
      "objects": []
    },
    {
      "frame_id": 80,
      "image_path": "frames/yB6fjM1UUC0_001177/images/000080.jpg",
      "accident_id": 0,
      "accident_name": "normal",
      "objects": []
    },
    {
      "frame_id": 81,
      "image_path": "frames/yB6fjM1UUC0_001177/images/000081.jpg",
      "accident_id": 0,
      "accident_name": "normal",
      "objects": []
    },
    {
      "frame_id": 82,
      "image_path": "frames/yB6fjM1UUC0_001177/images/000082.jpg",
      "accident_id": 0,
      "accident_name": "normal",
      "objects": []
    },
    {
      "frame_id": 83,
      "image_path": "frames/yB6fjM1UUC0_001177/images/000083.jpg",
      "accident_id": 0,
      "accident_name": "normal",
      "objects": []
    },
    {
      "frame_id": 84,
      "image_path": "frames/yB6fjM1UUC0_001177/images/000084.jpg",
      "accident_id": 0,
      "accident_name": "normal",
      "objects": []
    },
    {
      "frame_id": 85,
      "image_path": "frames/yB6fjM1UUC0_001177/images/000085.jpg",
      "accident_id": 0,
      "accident_name": "normal",
      "objects": []
    },
    {
      "frame_id": 86,
      "image_path": "frames/yB6fjM1UUC0_001177/images/000086.jpg",
      "accident_id": 0,
      "accident_name": "normal",
      "objects": []
    },
    {
      "frame_id": 87,
      "image_path": "frames/yB6fjM1UUC0_001177/images/000087.jpg",
      "accident_id": 0,
      "accident_name": "normal",
      "objects": []
    },
    {
      "frame_id": 88,
      "image_path": "frames/yB6fjM1UUC0_001177/images/000088.jpg",
      "accident_id": 0,
      "accident_name": "normal",
      "objects": []
    },
    {
      "frame_id": 89,
      "image_path": "frames/yB6fjM1UUC0_001177/images/000089.jpg",
      "accident_id": 0,
      "accident_name": "normal",
      "objects": []
    },
    {
      "frame_id": 90,
      "image_path": "frames/yB6fjM1UUC0_001177/images/000090.jpg",
      "accident_id": 0,
      "accident_name": "normal",
      "objects": []
    },
    {
      "frame_id": 91,
      "image_path": "frames/yB6fjM1UUC0_001177/images/000091.jpg",
      "accident_id": 0,
      "accident_name": "normal",
      "objects": []
    },
    {
      "frame_id": 92,
      "image_path": "frames/yB6fjM1UUC0_001177/images/000092.jpg",
      "accident_id": 0,
      "accident_name": "normal",
      "objects": []
    },
    {
      "frame_id": 93,
      "image_path": "frames/yB6fjM1UUC0_001177/images/000093.jpg",
      "accident_id": 0,
      "accident_name": "normal",
      "objects": []
    },
    {
      "frame_id": 94,
      "image_path": "frames/yB6fjM1UUC0_001177/images/000094.jpg",
      "accident_id": 0,
      "accident_name": "normal",
      "objects": []
    },
    {
      "frame_id": 95,
      "image_path": "frames/yB6fjM1UUC0_001177/images/000095.jpg",
      "accident_id": 0,
      "accident_name": "normal",
      "objects": []
    },
    {
      "frame_id": 96,
      "image_path": "frames/yB6fjM1UUC0_001177/images/000096.jpg",
      "accident_id": 0,
      "accident_name": "normal",
      "objects": []
    },
    {
      "frame_id": 97,
      "image_path": "frames/yB6fjM1UUC0_001177/images/000097.jpg",
      "accident_id": 0,
      "accident_name": "normal",
      "objects": []
    },
    {
      "frame_id": 98,
      "image_path": "frames/yB6fjM1UUC0_001177/images/000098.jpg",
      "accident_id": 0,
      "accident_name": "normal",
      "objects": []
    },
    {
      "frame_id": 99,
      "image_path": "frames/yB6fjM1UUC0_001177/images/000099.jpg",
      "accident_id": 0,
      "accident_name": "normal",
      "objects": []
    },
    {
      "frame_id": 100,
      "image_path": "frames/yB6fjM1UUC0_001177/images/000100.jpg",
      "accident_id": 0,
      "accident_name": "normal",
      "objects": []
    },
    {
      "frame_id": 101,
      "image_path": "frames/yB6fjM1UUC0_001177/images/000101.jpg",
      "accident_id": 0,
      "accident_name": "normal",
      "objects": []
    },
    {
      "frame_id": 102,
      "image_path": "frames/yB6fjM1UUC0_001177/images/000102.jpg",
      "accident_id": 0,
      "accident_name": "normal",
      "objects": []
    },
    {
      "frame_id": 103,
      "image_path": "frames/yB6fjM1UUC0_001177/images/000103.jpg",
      "accident_id": 0,
      "accident_name": "normal",
      "objects": []
    },
    {
      "frame_id": 104,
      "image_path": "frames/yB6fjM1UUC0_001177/images/000104.jpg",
      "accident_id": 0,
      "accident_name": "normal",
      "objects": []
    },
    {
      "frame_id": 105,
      "image_path": "frames/yB6fjM1UUC0_001177/images/000105.jpg",
      "accident_id": 0,
      "accident_name": "normal",
      "objects": []
    },
    {
      "frame_id": 106,
      "image_path": "frames/yB6fjM1UUC0_001177/images/000106.jpg",
      "accident_id": 0,
      "accident_name": "normal",
      "objects": []
    },
    {
      "frame_id": 107,
      "image_path": "frames/yB6fjM1UUC0_001177/images/000107.jpg",
      "accident_id": 0,
      "accident_name": "normal",
      "objects": []
    },
    {
      "frame_id": 108,
      "image_path": "frames/yB6fjM1UUC0_001177/images/000108.jpg",
      "accident_id": 0,
      "accident_name": "normal",
      "objects": []
    },
    {
      "frame_id": 109,
      "image_path": "frames/yB6fjM1UUC0_001177/images/000109.jpg",
      "accident_id": 0,
      "accident_name": "normal",
      "objects": []
    },
    {
      "frame_id": 110,
      "image_path": "frames/yB6fjM1UUC0_001177/images/000110.jpg",
      "accident_id": 0,
      "accident_name": "normal",
      "objects": []
    },
    {
      "frame_id": 111,
      "image_path": "frames/yB6fjM1UUC0_001177/images/000111.jpg",
      "accident_id": 0,
      "accident_name": "normal",
      "objects": []
    },
    {
      "frame_id": 112,
      "image_path": "frames/yB6fjM1UUC0_001177/images/000112.jpg",
      "accident_id": 0,
      "accident_name": "normal",
      "objects": []
    },
    {
      "frame_id": 113,
      "image_path": "frames/yB6fjM1UUC0_001177/images/000113.jpg",
      "accident_id": 0,
      "accident_name": "normal",
      "objects": []
    },
    {
      "frame_id": 114,
      "image_path": "frames/yB6fjM1UUC0_001177/images/000114.jpg",
      "accident_id": 0,
      "accident_name": "normal",
      "objects": []
    },
    {
      "frame_id": 115,
      "image_path": "frames/yB6fjM1UUC0_001177/images/000115.jpg",
      "accident_id": 0,
      "accident_name": "normal",
      "objects": []
    },
    {
      "frame_id": 116,
      "image_path": "frames/yB6fjM1UUC0_001177/images/000116.jpg",
      "accident_id": 0,
      "accident_name": "normal",
      "objects": []
    },
    {
      "frame_id": 117,
      "image_path": "frames/yB6fjM1UUC0_001177/images/000117.jpg",
      "accident_id": 0,
      "accident_name": "normal",
      "objects": []
    },
    {
      "frame_id": 118,
      "image_path": "frames/yB6fjM1UUC0_001177/images/000118.jpg",
      "accident_id": 0,
      "accident_name": "normal",
      "objects": []
    }
  ]
}